#	SYM	#
%:iin	NOUN	%
%:lla	NOUN	%
%:n	NOUN	%
%:sta	NOUN	%
'omenakatu'a	NOUN	omenakatu
-ajattelu	NOUN	ajattelu
-alalajin	NOUN	ala#laji
-albumi	NOUN	albumi
-albumilla	NOUN	albumi
-albumin	NOUN	albumi
-aluksessa	NOUN	alus
-alukset	NOUN	alus
-asetelmassa	NOUN	asetelma
-asetusehdotuksen	NOUN	asetus#ehdotus
-autossa	NOUN	auto
-baltsut	NOUN	baltsu
-bileitä	NOUN	bileet
-dinosaurus	NOUN	dinosaurus
-ehdokkuuden	NOUN	ehdokkuus
-elokuva	NOUN	elo#kuva
-ennätys	NOUN	ennätys
-ep:llä	NOUN	EP
-erikoistyötapahtuma	NOUN	erikois#työ#tapahtuma
-gaalassa	NOUN	gaala
-hallinto	NOUN	hallinto
-hankehaun	NOUN	hanke#haku
-hankehaussa	NOUN	hanke#haku
-henkisellä	ADJ	henkinen
-huonekalutavaratalo	NOUN	huone#kalu#tavara#talo
-hyvinvointihenkilön	NOUN	hyvin#vointi#henkilö
-ilmiön	NOUN	ilmiö
-indeksi	NOUN	indeksi
-intensiivikurssia	NOUN	intensiivi#kurssi
-jaottelu	NOUN	jaottelu
-jaottelua	NOUN	jaottelu
-järjestelyt	NOUN	järjestely
-järjestön	NOUN	järjestö
-kaksiosta	NOUN	kaksio
-kanavalla	NOUN	kanava
-kappaleen	NOUN	kappale
-kappaletta	NOUN	kappale
-kassien	NOUN	kassi
-kierroksella	NOUN	kierros
-kiertuettaan	NOUN	kiertue
-kirjasarjan	NOUN	kirja#sarja
-kirjoista	NOUN	kirja
-kivennäisjuomia	NOUN	kivennäis#juoma
-klassikon	NOUN	klassikko
-kokoinen	ADJ	kokoinen
-kommunikaation	NOUN	kommunikaatio
-konsepti	NOUN	konsepti
-koripallojoukkueen	NOUN	kori#pallo#joukkue
-kotirouva	NOUN	koti#rouva
-kulttuurin	NOUN	kulttuuri
-kuningaskunta	NOUN	kuningas#kunta
-kuvissa	NOUN	kuva
-lasten	NOUN	lapsi
-lausunto	NOUN	lausunto
-lehden	NOUN	lehti
-lehdestä	NOUN	lehti
-lehti	NOUN	lehti
-lentokoneen	NOUN	lento#kone
-lentoyhtiö	NOUN	lento#yhtiö
-lentoyhtiöllä	NOUN	lento#yhtiö
-levy-yhtiölle	NOUN	levy#yhtiö
-levyllään	NOUN	levy
-lisenssillä	NOUN	lisenssi
-lisäosaa	NOUN	lisä#osa
-litrainen	ADJ	litrainen
-litran	NOUN	litra
-luokan	NOUN	luokka
-luonteista	ADJ	luonteinen
-lähestymistavan	NOUN	lähestymis#tapa
-lääkenimellä	NOUN	lääke#nimi
-malleista	NOUN	malli
-malli	NOUN	malli
-mentaliteetilla	NOUN	mentaliteetti
-merkkistä	ADJ	merkkinen
-mitali	NOUN	mitali
-moottori	NOUN	moottori
-mukavuutta	NOUN	mukavuus
-musiikkiin	NOUN	musiikki
-n-pääte	NOUN	-n#pääte
-nimellä	NOUN	nimi
-nimen	NOUN	nimi
-niminen	ADJ	niminen
-nimisen	ADJ	niminen
-nimitykseen	NOUN	nimitys
-näppäimesta	NOUN	näppäin
-näppäimestä	NOUN	näppäin
-odotuksista	NOUN	odotus
-ohjelmissa	NOUN	ohjelma
-oikeudenkäynti	NOUN	oikeuden#käynti
-opastuskierros	NOUN	opastus#kierros
-oppaan	NOUN	opas
-osastolle	NOUN	osasto
-osto	NOUN	osto
-palkinnolla	NOUN	palkinto
-palkinnon	NOUN	palkinto
-palkinto	NOUN	palkinto
-parametria	NOUN	parametri
-parikilpailut	NOUN	pari#kilpailu
-patsaskävely	NOUN	patsas#kävely
-peleissä	NOUN	peli
-pelien	NOUN	peli
-pelisarjasta	NOUN	peli#sarja
-periaatteen	NOUN	periaate
-pistooli	NOUN	pistooli
-pohjalevyyn	NOUN	pohja#levy
-polkupyörälläni	NOUN	polku#pyörä
-popmusiikkiduo	NOUN	pop#musiikki#duo
-populaation	NOUN	populaatio
-puolueen	NOUN	puolue
-rekrytointitapahtuma	NOUN	rekrytointi#tapahtuma
-ryhmän	NOUN	ryhmä
-rynnäkkötykin	NOUN	rynnäkkö#tykki
-saarella	NOUN	saari
-sarja	NOUN	sarja
-sarjan	NOUN	sarja
-sarjassa	NOUN	sarja
-sarjoissa	NOUN	sarja
-seurantapalvelin	NOUN	seuranta#palvelin
-sijoituspäällikkö	NOUN	sijoitus#päällikkö
-sisältöiseen	ADJ	sisältöinen
-sooloalbumin	NOUN	soolo#albumi
-sopimuksen	NOUN	sopimus
-sopimuksilla	NOUN	sopimus
-sossupummit	NOUN	-#sossu#pummi
-sotaharjoitukseen	NOUN	sota#harjoitus
-standardin	NOUN	standardi
-stipendi	NOUN	stipendi
-symposiumin	NOUN	symposiumi
-säveltäjä	NOUN	säveltäjä
-tapahtuma	NOUN	tapahtuma
-tapahtuman	NOUN	tapahtuma
-tapahtumassa	NOUN	tapahtuma
-tarrat	NOUN	tarra
-tavaramerkin	NOUN	tavara#merkki
-tavat	NOUN	tapa
-teemailtapäivän	NOUN	teema#ilta#päivä
-tekniikalla	NOUN	tekniikka
-teoksessa	NOUN	teos
-tiellä	NOUN	tie
-tietokonepeliä	NOUN	tieto#kone#peli
-tileille	NOUN	tili
-toiminnot	NOUN	toiminto
-turnauksessa	NOUN	turnaus
-turnaussarjassa	NOUN	turnaus#sarja
-tutkielman	NOUN	tutkielma
-tutkimuksesta	NOUN	tutkimus
-tuulet	NOUN	tuuli
-tyyppi	NOUN	tyyppi
-tyyppinen	ADJ	tyyppinen
-universumissa	NOUN	universumi
-vaiheen	NOUN	vaihe
-vaiheeseen	NOUN	vaihe
-valtion	NOUN	valtio
-vedosta	NOUN	veto
-vekkulia	NOUN	vekkuli
-velat	NOUN	velka
-veneistä	NOUN	vene
-verkkosivuston	NOUN	verkko#sivusto
-viikon	NOUN	viikko
-voimalaitoksen	NOUN	voima#laitos
-vuotiaat	ADJ	vuotias
-yhdistys	NOUN	yhdistys
-yhtiön	NOUN	yhtiö
-yhtye	NOUN	yhtye
-yhtyeen	NOUN	yhtye
-yhtyeensä	NOUN	yhtye
-yksikössä	NOUN	yksikkö
-yrityksen	NOUN	yritys
-äänestäjät	NOUN	äänestäjä
1,5-sivuisen	ADJ	1,5#sivuinen
1-divisioonaa	NOUN	1#divisioona
1-vuotiaana	ADJ	1#vuotias
1.0-litraista	ADJ	1.0#litrainen
1.2-litraiset	ADJ	1.2#litrainen
1.2-litraista	ADJ	1.2#litrainen
1.3-litrainen	ADJ	1.3#litrainen
100-vuotias	ADJ	100#vuotias
1000-luvulle	NOUN	1000#luku
1000-luvulta	NOUN	1000#luku
101:sta	NUM	101
1050-luvulla	NOUN	1050#luku
11-kertainen	ADJ	11#kertainen
11.krenatöörirykmentin	NOUN	krenatööri#rykmentti
12-senttisissä	ADJ	12#senttinen
12-tuntisiksi	ADJ	12#tuntinen
13-vuotias	ADJ	13#vuotias
1300-luvulta	NOUN	1300#luku
1300–1700-luvulla	NOUN	1300#1700#luku
1330:een	NUM	1330
135/02	X	_
13:n	NUM	13
14-karaatin	NOUN	14#karaatti
1400-luvulta	NOUN	1400#luku
14:sta	NUM	14
15-74-vuotiaan	ADJ	15#74#vuotias
15-vuotias	ADJ	15#vuotias
1500-luvun	NOUN	1500#luku
1550-luvulla	NOUN	1550#luku
16-vuotiaan	ADJ	16#vuotias
16-vuotiasta	ADJ	16#vuotias
1600-lukua	NOUN	1600#luku
1600-luvulla	NOUN	1600#luku
1600-luvulta	NOUN	1600#luku
165-paikkainen	ADJ	165#paikkainen
1650-luvulla	NOUN	1650#luku
17-vuotiaana	ADJ	17#vuotias
17-vuotiaana	NOUN	17#vuotias
17-vuotias	ADJ	17#vuotias
1700-luvulta	NOUN	1700#luku
1700-luvun	NOUN	1700#luku
18-vuotiaan	ADJ	18#vuotias
18-vuotiaana	ADJ	18#vuotias
18-vuotiaiden	ADJ	18#vuotias
18-vuotiaille	NOUN	18#vuotias
18-vuotias	ADJ	18#vuotias
1800-lukua	NOUN	1800#luku
1800-luvulla	NOUN	1800#luku
1800-luvulle	NOUN	1800#luku
1800-luvun	NOUN	1800#luku
1810-luvulla	NOUN	1810#luku
1840-luvulla	NOUN	1840#luku
1860-luvulle	NOUN	1860#luku
19-vuotiaan	ADJ	19#vuotias
19-vuotias	ADJ	19#vuotias
1900-luvulla	NOUN	1900#luku
1900-luvun	NOUN	1900#luku
1910-luvun	NOUN	1910#luku
1920-luvulta	NOUN	1920#luku
1920-luvun	NOUN	1920#luku
1930-lukua	NOUN	1930#luku
1930-luvulta	NOUN	1930#luku
1950-luvulla	NOUN	1950#luku
1950-luvulta	NOUN	1950#luku
1960-luvulla	NOUN	1960#luku
1960-luvun	NOUN	1960#luku
1970-luvulla	NOUN	1970#luku
1970-luvun	NOUN	1970#luku
1980-luvuilla	NOUN	1980#luku
1980-luvulla	NOUN	1980#luku
1980-luvun	NOUN	1980#luku
1990-luvuilla	NOUN	1990#luku
1990-luvulla	NOUN	1990#luku
1990-luvun	NOUN	1990#luku
1:sen	PROPN	1
1:ssä	NUM	1
2,5-kertaisen	ADJ	2,5#kertainen
2-kertainen	ADJ	2#kertainen
20-vuotiaan	ADJ	20#vuotias
20-vuotias	NOUN	20#vuotias
200-luku	NOUN	200#luku
2000-lukujen	NOUN	2000#luku
2000-luvulla	NOUN	2000#luku
2000-luvun	NOUN	2000#luku
2020-luvuilla	NOUN	2020#luku
21-vuotiaana	ADJ	21#vuotias
21-vuotiaana	NOUN	21#vuotias
21-vuotiaat	ADJ	21#vuotias
22:ta	NUM	22
23-vuotiaasta	NOUN	23#vuotias
25-vuotiaan	ADJ	25#vuotias
25:ttä	ADJ	25
26-vuotias	ADJ	26#vuotias
2:sen	PROPN	2
3-vuotiaana	ADJ	3#vuotias
30-65-vuotiaita	NOUN	30#65#vuotias
30-vuotiaana	ADJ	30#vuotias
30-vuotisjuhlaseminaarissa	NOUN	30#vuotis#juhla#seminaari
300c:n	PROPN	300C
300–800-luvuilla	NOUN	300#800#luku
30:n	NUM	30
30:ssä	NUM	30
31:stä	NUM	31
32:sta	NUM	32
33-vuotias	ADJ	33#vuotias
37:ssä	NUM	37
3d-tulostimiin	NOUN	3D#tulostin
3g:n	NOUN	3G
4-vuotiaille	ADJ	4#vuotias
40-sivuinen	ADJ	40#sivuinen
4004:n	NUM	4004
42:een	NUM	42
44-vuotiasta	ADJ	44#vuotias
44:ään	NUM	44
45-vuotiaana	NOUN	45#vuotias
45-vuotias	ADJ	45#vuotias
4:stä	NUM	4
4cast-konsulttiyhtiön	NOUN	4Cast#konsultti#yhtiö
5-sivuisen	NOUN	5#sivuinen
50,4:ään	NUM	50,4
50-vuotisjuhliaan	NOUN	50#vuotis#juhla
50:n	NUM	50
50:tä	NUM	50
52-vuotias	ADJ	52#vuotias
54-vuotias	ADJ	54#vuotias
55-vuotiaita	ADJ	55#vuotias
581:ltä	NUM	581
5wpr:stä	PROPN	5WPR
6 000:	NUM	6 000
60-luvulla	NOUN	60#luku
60-vuotias	ADJ	60#vuotias
60-vuotispäivää	NOUN	60#vuotis#päivä
65:nteen	ADJ	65
6:een	NUM	6
7-vuotiaana	NOUN	7#vuotias
70-luvun	NOUN	70#luku
700-luvulla	NOUN	700#luku
7:ään	NUM	7
7−10-vuotiaille	ADJ	7−10#vuotias
80-prosenttisesti	ADV	80#prosenttisesti
800-luvun	NOUN	800#luku
85-vuotias	ADJ	85#vuotias
87-vuotias	ADJ	87#vuotias
90-luvun	NOUN	90#luku
900 000:een	NUM	900 000
96-tilavuusprosenttista	ADJ	96#tilavuus#prosenttinen
98,5-prosenttisesti	ADV	98,5#prosenttisesti
a-ha	INTJ	A#ha
a-junioreissa	NOUN	A#juniori
a-maaottelussa	NOUN	A#maa#ottelu
a-osake	NOUN	A#osake
a1-valtatien	NOUN	A1#valta#tie
a:n	NOUN	A
a:ta	NOUN	A
aaa-kerho	NOUN	AAA#kerho
aaa-kerhoon	NOUN	AAA#kerho
aaa-luokituksen	NOUN	AAA#luokitus
aaa-luokitus	NOUN	AAA#luokitus
aaa:n	NOUN	AAA
aakkoset	NOUN	aakkonen
aakkoston	NOUN	aakkosto
aalesundin	PROPN	Aalesund
aallon	PROPN	Aalto
aallot	NOUN	aalto
aaloissa	NOUN	aalto
aaltoliikkeen	NOUN	aalto#liike
aamiaisen	NOUN	aamiainen
aamiaiset	NOUN	aamiainen
aamu-	NOUN	aamu
aamu-tv:ssä	NOUN	Aamu-tv
aamu-tv:ssä	PROPN	Aamu-Tv
aamua	NOUN	aamu
aamubussissa	NOUN	aamu#bussi
aamukasiin	NOUN	aamu#kasi
aamukasteen	NOUN	aamu#kaste
aamuksi	NOUN	aamu
aamulehden	PROPN	Aamulehti
aamulla	NOUN	aamu
aamun	NOUN	aamu
aamuna	NOUN	aamu
aamunaamasi	NOUN	aamu#naama
aamupalalla	NOUN	aamu#pala
aamupalan	NOUN	aamu#pala
aamupostia	NOUN	aamu#posti
aamupäivällä	NOUN	aamu#päivä
aamupäivänä	NOUN	aamu#päivä
aamusäteiden	NOUN	aamu#säde
aamuun	NOUN	aamu
aamuviideltä	NUM	aamu#viisi
aamuyöhön	NOUN	aamu#yö
aamuyöllä	NOUN	aamu#yö
aamuyöstä	NOUN	aamu#yö
aarnion	PROPN	Aarnio
aarteet	NOUN	aarre
aarteiden	NOUN	aarre
aasian	PROPN	Aasia
aasiassa	PROPN	Aasia
aasiassakin	PROPN	Aasia
aasiasta	PROPN	Aasia
aasien	NOUN	aasi
aataminasussa	NOUN	aatami#asu
aateliset	NOUN	aatelinen
aatelisperheet	NOUN	aatelis#perhe
aateliston	NOUN	aatelisto
aatelistosta	NOUN	aatelisto
aatetta	NOUN	aate
aatonaattona	NOUN	aaton#aatto
aatteelliseksi	ADJ	aatteellinen
aatteellisilla	ADJ	aatteellinen
aavikolle	NOUN	aavikko
aavista	VERB	aavistaa
aavistustakaan	NOUN	aavistus
ab:n	PROPN	AB
abbazian	PROPN	Abbazia
abc:lle	NOUN	ABC
abebaan	PROPN	Abeba
abebassa	PROPN	Abeba
abi-päivä	NOUN	ABI#päivä
abi-päivän	NOUN	ABI#päivä
abien	NOUN	abi
abin	NOUN	abi
abit	NOUN	abi
abiturienteista	NOUN	abiturientti
abiturientit	NOUN	abiturientti
aboriginaalien	NOUN	aboriginaali
aboriginaalit	NOUN	aboriginaali
absurdia	ADJ	absurdi
accenturelaisilla	NOUN	accenturelainen
accenturelaisten	NOUN	accenturelainen
accenturella	PROPN	Accenture
accenturelta	PROPN	Accenture
accenturen	PROPN	Accenture
accenturessa	PROPN	Accenture
acetosellan	PROPN	acetosella
acilisenen	PROPN	Acilisen
adarnasen	PROPN	Adarnas
adderleyn	PROPN	Adderley
addressiin	NOUN	adressi
adenauerin	PROPN	Adenauer
adingdonin	PROPN	Adingdon
adp:n	PROPN	ADP
adresseja	NOUN	adressi
adrianmerellä	PROPN	Adrianmeri
ads:n	PROPN	ADS
adventuren	PROPN	Adventure
aegee-turun	PROPN	AEGEE-Turku
aegee:n	PROPN	AEGEE
aeraj	NOUN	aita
aerobic-housut	NOUN	aerobic#housut
aerobiologian	NOUN	aero#biologia
aerodynaamisella	ADJ	aerodynaaminen
aerodynamiikan	NOUN	aerodynamiikka
aeromolvia	PROPN	Aeromolv
afganistanin	PROPN	Afganistan
afganistanissa	PROPN	Afganistan
afrikan	PROPN	Afrikka
afrikassa	PROPN	Afrikka
afrikasta	PROPN	Afrikka
agenttina	NOUN	agentti
agf:n	PROPN	AGF
agf:ssä	PROPN	AGF
agglutinoiviksi	ADJ	agglutinoiva
aggressiiviselta	ADJ	aggressiivinen
aggressiivisimman	ADJ	aggressiivinen
aggressiivisin	ADJ	aggressiivinen
aggressiivisuutta	NOUN	aggressiivisuus
aggressiota	NOUN	aggressio
agilaa	PROPN	Agila
agilan	PROPN	Agila
agilasta	PROPN	Agila
agnesille	PROPN	Agnes
agnesin	PROPN	Agnes
agricolan	PROPN	Agricola
ahdasmieliseen	ADJ	ahdas#mielinen
ahdinkoon	NOUN	ahdinko
ahdistavilta	ADJ	ahdistava
ahdisti	VERB	ahdistaa
ahdistuksemme	NOUN	ahdistus
ahdistuneisuutta	NOUN	ahdistuneisuus
ahdistusta	NOUN	ahdistus
aherrusta	NOUN	aherrus
ahervon	PROPN	Ahervo
ahkeraan	ADJ	ahkera
ahkerammin	ADV	ahkerasti
ahkeroitu	VERB	ahkeroida
ahmivat	VERB	ahmia
ahneutta	NOUN	ahneus
aholan	PROPN	Ahola
ahon	PROPN	Aho
ahtaita	ADJ	ahdas
ahtautui	VERB	ahtautua
ahtautumaan	VERB	ahtautua
ahteria	NOUN	ahteri
ahterin	NOUN	ahteri
ahterinsa	NOUN	ahteri
ahtisaaren	PROPN	Ahtisaari
ahvenanmaalla	PROPN	Ahvenanmaa
ahventa	NOUN	ahven
ai	AUX	ei
aidan	NOUN	aita
aidannu	VERB	aidata
aidasta	NOUN	aita
aidoissa	ADJ	aito
aidoksi	ADJ	aito
aidolla	ADJ	aito
aidonnäköisiä	ADJ	aidon#näköinen
aiemmalle	ADJ	aiempi
aiemman	ADJ	aiempi
aiemmat	ADJ	aiempi
aiemmilta	ADJ	aiempi
aiemminkin	ADV	aiemmin
aiemmista	ADJ	aiempi
aiempaa	ADJ	aiempi
aiempaan	ADJ	aiempi
aiheeksi	NOUN	aihe
aiheelliseksi	ADJ	aiheellinen
aiheellista	ADJ	aiheellinen
aiheellisuudesta	NOUN	aiheellisuus
aiheeltaan	NOUN	aihe
aiheena	NOUN	aihe
aiheeseen	NOUN	aihe
aiheessani	NOUN	aihe
aiheesta	NOUN	aihe
aiheet	NOUN	aihe
aiheista	NOUN	aihe
aiheita	NOUN	aihe
aihetta	NOUN	aihe
aihettaan	NOUN	aihe
aiheudu	VERB	aiheutua
aiheuta	VERB	aiheuttaa
aiheutettuja	VERB	aiheuttaa
aiheuttaen	VERB	aiheuttaa
aiheuttaisi	VERB	aiheuttaa
aiheuttama	VERB	aiheuttaa
aiheuttamaa	VERB	aiheuttaa
aiheuttamaan	VERB	aiheuttaa
aiheuttaman	VERB	aiheuttaa
aiheuttamasta	VERB	aiheuttaa
aiheuttamat	VERB	aiheuttaa
aiheuttamien	VERB	aiheuttaa
aiheuttamilta	VERB	aiheuttaa
aiheuttaneet	VERB	aiheuttaa
aiheuttanut	VERB	aiheuttaa
aiheuttavan	VERB	aiheuttaa
aiheuttavat	VERB	aiheuttaa
aiheutti	VERB	aiheuttaa
aiheuttivat	VERB	aiheuttaa
aiheutui	VERB	aiheutua
aiheutuneen	VERB	aiheutua
aiheutunut	VERB	aiheutua
aiheutuu	VERB	aiheutua
aiheutuvaa	VERB	aiheutua
aiheutuvan	VERB	aiheutua
aiheutuvat	VERB	aiheutua
aiheutuvia	VERB	aiheutua
aiheutuvien	VERB	aiheutua
aiheutuviin	VERB	aiheutua
aika-alueen	NOUN	aika#alue
aikaa	NOUN	aika
aikaakaan	NOUN	aika
aikaan	NOUN	aika
aikaani	NOUN	aika
aikaansa	NOUN	aika
aikaansaamiseksi	NOUN	aikaansaaminen
aikaansaannoksesta	NOUN	aikaansaannos
aikaerosta	NOUN	aika#ero
aikaisemman	ADJ	aikainen
aikaisemmasta	ADJ	aikainen
aikaisemmat	ADJ	aikainen
aikaisemminkin	ADV	aikaisemmin
aikaisemmista	ADJ	aikainen
aikaisempaa	ADJ	aikainen
aikaisempaakin	ADJ	aikainen
aikaisempaan	ADJ	aikainen
aikaisempi	ADJ	aikainen
aikaisempia	ADJ	aikainen
aikaisessa	ADJ	aikainen
aikaisista	ADJ	aikainen
aikaista	ADJ	aikainen
aikaistetaan	VERB	aikaistaa
aikajanan	NOUN	aika#jana
aikakausien	NOUN	aika#kausi
aikakautta	NOUN	aika#kausi
aikakäsitykseen	NOUN	aika#käsitys
aikamuodon	NOUN	aika#muoto
aikamuotoa	NOUN	aika#muoto
aikamuotoja	NOUN	aika#muoto
aikana	NOUN	aika
aikanaan	NOUN	aika
aikanamme	NOUN	aika
aikani	NOUN	aika
aikansa	NOUN	aika
aikasi	NOUN	aika
aikataulua	NOUN	aika#taulu
aikatauluista	NOUN	aika#taulu
aikatauluja	NOUN	aika#taulu
aikataulukiistaan	NOUN	aika#taulu#kiista
aikataulukiistojen	NOUN	aika#taulu#kiista
aikataululla	NOUN	aika#taulu
aikataulun	NOUN	aika#taulu
aikataulussa	NOUN	aika#taulu
aikavälillä	NOUN	aika#väli
aikavälin	NOUN	aika#väli
aikeistaan	NOUN	aie
aikoen	AUX	aikoa
aikoi	AUX	aikoa
aikoihin	NOUN	aika
aikoina	NOUN	aika
aikoinaan	NOUN	aika
aikoja	NOUN	aika
aikojen	NOUN	aika
aikomuksena	NOUN	aikomus
aikomuksensa	NOUN	aikomus
aikomuksia	NOUN	aikomus
aikomuksiaan	NOUN	aikomus
aikomusta	NOUN	aikomus
aikoo	AUX	aikoa
aikooko	AUX	aikoa
aikooko	VERB	aikoa
aikovalle	VERB	aikoa
aikovansa	AUX	aikoa
aikovat	AUX	aikoa
aikuisen	NOUN	aikuinen
aikuiset	ADJ	aikuinen
aikuiset	NOUN	aikuinen
aikuisia	NOUN	aikuinen
aikuisista	NOUN	aikuinen
aikuiskoulutuksesta	NOUN	aikuis#koulutus
aikuismaisessa	ADJ	aikuis#mainen
aikuisten	NOUN	aikuinen
aikuisuuden	NOUN	aikuisuus
aikuisviihteen	NOUN	aikuis#viihde
ailii	PROPN	Aili
ainahan	ADV	aina
ainaista	ADJ	ainainen
aineellisen	ADJ	aineellinen
aineelliset	ADJ	aineellinen
aineen	NOUN	aine
aineenopettajan	NOUN	aineen#opettaja
aineet	NOUN	aine
aineiden	NOUN	aine
aineille	NOUN	aine
aineisiin	NOUN	aine
aineistoa	NOUN	aineisto
aineistojen	NOUN	aineisto
aineiston	NOUN	aineisto
aineistosta	NOUN	aineisto
aineita	NOUN	aine
ainejärjestöjen	NOUN	aine#järjestö
ainejärjestöjensä	NOUN	aine#järjestö
ainejärjestölehden	NOUN	aine#järjestö#lehti
ainejärjestöllä	NOUN	aine#järjestö
ainejärjestömme	NOUN	aine#järjestö
ainejärjestön	NOUN	aine#järjestö
ainejärjestönsä	NOUN	aine#järjestö
ainejärjestöt	NOUN	aine#järjestö
ainekset	NOUN	aines
aineksia	NOUN	aines
ainesosien	NOUN	aines#osa
ainesten	NOUN	aines
ainetta	NOUN	aine
ainevalintamahdollisuuksia	NOUN	aine#valinta#mahdollisuus
ainoaksi	PRON	ainoa
ainoan	PRON	ainoa
ainoana	PRON	ainoa
ainoassa	ADJ	ainoa
ainoasta	PRON	ainoa
ainoat	PRON	ainoa
ainoatakaan	PRON	ainoa
ainokaisella	ADJ	ainokainen
ainoot	PRON	ainoa
ainutkertaisia	ADJ	ainutkertainen
ainutlaatuisia	ADJ	ainutlaatuinen
aio	AUX	aikoa
aioimme	AUX	aikoa
aiomme	AUX	aikoa
aion	AUX	aikoa
aiotaan	AUX	aikoa
aiotaanko	AUX	aikoa
aiotsä	VERB	aikoa#sä
aiotte	AUX	aikoa
aiotusta	VERB	aikoa
airlinesin	PROPN	Airlines
airwaysin	PROPN	Airways
aistinvaraisin	ADJ	aistin#varainen
aistit	NOUN	aisti
aistittavissa	VERB	aistia
aitan	NOUN	aitta
aitassa	NOUN	aitta
aitoa	ADJ	aito
aitoja	ADJ	aito
aitojamakuja.fi-palvelussa	NOUN	Aitojamakuja.fi#palvelu
aitojamakuja.fi-sivusto	NOUN	Aitojamakuja.fi#sivusto
aitolahdesta	PROPN	Aitolahti
aivasti	VERB	aivastaa
aivoihin	NOUN	aivot
aivoillaan	NOUN	aivot
aivoista	NOUN	aivot
aivojen	NOUN	aivot
aivokuolleesta	ADJ	aivo#kuollut
aivotärähdyksen	NOUN	aivo#tärähdys
ajaakin	VERB	ajaa
ajaessa	VERB	ajaa
ajaksi	NOUN	aika
ajalla	NOUN	aika
ajallaan	NOUN	aika
ajalta	NOUN	aika
ajama	VERB	ajaa
ajamaan	VERB	ajaa
ajamalla	VERB	ajaa
ajamatta	VERB	ajaa
ajamille	VERB	ajaa
ajamiseen	NOUN	ajaminen
ajamisesta	NOUN	ajaminen
ajamista	NOUN	ajaminen
ajamme	VERB	ajaa
ajan	NOUN	aika
ajan	VERB	ajaa
ajaneen	VERB	ajaa
ajaneet	VERB	ajaa
ajanjaksoista	NOUN	ajan#jakso
ajanjaksojen	NOUN	ajan#jakso
ajanjaksolla	NOUN	ajan#jakso
ajanjaksolle	NOUN	ajan#jakso
ajanjakson	NOUN	ajan#jakso
ajankohdasta	NOUN	ajan#kohta
ajankohtaa	NOUN	ajan#kohta
ajankohtaan	NOUN	ajan#kohta
ajankohtaisasiat	NOUN	ajan#kohtais#asia
ajankohtaisia	ADJ	ajan#kohtainen
ajankohtaisiin	ADJ	ajan#kohtainen
ajankohtaisista	ADJ	ajan#kohtainen
ajankohtaista	ADJ	ajan#kohtainen
ajankohtaistamisesta	NOUN	ajankohtaistaminen
ajankohtana	NOUN	ajan#kohta
ajantasaisia	ADJ	ajan#tasainen
ajantasaista	ADJ	ajan#tasainen
ajantasaistamista	NOUN	ajantasaistaminen
ajanut	VERB	ajaa
ajas	NOUN	aika
ajassa	NOUN	aika
ajasta	NOUN	aika
ajastaan	NOUN	aika
ajastimen	NOUN	ajastin
ajat	NOUN	aika
ajatellakin	VERB	ajatella
ajatelleet	VERB	ajatella
ajatellen	VERB	ajatella
ajatellessaan	VERB	ajatella
ajatellut	VERB	ajatella
ajatellutkin	VERB	ajatella
ajateltavaa	VERB	ajatella
ajateltiin	VERB	ajatella
ajateltti	VERB	ajatella
ajateltu	VERB	ajatella
ajattele	VERB	ajatella
ajattelee	VERB	ajatella
ajattelemaan	VERB	ajatella
ajattelemasta	VERB	ajatella
ajattelematta	VERB	ajatella
ajattelen	VERB	ajatella
ajattelenki	VERB	ajatella
ajattelet	VERB	ajatella
ajatteleva	VERB	ajatella
ajattelevansa	VERB	ajatella
ajattelevatpahan	VERB	ajatella
ajatteli	VERB	ajatella
ajattelijaa	NOUN	ajattelija
ajattelin	VERB	ajatella
ajattelit	VERB	ajatella
ajattelivat	VERB	ajatella
ajattelua	NOUN	ajattelu
ajatteluaan	NOUN	ajattelu
ajattelukykyni	NOUN	ajattelu#kyky
ajattelun	NOUN	ajattelu
ajattelussa	NOUN	ajattelu
ajattelusta	NOUN	ajattelu
ajatukseen	NOUN	ajatus
ajatuksella	NOUN	ajatus
ajatuksen	NOUN	ajatus
ajatuksena	NOUN	ajatus
ajatuksensa	NOUN	ajatus
ajatuksesta	NOUN	ajatus
ajatukset	NOUN	ajatus
ajatuksia	NOUN	ajatus
ajatuksiaan	NOUN	ajatus
ajatuksiin	NOUN	ajatus
ajatuksiinsa	NOUN	ajatus
ajatuksiksi	NOUN	ajatus
ajatuksis	NOUN	ajatus
ajatunut	VERB	ajautua
ajatuskin	NOUN	ajatus
ajatusviivalla	NOUN	ajatus#viiva
ajatusvirtani	NOUN	ajatus#virta
ajauduttua	VERB	ajautua
ajautui	VERB	ajautua
ajautumisen	NOUN	ajautuminen
ajautumista	NOUN	ajautuminen
ajautuneen	VERB	ajautua
ajautuneet	VERB	ajautua
ajautunut	VERB	ajautua
ajautuu	VERB	ajautua
ajautuvan	VERB	ajautua
ajavat	VERB	ajaa
ajelehtii	VERB	ajelehtia
ajelemaan	VERB	ajella
ajelua	NOUN	ajelu
ajelulle	NOUN	ajelu
ajetaan	VERB	ajaa
ajettaisiin	VERB	ajaa
ajettavakseen	VERB	ajaa
ajettiin	VERB	ajaa
ajettu	VERB	ajaa
ajo-ominaisuuksiltaan	NOUN	ajo#ominaisuus
ajoi	VERB	ajaa
ajoiksi	NOUN	aika
ajoimme	VERB	ajaa
ajoin	VERB	ajaa
ajoista	NOUN	aika
ajoit	VERB	ajaa
ajoittaista	ADJ	ajoittainen
ajokaistaan	NOUN	ajo#kaista
ajokortin	NOUN	ajo#kortti
ajokuntoisen	ADJ	ajo#kuntoinen
ajomatkan	NOUN	ajo#matka
ajoneuvoa	NOUN	ajo#neuvo
ajoneuvoihin	NOUN	ajo#neuvo
ajoneuvoilla	NOUN	ajo#neuvo
ajoneuvojen	NOUN	ajo#neuvo
ajoneuvolla	NOUN	ajo#neuvo
ajoneuvon	NOUN	ajo#neuvo
ajoneuvoon	NOUN	ajo#neuvo
ajoneuvot	NOUN	ajo#neuvo
akaasioissa	NOUN	akaasia
akademin	PROPN	Akademi
akademissa	PROPN	Akademi
akan	NOUN	akka
akateemisen	ADJ	akateeminen
akateemiset	ADJ	akateeminen
akateemisille	ADJ	akateeminen
akateemisten	ADJ	akateeminen
akatemian	NOUN	akatemia
akatemiasta	NOUN	akatemia
akatemiatutkijaa	NOUN	akatemia#tutkija
akatemiatutkijaksi	NOUN	akatemia#tutkija
akatemiatutkijat	NOUN	akatemia#tutkija
akkojen	NOUN	akka
akkujen	NOUN	akku
akkutyökalua	NOUN	akku#työ#kalu
akselilla	NOUN	akseli
akselinsa	NOUN	akseli
akt-maiden	NOUN	AKT#maa
akt:n	NOUN	AKT
aktiivikodiksi	NOUN	aktiivi#koti
aktiivisempaa	ADJ	aktiivinen
aktiivisempia	ADJ	aktiivinen
aktiivisessa	ADJ	aktiivinen
aktiivisiin	ADJ	aktiivinen
aktiivisin	ADJ	aktiivinen
aktiivista	ADJ	aktiivinen
aktiivisten	ADJ	aktiivinen
aktiivisuutta	NOUN	aktiivisuus
aktivaation	NOUN	aktivaatio
aktivaatiota	NOUN	aktivaatio
aktiviteettia	NOUN	aktiviteetti
aktivoimiseen	NOUN	aktivoiminen
aktivointitoimenpiteitä	NOUN	aktivointi#toimen#pide
aktivoituneen	VERB	aktivoitua
aktivoituu	VERB	aktivoitua
akupunktio-alan	NOUN	akupunktio#ala
akustista	ADJ	akustinen
akuutteja	ADJ	akuutti
akuuttia	ADJ	akuutti
akvaariossa	NOUN	akvaario
ala	VERB	alkaa
ala-arvoisen	ADJ	ala#arvoinen
ala-arvoisia	ADJ	ala#arvoinen
ala-asteelta	NOUN	ala#aste
ala-aulassa	NOUN	ala#aula
alaa	NOUN	ala
alaamme	NOUN	ala
alaan	NOUN	ala
alaikäisten	ADJ	ala#ikäinen
alaiseksi	ADJ	alainen
alaisen	ADJ	alainen
alaisena	ADJ	alainen
alaisena	NOUN	alainen
alaiset	ADJ	alainen
alaisiaan	NOUN	alainen
alaisiksi	ADJ	alainen
alaisten	ADJ	alainen
alaisuudessa	NOUN	alaisuus
alaisuuteen	NOUN	alaisuus
alajuoksulla	NOUN	ala#juoksu
alakerrassa	NOUN	ala#kerta
alakertaan	NOUN	ala#kerta
alakohdan	NOUN	ala#kohta
alakohdassa	NOUN	ala#kohta
alakohdasta	NOUN	ala#kohta
alakohtaisiakin	ADJ	ala#kohtainen
alakomiteaa	NOUN	ala#komitea
alakomitealla	NOUN	ala#komitea
alakomitean	NOUN	ala#komitea
alakomiteoiden	NOUN	ala#komitea
alakomiteoita	NOUN	ala#komitea
alakulttuurinaan	NOUN	ala#kulttuuri
alalla	NOUN	ala
alallakin	NOUN	ala
alalleen	NOUN	ala
alamme	VERB	alkaa
alamäessä	NOUN	ala#mäki
alamäestä	NOUN	ala#mäki
alamäkeä	NOUN	ala#mäki
alan	NOUN	ala
alan	VERB	alkaa
alangin	PROPN	Alang
alankomaalaisen	ADJ	alankomaalainen
alankomaiden	PROPN	Alankomaat
alankomaista	PROPN	Alankomaat
alapas	VERB	alkaa
alapihan	NOUN	ala#piha
alareunaan	NOUN	ala#reuna
alariviltä	NOUN	ala#rivi
alasektorin	NOUN	ala#sektori
alaskan	PROPN	Alaska
alaspäi	ADV	alaspäin
alasta	NOUN	ala
alastikin	ADV	alasti
alayhdistyksille	NOUN	ala#yhdistys
albaniaan	PROPN	Albania
albanialaiset	NOUN	albanialainen
albertvillen	PROPN	Albertville
albumeilla	NOUN	albumi
albumia	NOUN	albumi
albumien	NOUN	albumi
albumilistan	NOUN	albumi#lista
albumilla	NOUN	albumi
albumilleen	NOUN	albumi
albumilta	NOUN	albumi
albumin	NOUN	albumi
albuquerquessa	PROPN	Albuquerque
alde-ryhmän	NOUN	ALDE#ryhmä
aleksandriassa	PROPN	Aleksandria
alemmalla	ADJ	alempi
alemman	ADJ	alempi
alemmat	ADJ	alempi
alemmuudentuntoiseksi	ADJ	alemmuus#tuntoinen
alempaan	ADJ	alempi
alenemista	NOUN	aleneminen
alenneta	VERB	alentaa
alennusmyynneistä	NOUN	alennus#myynti
alennustilan	NOUN	alennus#tila
alensi	VERB	alentaa
alensivat	VERB	alentaa
alentamaan	VERB	alentaa
alentamalla	VERB	alentaa
alentamiseen	NOUN	alentaminen
alentamiseenkaan	NOUN	alentaminen
alentanut	VERB	alentaa
alentuneet	VERB	alentua
alentunut	VERB	alentua
aletaan	VERB	alkaa
alettiin	VERB	alkaa
alettu	VERB	alkaa
alettua	VERB	alkaa
alexan	PROPN	Alexa
alexela-yhtiölle	NOUN	Alexela#yhtiö
alfamotoneuronin	NOUN	alfa#moto#neuroni
alfamotoneuronista	NOUN	alfa#moto#neuroni
alggaierin	PROPN	Alggaier
algoritmien	NOUN	algoritmi
alhaal	ADV	alhaalla
alhaisemmilla	ADJ	alhainen
alhaisempaa	ADJ	alhainen
alhaisempi	ADJ	alhainen
alhaisempia	ADJ	alhainen
alhaisessa	ADJ	alhainen
alhaisin	ADJ	alhainen
alhonojaa	PROPN	Alhonoja
aliarvioitu	VERB	ali#arvioida
alihankintaverkoston	NOUN	ali#hankinta#verkosto
alikulkusillankin	NOUN	ali#kulku#silta
alimmillaan	ADJ	alin
alimmilleen	ADJ	alin
alimpaan	ADJ	alin
aliravitsivat	VERB	aliravita
aliseen	NOUN	alinen
alisen	NOUN	alinen
alistamaan	VERB	alistaa
alistetussa	ADJ	alistettu
alistumasta	VERB	alistua
alistuneena	VERB	alistua
alitajuisen	ADJ	alitajuinen
alitti	VERB	alittaa
alkaessa	VERB	alkaa
alkaisi	VERB	alkaa
alkaisivat	VERB	alkaa
alkalimetalleihin	NOUN	alkali#metalli
alkalimetallien	NOUN	alkali#metalli
alkamaisillaan	VERB	alkaa
alkamassa	VERB	alkaa
alkamisen	NOUN	alkaminen
alkamista	NOUN	alkaminen
alkaneen	VERB	alkaa
alkaneeseen	VERB	alkaa
alkaneet	VERB	alkaa
alkanevat	VERB	alkaa
alkanu	VERB	alkaa
alkanut	VERB	alkaa
alkavaksi	VERB	alkaa
alkavan	VERB	alkaa
alkavat	VERB	alkaa
alkaviksi	VERB	alkaa
alkavissa	VERB	alkaa
alkeellista	ADJ	alkeellinen
alko	VERB	alkaa
alkoholia	NOUN	alkoholi
alkoholijuomien	NOUN	alkoholi#juoma
alkoholille	NOUN	alkoholi
alkoholimyrkytyksestä	NOUN	alkoholi#myrkytys
alkoholimäärästä	NOUN	alkoholi#määrä
alkoholin	NOUN	alkoholi
alkoholinkäyttöään	NOUN	alkoholin#käyttö
alkoholiongelmaisia	NOUN	alkoholi#ongelmainen
alkoholipitoisen	ADJ	alkoholi#pitoinen
alkoholipitoista	ADJ	alkoholi#pitoinen
alkoholisoitunut	VERB	alkoholisoitua
alkoholisoituvien	VERB	alkoholisoitua
alkoholissa	NOUN	alkoholi
alkoholista	NOUN	alkoholi
alkoholitta	NOUN	alkoholi
alkoi	VERB	alkaa
alkoikin	VERB	alkaa
alkoivat	VERB	alkaa
alkometriin	NOUN	alkometri
alkon	PROPN	Alko
alkua	NOUN	alku
alkuaikaa	NOUN	alku#aika
alkuaikoina	NOUN	alku#aika
alkuainetta	NOUN	alku#aine
alkuasukkaat	NOUN	alku#asukas
alkuerissä	NOUN	alku#erä
alkuhämärää	NOUN	alku#hämärä
alkuillan	NOUN	alku#ilta
alkuillasta	NOUN	alku#ilta
alkuiltaa	NOUN	alku#ilta
alkukankeutta	NOUN	alku#kankeus
alkukantaiset	ADJ	alku#kantainen
alkukohdistusta	NOUN	alku#kohdistus
alkumatkalla	NOUN	alku#matka
alkuna	NOUN	alku
alkunsa	NOUN	alku
alkuperäiseen	ADJ	alku#peräinen
alkuperäiseltä	ADJ	alku#peräinen
alkuperäisen	ADJ	alku#peräinen
alkuperäisestä	ADJ	alku#peräinen
alkuperäiset	ADJ	alku#peräinen
alkuperäisiä	ADJ	alku#peräinen
alkuperäiskansojen	NOUN	alkuperäis#kansa
alkuperäiskappaleen	NOUN	alku#peräis#kappale
alkuperäiskokoonpanon	NOUN	alku#peräis#kokoonpano
alkuperäistä	ADJ	alku#peräinen
alkuperämaan	NOUN	alku#perä#maa
alkuperämaassa	NOUN	alku#perä#maa
alkuperämerkinnällä	NOUN	alku#perä#merkintä
alkuperän	NOUN	alku#perä
alkuperänimitykset	NOUN	alku#perä#nimitys
alkuperästä	NOUN	alku#perä
alkuperää	NOUN	alku#perä
alkupistettä	NOUN	alku#piste
alkupuolella	NOUN	alku#puoli
alkupääoman	NOUN	alku#pää#oma
alkupäästä	NOUN	alku#pää
alkusarjan	NOUN	alku#sarja
alkusarjassa	NOUN	alku#sarja
alkusoiton	NOUN	alku#soitto
alkusuhteen	NOUN	alku#suhde
alkusyksystä	NOUN	alku#syksy
alkutalvesta	NOUN	alku#talvi
alkuun	NOUN	alku
alkuvaiheessa	NOUN	alku#vaihe
alkuvihellyksen	NOUN	alku#vihellys
alkuvuoden	NOUN	alku#vuosi
alkuvuodesta	NOUN	alku#vuosi
alkuvuonna	NOUN	alku#vuosi
alkuvuosina	NOUN	alku#vuosi
alleen	ADV	alle
allegro-junavuoro	NOUN	allegro#juna#vuoro
allegro-junilla	NOUN	Allegro#juna
allegro-vuoron	NOUN	Allegro#vuoro
allekirjoitetaan	VERB	allekirjoittaa
allekirjoitettava	VERB	allekirjoittaa
allekirjoitettiin	VERB	allekirjoittaa
allekirjoitettua	VERB	allekirjoittaa
allekirjoittajineen	NOUN	allekirjoittaja
allekirjoittamassa	VERB	allekirjoittaa
allekirjoittamiin	VERB	allekirjoittaa
allekirjoittamista	NOUN	allekirjoittaminen
allekirjoittaneelta	NOUN	allekirjoittanut
allekirjoittaneen	NOUN	allekirjoittanut
allekirjoittanut	VERB	allekirjoittaa
allekirjoitti	VERB	allekirjoittaa
alleni	ADV	alle
allergiaa	NOUN	allergia
allergiakasvien	NOUN	allergia#kasvi
allergialääkityksestä	NOUN	allergia#lääkitys
allergiaoireet	NOUN	allergia#oire
allergiaoireiden	NOUN	allergia#oire
allergiaoireidensa	NOUN	allergia#oire
allergiaoireisiin	NOUN	allergia#oire
allergiaoireista	NOUN	allergia#oire
allergiaoireita	NOUN	allergia#oire
allergikkojen	NOUN	allergikko
allergioille	NOUN	allergia
alleviivaa	VERB	alleviivata
alleviivatakseen	VERB	alleviivata
alleviivatessaan	VERB	alleviivata
allgaierin	PROPN	Allgaier
allianssin	PROPN	Allianssi
allsvenskan-paluun	NOUN	Allsvenskan#paluu
allsvenskaniin	PROPN	Allsvenskan
allsvenskanin	PROPN	Allsvenskan
allsvenskanissa	PROPN	Allsvenskan
almost-yhtyeeseen	NOUN	Almost#yhtye
aloihin	NOUN	ala
aloilla	NOUN	ala
aloilleni	ADV	aloilleen
aloilta	NOUN	ala
aloin	VERB	alkaa
aloista	NOUN	ala
aloitamme	VERB	aloittaa
aloitan	VERB	aloittaa
aloiteoikeuden	NOUN	aloite#oikeus
aloitetaan	VERB	aloittaa
aloitettiin	VERB	aloittaa
aloitettiinkin	VERB	aloittaa
aloitettu	VERB	aloittaa
aloitettujen	VERB	aloittaa
aloitetuksi	VERB	aloittaa
aloitetun	VERB	aloittaa
aloitin	VERB	aloittaa
aloittaisivatkin	VERB	aloittaa
aloittamaan	VERB	aloittaa
aloittamasta	VERB	aloittaa
aloittamisen	NOUN	aloittaminen
aloittamisesta	NOUN	aloittaminen
aloittamista	NOUN	aloittaminen
aloittaneet	VERB	aloittaa
aloittanut	VERB	aloittaa
aloittavat	VERB	aloittaa
aloittavien	VERB	aloittaa
aloitteella	NOUN	aloite
aloitteestaan	NOUN	aloite
aloitteet	NOUN	aloite
aloitteilla	NOUN	aloite
aloitteille	NOUN	aloite
aloitteita	NOUN	aloite
aloittelijalle	NOUN	aloittelija
aloittelijoille	NOUN	aloittelija
aloittelun	NOUN	aloittelu
aloitti	VERB	aloittaa
aloittivat	VERB	aloittaa
aloitukset	NOUN	aloitus
aloituspaikkoja	NOUN	aloitus#paikka
aloitussyöttöjen	NOUN	aloitus#syöttö
aloja	NOUN	ala
alojen	NOUN	ala
alotit	VERB	aloittaa
alpha-salissa	NOUN	Alpha#sali
alppihiihdon	NOUN	alppi#hiihto
altaassa	NOUN	allas
altistumiseen	NOUN	altistuminen
altistumista	NOUN	altistuminen
alttaritaulua	NOUN	alttari#taulu
alttaritaulun	NOUN	alttari#taulu
alttiiksi	ADJ	altis
alue-	NOUN	alue
alueekseen	NOUN	alue
alueella	NOUN	alue
alueellaan	NOUN	alue
alueelle	NOUN	alue
alueelleen	NOUN	alue
alueelliseen	ADJ	alueellinen
alueellisen	ADJ	alueellinen
alueellisesta	ADJ	alueellinen
alueellisia	ADJ	alueellinen
alueellisille	ADJ	alueellinen
alueellista	ADJ	alueellinen
alueellisten	ADJ	alueellinen
alueelta	NOUN	alue
alueemme	NOUN	alue
alueen	NOUN	alue
alueeseen	NOUN	alue
alueet	NOUN	alue
alueiden	NOUN	alue
alueilla	NOUN	alue
alueille	NOUN	alue
alueilta	NOUN	alue
alueina	NOUN	alue
alueista	NOUN	alue
alueistaan	NOUN	alue
alueita	NOUN	alue
aluekehitysrahastosta	NOUN	alue#kehitys#rahasto
alueliitosvalitukset	NOUN	alue#liitos#valitus
aluepolitiikan	NOUN	alue#politiikka
aluepolitiikka-	NOUN	alue#politiikka
aluetehtävän	NOUN	alue#tehtävä
aluetta	NOUN	alue
aluevesirajan	NOUN	alue#vesi#raja
aluevesirajansa	NOUN	alue#vesi#raja
alukseen	NOUN	alus
aluksella	NOUN	alus
aluksen	NOUN	alus
alukseni	NOUN	alus
aluksiin	NOUN	alus
aluksissa	NOUN	alus
alulle	NOUN	alku
alumneja	NOUN	alumni
alun	NOUN	alku
alunalla	NOUN	aluna
alussa	NOUN	alku
alussakin	NOUN	alku
alusta	NOUN	alku
alusta	VERB	alustaa
alustaa	NOUN	alusta
alustaan	NOUN	alusta
alustariippumattomuuteen	NOUN	alusta#riippumattomuus
alusten	NOUN	alus
alustoille	NOUN	alusta
alustoja	NOUN	alusta
alusvaatteet	NOUN	alus#vaate
alusvaatteilla	NOUN	alus#vaate
alusvaatteilta	NOUN	alus#vaate
alusvaatteita	NOUN	alus#vaate
alzheimer-projektiin	NOUN	Alzheimer#projekti
amatöörille	NOUN	amatööri
amatööristä	NOUN	amatööri
amatööritiirailua	NOUN	amatööri#tiirailu
amazoniassa	PROPN	Amazonia
ambientista	NOUN	ambient
ambulanssia	NOUN	ambulanssi
ambulanssin	NOUN	ambulanssi
amerikan	PROPN	Amerikka
amerikassa	PROPN	Amerikka
amerikkalaisen	ADJ	amerikkalainen
amerikkalaiset	NOUN	amerikkalainen
amerikkalaisia	ADJ	amerikkalainen
amerikkalaisille	NOUN	amerikkalainen
amerikkalaisten	NOUN	amerikkalainen
amerikkalaistoimittajat	NOUN	amerikkalais#toimittaja
amiga-tietokone	NOUN	Amiga#tieto#kone
amigalle	PROPN	Amiga
amk-perustutkinnon	NOUN	AMK#perus#tutkinto
amk-tutkinnon	NOUN	AMK#tutkinto
amk-tutkinnosta	NOUN	AMK#tutkinto
amk-tutkinto	NOUN	AMK#tutkinto
ammatiksi	NOUN	ammatti
ammatilliseen	ADJ	ammatillinen
ammatillisen	ADJ	ammatillinen
ammatillisesta	ADJ	ammatillinen
ammatillisia	ADJ	ammatillinen
ammatillista	ADJ	ammatillinen
ammatillisten	ADJ	ammatillinen
ammatiltaan	NOUN	ammatti
ammattia	NOUN	ammatti
ammattikorkeakoulu-tasoinen	ADJ	ammatti#korkea#koulu#tasoinen
ammattikorkeakoulun	NOUN	ammatti#korkea#koulu
ammattikorkeakoulussa	NOUN	ammatti#korkea#koulu
ammattikorkeakoulututkinnoista	NOUN	ammatti#korkea#koulu#tutkinto
ammattikorkeakoulututkinnon	NOUN	ammatti#korkea#koulu#tutkinto
ammattikorkeakoulututkintojen	NOUN	ammatti#korkea#koulu#tutkinto
ammattikoulutuksen	NOUN	ammatti#koulutus
ammattikunnan	NOUN	ammatti#kunta
ammattikäyttöön	NOUN	ammatti#käyttö
ammattilais-	ADJ	ammattilainen
ammattilaiseksi	NOUN	ammattilainen
ammattilaisia	NOUN	ammattilainen
ammattilaisten	NOUN	ammattilainen
ammattilaisuransa	NOUN	ammattilais#ura
ammattilaisvuonnaan	NOUN	ammattilais#vuosi
ammattiliittojen	NOUN	ammatti#liitto
ammattimaisesta	ADJ	ammatti#mainen
ammattimiehet	NOUN	ammatti#mies
ammattimme	NOUN	ammatti
ammattinimikkeeni	NOUN	ammatti#nimike
ammattinimityksensä	NOUN	ammatti#nimitys
ammattinsa	NOUN	ammatti
ammattipiireissä	NOUN	ammatti#piiri
ammattitaidon	NOUN	ammatti#taito
ammattitaitoa	NOUN	ammatti#taito
ammattitaitoisia	ADJ	ammatti#taitoinen
ammattitasoa	NOUN	ammatti#taso
ammattiteattereissakin	NOUN	ammatti#teatteri
ammattitutkintoon	NOUN	ammatti#tutkinto
ammattiyhdistyksiltä	NOUN	ammatti#yhdistys
ammattiyhdistysväen	NOUN	ammatti#yhdistys#väki
ammonioksen	PROPN	Ammonios
ammuit	VERB	ampua
ammun	VERB	ampua
ammuskeli	VERB	ammuskella
ammuskelijaksi	NOUN	ammuskelija
ammuskelleen	VERB	ammuskella
ammut	VERB	ampua
ammuttiin	VERB	ampua
ammuttu	VERB	ampua
ammutuksi	VERB	ampua
ampui	VERB	ampua
ampujan	NOUN	ampuja
ampumaseuran	NOUN	ampumaseura
ampumasijojen	NOUN	ampuma#sija
ampunut	VERB	ampua
amsterdamin	PROPN	Amsterdam
analogipinniin	NOUN	analogi#pinni
analogisen	ADJ	analoginen
analysoi	VERB	analysoida
analysoimalla	VERB	analysoida
analysoimisen	NOUN	analysoiminen
analysoinnin	NOUN	analysointi
analysointi-	NOUN	analysointi
analysointia	NOUN	analysointi
analysointiin	NOUN	analysointi
analysoitava	VERB	analysoida
analyysejä	NOUN	analyysi
analyysi-	NOUN	analyysi
analyysien	NOUN	analyysi
analyysiherkkyyden	NOUN	analyysi#herkkyys
analyytikko-ennusteet	NOUN	analyytikko#ennuste
analyytikkojen	NOUN	analyytikko
analyytikoiden	NOUN	analyytikko
analyyttimäärät	NOUN	analyytti#määrä
ananasta	NOUN	ananas
andalusiassa	PROPN	Andalusia
anderssenin	PROPN	Anderssen
andien	PROPN	Andi
android-	PROPN	Android
android-jyrä	NOUN	Android#jyrä
android-käyttöjärjestelmällä	NOUN	Android#käyttö#järjestelmä
android-laitteiden	NOUN	Android#laite
android-pohjaisten	ADJ	Android#pohjainen
android-valmistaja	NOUN	Android#valmistaja
androidia	PROPN	Android
androidilla	PROPN	Android
androidin	PROPN	Android
andromedan	PROPN	Andromeda
aneli	VERB	anella
angelesin	PROPN	Angeles
angorameren	NOUN	angora#meri
angstivibat	NOUN	angsti#viba
aniksella	NOUN	anis
animaatio-ohjaaja	NOUN	animaatio#ohjaaja
animaation	NOUN	animaatio
animaatiosarjoista	NOUN	animaatio#sarja
anime-	NOUN	anime
animen	NOUN	anime
aninkaisten	PROPN	Aninkainen
anista	NOUN	anis
anisviinat	NOUN	anis#viina
anisviinoihin	NOUN	anis#viina
anitan	PROPN	Anita
ankarampi	ADJ	ankara
ankaran	ADJ	ankara
ankarat	ADJ	ankara
ankaruudessaan	NOUN	ankaruus
ankaruudesta	NOUN	ankaruus
ankkurinappeja	NOUN	ankkuri#nappi
ankkurit	NOUN	ankkuri
anna	VERB	antaa
annamme	VERB	antaa
annammeko	VERB	antaa
annan	VERB	antaa
annat	VERB	antaa
annatte	VERB	antaa
annelin	PROPN	Anneli
anneta	VERB	antaa
annetaan	VERB	antaa
annetaanko	VERB	antaa
annettava	VERB	antaa
annettavaa	VERB	antaa
annettavaksi	VERB	antaa
annettavasta	VERB	antaa
annettaviksi	VERB	antaa
annettavista	VERB	antaa
annettiin	VERB	antaa
annettu	VERB	antaa
annettua	VERB	antaa
annettuja	VERB	antaa
annettujen	VERB	antaa
annetuissa	VERB	antaa
annetuista	VERB	antaa
annetuksi	VERB	antaa
annetulla	VERB	antaa
annetun	VERB	antaa
annetussa	VERB	antaa
annetut	VERB	antaa
annoin	VERB	antaa
annokseensa	NOUN	annos
annoksensa	NOUN	annos
annoksesta	NOUN	annos
annokset	NOUN	annos
annosta	NOUN	annos
annostellaan	VERB	annostella
annostelun	NOUN	annostelu
annostelusysteemiä	NOUN	annostelu#systeemi
anodit	NOUN	anodi
anoreksiaa	NOUN	anoreksia
ansainnut	VERB	ansaita
ansaitsee	VERB	ansaita
ansaitsemaansa	VERB	ansaita
ansaitseman	VERB	ansaita
ansaitsevat	VERB	ansaita
ansaitsevista	VERB	ansaita
ansaitsi	VERB	ansaita
ansaittu	VERB	ansaita
ansan	NOUN	ansa
ansioistaan	NOUN	ansio
ansioitui	VERB	ansioitua
ansiokkaaksi	ADJ	ansiokas
ansiokkaana	ADJ	ansiokas
ansiokkaasta	ADJ	ansiokas
ansioluettelosta	NOUN	ansio#luettelo
ansiosta	NOUN	ansio
ansiostani	NOUN	ansio
ansiot	NOUN	ansio
antaakin	VERB	antaa
antaaksemme	VERB	antaa
antaen	VERB	antaa
antaisimme	VERB	antaa
antaisin	VERB	antaa
antajat	NOUN	antaja
antakaa	VERB	antaa
antakaahan	VERB	antaa
antako	VERB	antaa
antama	VERB	antaa
antamaa	VERB	antaa
antamaan	VERB	antaa
antamalla	VERB	antaa
antaman	VERB	antaa
antamansa	VERB	antaa
antamassaan	VERB	antaa
antamiaan	VERB	antaa
antamien	VERB	antaa
antamiseksi	NOUN	antaminen
antamisesta	NOUN	antaminen
antamispäivänä	NOUN	antamis#päivä
antamissa	VERB	antaa
antamista	NOUN	antaminen
antaneen	VERB	antaa
antaneet	VERB	antaa
antaneiden	VERB	antaa
antanu	VERB	antaa
antanut	VERB	antaa
antauduttua	VERB	antautua
antautui	VERB	antautua
antautumalla	VERB	antautua
antautunutta	VERB	antautua
antava	VERB	antaa
antavaa	ADJ	antava
antavan	VERB	antaa
antavassa	ADJ	antava
antavat	VERB	antaa
antaville	VERB	antaa
anteeks	ADV	anteeksi
anteeksipyynnön	NOUN	anteeksipyyntö
antennikodeissa	NOUN	antenni#koti
antia	NOUN	anti
antibiooteilla	NOUN	antibiootti
antibiootteja	NOUN	antibiootti
antibioottien	NOUN	antibiootti
antibioottilihan	NOUN	antibiootti#liha
antiikin	NOUN	antiikki
antiikkisista	ADJ	antiikkinen
antiin	NOUN	anti
antimiin	NOUN	antimet
antisemitistisiä	ADJ	antisemitistinen
antoi	VERB	antaa
antoinetten	PROPN	Antoinette
antoisaa	ADJ	antoisa
antoivat	VERB	antaa
anttilan	PROPN	Anttila
anttosen	PROPN	Anttonen
aop-luento	NOUN	AOP#luento
apajalle	NOUN	apaja
apiloiden	NOUN	apila
apiloille	NOUN	apila
apin	NOUN	API
aplodit	NOUN	aplodi
appelsiinimehua	NOUN	appelsiini#mehu
applen	PROPN	Apple
apteekeista	NOUN	apteekki
apua	NOUN	apu
apukamreeriksi	NOUN	apu#kamreeri
apurahaa	NOUN	apu#raha
apurahalla	NOUN	apu#raha
apurahan	NOUN	apu#raha
apurahat	NOUN	apu#raha
apurahoin	NOUN	apu#raha
apurahoja	NOUN	apu#raha
apurahojen	NOUN	apu#raha
apurin	NOUN	apuri
apuun	NOUN	apu
apuvälineitä	NOUN	apu#väline
arabialaiseen	ADJ	arabialainen
arabian	PROPN	Arabia
arabianrannan	PROPN	Arabianranta
arabiantimalit	NOUN	arabian#timali
arabiassa	PROPN	Arabia
arabiemiirikuntien	PROPN	Arabiemiirikunnat
arabien	NOUN	arabi
arabivaltioiden	NOUN	arabi#valtio
aramealaiseen	ADJ	aramealainen
arcanumin	PROPN	Arcanum
arcanumissa	PROPN	Arcanum
arduinon	PROPN	Arduino
arduinoon	PROPN	Arduino
areenalle	NOUN	areena
arestiin	NOUN	aresti
arevan	PROPN	Areva
argentiinalainen	ADJ	Argentiina
argentiinan	PROPN	Argentiina
argumentoinnin	NOUN	argumentointi
argumenttina	NOUN	argumentti
ariaratheen	PROPN	Ariarathes
ariobarzaneksen	PROPN	Ariobarzanes
aristoteleen	PROPN	Aristoteles
arizonasta	PROPN	Arizona
arjen	NOUN	arki
arjesta	NOUN	arki
arkaa	ADJ	arka
arkaluonteisimpana	ADJ	arka#luonteinen
arkaluonteisin	ADJ	arka#luonteinen
arkea	NOUN	arki
arkeen	NOUN	arki
arkena	NOUN	arki
arki-iltana	NOUN	arki#ilta
arki-iltapäivisin	ADV	arki#iltapäivisin
arkielämän	NOUN	arki#elämä
arkikielessä	NOUN	arki#kieli
arkin	NOUN	arkki
arkipuuhien	NOUN	arki#puuha
arkipäivänä	NOUN	arki#päivä
arkipäivää	NOUN	arki#päivä
arkipäivään	NOUN	arki#päivä
arkisen	ADJ	arkinen
arkissa	NOUN	arkki
arkista	ADJ	arkinen
arkistojen	NOUN	arkisto
arkkipiispan	NOUN	arkki#piispa
arkkitehdit	NOUN	arkkitehti
arkkitehtejä	NOUN	arkkitehti
arkkitehtikunnan	NOUN	arkkitehti#kunta
arkkitehtonista	ADJ	arkki#tehtoninen
arkkitehtuuria	NOUN	arkkitehtuuri
arkkitehtuurikilpailun	NOUN	arkkitehtuuri#kilpailu
arkkitehtuurista	NOUN	arkkitehtuuri
arkkua	NOUN	arkku
arkkuun	NOUN	arkku
arktisia	ADJ	arktinen
armahti	VERB	armahtaa
armeijakunnan	NOUN	armeija#kunta
armeijan	NOUN	armeija
armeijassa	NOUN	armeija
armeniaksi	NOUN	armenia
armenialaisen	ADJ	armenialainen
armenialaiset	NOUN	armenialainen
armenian	PROPN	Armenia
armeniassa	PROPN	Armenia
armotta	NOUN	armo
armottomammaksi	ADJ	armoton
armottoman	ADJ	armoton
aromailla	NOUN	aro#maa
aromit	NOUN	aromi
arsakidi-dynastian	NOUN	arsakidi#dynastia
arsakidien	NOUN	arsakidi
arsenalia	PROPN	Arsenal
arthurin	PROPN	Arthur
artikkeleita	NOUN	artikkeli
artikkelia	NOUN	artikkeli
artikkelien	NOUN	artikkeli
artikkeliin	NOUN	artikkeli
artikkelin	NOUN	artikkeli
artikkelissa	NOUN	artikkeli
artikkelissaan	NOUN	artikkeli
artikkelista	NOUN	artikkeli
artiklaa	NOUN	artikla
artiklaan	NOUN	artikla
artiklan	NOUN	artikla
artiklassa	NOUN	artikla
artiklasta	NOUN	artikla
artikloissa	NOUN	artikla
artikloista	NOUN	artikla
artikloja	NOUN	artikla
artiklojen	NOUN	artikla
artisteja	NOUN	artisti
artistin	NOUN	artisti
artois'n	PROPN	Artois
arturon	PROPN	Arturo
arvaa	VERB	arvata
arvaamattomalta	ADJ	arvaamaton
arvaappas	VERB	arvata
arvaisi	VERB	arvata
arvelee	VERB	arvella
arvelevat	VERB	arvella
arveli	VERB	arvella
arvelin	VERB	arvella
arvellaan	VERB	arvella
arvellusta	VERB	arvella
arveltu	VERB	arvella
arveluttavat	VERB	arveluttaa
arvioi	VERB	arvioida
arvioidaan	VERB	arvioida
arvioidun	VERB	arvioida
arvioihin	NOUN	arvio
arvioimaan	VERB	arvioida
arvioimiseksi	NOUN	arvioiminen
arvioimme	VERB	arvioida
arvioin	VERB	arvioida
arvioinneista	NOUN	arviointi
arvioinnille	NOUN	arviointi
arvioinnin	NOUN	arviointi
arvioinnit	NOUN	arviointi
arviointia	NOUN	arviointi
arviointiin	NOUN	arviointi
arviointikeinot	NOUN	arviointi#keino
arviointikertomuksessa	NOUN	arviointi#kertomus
arviointineuvoston	NOUN	arviointi#neuvosto
arviointipalvelun	NOUN	arviointi#palvelu
arviointiperusteiden	NOUN	arviointi#peruste
arvioita	NOUN	arvio
arvioitaessa	VERB	arvioida
arvioitava	VERB	arvioida
arvioitu	VERB	arvioida
arvioivat	VERB	arvioida
arviolta	NOUN	arvio
arvion	NOUN	arvio
arvioni	NOUN	arvio
arviossa	NOUN	arvio
arviossaan	NOUN	arvio
arvioveron	NOUN	arvio#vero
arvoimaan	VERB	arvioida
arvoisat	ADJ	arvoisa
arvoisia	ADJ	arvoinen
arvoisilta	ADJ	arvoinen
arvoista	ADJ	arvoinen
arvoista	NOUN	arvo
arvoitukseksi	NOUN	arvoitus
arvoitukset	NOUN	arvoitus
arvoja	NOUN	arvo
arvojen	NOUN	arvo
arvokasta	ADJ	arvokas
arvokisoissa	NOUN	arvo#kisa
arvokkaammista	ADJ	arvokas
arvokkaiden	ADJ	arvokas
arvokkain	ADJ	arvokas
arvokkaina	ADJ	arvokas
arvokkaita	ADJ	arvokas
arvoliberalismia	NOUN	arvo#liberalismi
arvoltaan	NOUN	arvo
arvomaailmasta	NOUN	arvo#maailma
arvomerkit	NOUN	arvo#merkki
arvomerkkeihin	NOUN	arvo#merkki
arvomerkkejään	NOUN	arvo#merkki
arvon	NOUN	arvo
arvonalennuksia	NOUN	arvon#alennus
arvonalennuksissa	NOUN	arvon#alennus
arvonalentumiset	NOUN	arvon#alentuminen
arvonimen	NOUN	arvo#nimi
arvonimistä	NOUN	arvo#nimi
arvonlisäverosta	NOUN	arvon#lisä#vero
arvonnousuilla	NOUN	arvon#nousu
arvoon	NOUN	arvo
arvopapereiden	NOUN	arvo#paperi
arvopapereita	NOUN	arvo#paperi
arvopaperisijoituksia	NOUN	arvo#paperi#sijoitus
arvosaappailla	NOUN	arvo#saapas
arvosanoja	NOUN	arvo#sana
arvossa	NOUN	arvo
arvossaan	NOUN	arvo
arvosta	NOUN	arvo
arvosta	VERB	arvostaa
arvostan	VERB	arvostaa
arvostanut	VERB	arvostaa
arvostat	VERB	arvostaa
arvostelee	VERB	arvostella
arvostelemaan	VERB	arvostella
arvosteli	VERB	arvostella
arvostelijoita	NOUN	arvostelija
arvostelleet	VERB	arvostella
arvostellessaan	VERB	arvostella
arvostellut	VERB	arvostella
arvosteltu	VERB	arvostella
arvosteluihin	NOUN	arvostelu
arvostelun	NOUN	arvostelu
arvostettu	VERB	arvostaa
arvostetuimpia	ADJ	arvostettu
arvostetuksi	VERB	arvostaa
arvostuksen	NOUN	arvostus
arvostuskäytännöstä	NOUN	arvostus#käytäntö
arvostusmenetelmiä	NOUN	arvostus#menetelmä
arvostusmuutokset	NOUN	arvostus#muutos
arvostusmuutoksia	NOUN	arvostus#muutos
arvostusmuutoksista	NOUN	arvostus#muutos
arvostusmuutosten	NOUN	arvostus#muutos
arvostusta	NOUN	arvostus
arvot	NOUN	arvo
aršakiani-dynastian	NOUN	Aršakiani#dynastia
ase-	NOUN	ase
aseelliseen	ADJ	aseellinen
aseen	NOUN	ase
aseeseen	NOUN	ase
aseet	NOUN	ase
aseiden	NOUN	ase
aseistautunutta	VERB	aseistautua
aseistettua	VERB	aseistaa
aseistettuja	ADJ	aseistettu
aseistettuja	VERB	aseistaa
aseistuksen	NOUN	aseistus
aseistuksessaan	NOUN	aseistus
aseita	NOUN	ase
asemaa	NOUN	asema
asemaan	NOUN	asema
asemaansa	NOUN	asema
asemalaiturilla	NOUN	asema#laituri
asemalla	NOUN	asema
asemalta	NOUN	asema
asemaltaan	NOUN	asema
asemamme	NOUN	asema
aseman	NOUN	asema
asemansa	NOUN	asema
asemassa	NOUN	asema
asemasta	NOUN	asema
asemastaan	NOUN	asema
asemat	NOUN	asema
asemiaan	NOUN	asema
asemiehiä	NOUN	ase#mies
asemiin	NOUN	asema
asemoitui	VERB	asemoitua
asennemuutosta	NOUN	asenne#muutos
asenneremontilla	NOUN	asenne#remontti
asennettiin	VERB	asentaa
asennettu	VERB	asentaa
asennettuja	VERB	asentaa
asennevammaa	NOUN	asenne#vamma
asennon	NOUN	asento
asennossa	NOUN	asento
asennuksen	NOUN	asennus
asennuslevyä	NOUN	asennus#levy
asensivat	VERB	asentaa
asentanut	VERB	asentaa
asenteineen	NOUN	asenne
asentoa	NOUN	asento
asentoja	NOUN	asento
asentojen	NOUN	asento
asentoon	NOUN	asento
aseta	VERB	asettaa
asetamme	VERB	asettaa
asetan	VERB	asettaa
asetelmat	NOUN	asetelma
asetelmien	NOUN	asetelma
aseteltua	VERB	asetella
aseteta	VERB	asettaa
asetetaan	VERB	asettaa
asetettaisiin	VERB	asettaa
asetettava	VERB	asettaa
asetettavaksi	VERB	asettaa
asetettiin	VERB	asettaa
asetettu	VERB	asettaa
asetettuihin	VERB	asettaa
asetettuja	VERB	asettaa
asetettujen	VERB	asettaa
asetetut	VERB	asettaa
asettaakseen	VERB	asettaa
asettaisivat	VERB	asettaa
asettamalla	VERB	asettaa
asettamatta	VERB	asettaa
asettamien	VERB	asettaa
asettanut	VERB	asettaa
asettavat	VERB	asettaa
asettelematonta	VERB	asetella
asettelulla	NOUN	asettelu
asetti	VERB	asettaa
asettivat	VERB	asettaa
asettuessaan	VERB	asettua
asettui	VERB	asettua
asettuivat	VERB	asettua
asettumisen	NOUN	asettuminen
asettuu	VERB	asettua
asettuvat	VERB	asettua
asetukseen	NOUN	asetus
asetukseksi	NOUN	asetus
asetuksella	NOUN	asetus
asetuksen	NOUN	asetus
asetuksessa	NOUN	asetus
asetukset	NOUN	asetus
asetuksia	NOUN	asetus
asetuksissa	NOUN	asetus
asetun	VERB	asettua
asetusehdotuksen	NOUN	asetus#ehdotus
asetusluonnoksen	NOUN	asetus#luonnos
asetusta	NOUN	asetus
asetusten	NOUN	asetus
asetuttu	VERB	asettua
aseveliakselin	NOUN	ase#veli#akseli
asevoimia	NOUN	ase#voima
asevoimien	NOUN	ase#voimat
asfaltille	NOUN	asfaltti
asfaltin	NOUN	asfaltti
asfalttiin	NOUN	asfaltti
asiaa	NOUN	asia
asiaan	NOUN	asia
asiaan	PROPN	Asia
asiaankuluvaa	ADJ	asiaankuuluva
asiaankuuluvan	ADJ	asiaan#kuuluva
asiaankuuluvia	ADJ	asiaankuuluva
asiainhoitajana	NOUN	asiain#hoitaja
asiakaskunnalleen	NOUN	asiakas#kunta
asiakaskunnan	NOUN	asiakas#kunta
asiakassuhteesta	NOUN	asiakas#suhde
asiakasta	NOUN	asiakas
asiakastiedon	NOUN	asiakas#tieto
asiakirjan	NOUN	asia#kirja
asiakirjassa	NOUN	asia#kirja
asiakirjat	NOUN	asia#kirja
asiakirjoista	NOUN	asia#kirja
asiakirjoja	NOUN	asia#kirja
asiakkaamme	NOUN	asiakas
asiakkaan	NOUN	asiakas
asiakkaat	NOUN	asiakas
asiakkaiden	NOUN	asiakas
asiakkaidensa	NOUN	asiakas
asiakkaille	NOUN	asiakas
asiakkaista	NOUN	asiakas
asiakkaita	NOUN	asiakas
asiakkaittensa	NOUN	asiakas
asiaksemme	NOUN	asia
asiakysymykset	NOUN	asia#kysymys
asiakysymyksissä	NOUN	asia#kysymys
asialla	NOUN	asia
asialle	NOUN	asia
asialleen	NOUN	asia
asiallisen	ADJ	asiallinen
asiallisessa	ADJ	asiallinen
asiallista	ADJ	asiallinen
asiamiesten	NOUN	asia#mies
asian	NOUN	asia
asian	PROPN	Asia
asianajajat	NOUN	asian#ajaja
asianajotoimintaa	NOUN	asian#ajo#toiminta
asiani	NOUN	asia
asianmukaisella	ADJ	asian#mukainen
asianmukaisen	ADJ	asian#mukainen
asianmukaisiksi	ADJ	asian#mukainen
asianmukaista	ADJ	asian#mukainen
asianmukaisuuden	NOUN	asian#mukaisuus
asianomaiselle	ADJ	asian#omainen
asianomaisen	ADJ	asian#omainen
asianomaiset	ADJ	asian#omainen
asianomaisille	ADJ	asian#omainen
asianomaisissa	ADJ	asian#omainen
asianomaista	ADJ	asian#omainen
asianomaisten	ADJ	asian#omainen
asianosaisiin	ADJ	asian#osainen
asianosaisille	NOUN	asia#osainen
asiansa	NOUN	asia
asiantuntemusta	NOUN	asian#tuntemus
asiantuntevuudesta	NOUN	asia#tuntevuus
asiantuntija-apua	NOUN	asian#tuntija#apu
asiantuntijana	NOUN	asian#tuntija
asiantuntijaryhmältä	NOUN	asian#tuntija#ryhmä
asiantuntijat	NOUN	asian#tuntija
asiantuntijatehtäviin	NOUN	asian#tuntija#tehtävä
asiantuntijoiden	NOUN	asian#tuntija
asiantuntijoita	NOUN	asian#tuntija
asiapapereiden	NOUN	asia#paperi
asiapapereita	NOUN	asia#paperi
asiaryhmiä	NOUN	asia#ryhmä
asiassa	NOUN	asia
asiassa	PROPN	Asia
asiasta	NOUN	asia
asiat	NOUN	asia
asikaisen	PROPN	Asikainen
asioiden	NOUN	asia
asioihin	NOUN	asia
asiointiin	NOUN	asiointi
asiointilomakkeen	NOUN	asiointi#lomake
asioissa	NOUN	asia
asioista	NOUN	asia
asioita	NOUN	asia
askaisten	PROPN	Askainen
askarruttamaan	VERB	askarruttaa
askartelutyöpajat	NOUN	askartelu#työ#paja
askeleen	NOUN	askel
askeleet	NOUN	askel
askeleista	NOUN	askel
askeleita	NOUN	askel
askelia	NOUN	askel
askellan	VERB	askeltaa
askelsi	VERB	askeltaa
askelta	NOUN	askel
askin	NOUN	aski
asmolle	PROPN	Asmo
aspekteja	NOUN	aspekti
aspektien	NOUN	aspekti
aspektit	NOUN	aspekti
aspiriinin	NOUN	aspiriini
assosiaatiokomitealle	NOUN	assosiaatio#komitea
assosiaatiokomitean	NOUN	assosiaatio#komitea
assosiaatiokomiteoihin	NOUN	assosiaatio#komitea
assosiaationeuvostolle	NOUN	assosiaatio#neuvosto
assosiaationeuvoston	NOUN	assosiaatio#neuvosto
assosiaationeuvostossa	NOUN	assosiaatio#neuvosto
assosiaatiosopimuksella	NOUN	assosiaatio#sopimus
assosiaatiosopimuksen	NOUN	assosiaatio#sopimus
assosiaatiosopimuksessa	NOUN	assosiaatio#sopimus
assosiaatiosopimukset	NOUN	assosiaatio#sopimus
assosiaatiosopimusten	NOUN	assosiaatio#sopimus
assosiaatiosta	NOUN	assosiaatio
assosiointisopimusta	NOUN	assosiointi#sopimus
asteen	NOUN	aste
asteeseen	NOUN	aste
asteessa	NOUN	aste
asteesta	NOUN	aste
asteisessa	ADJ	asteinen
asteittaisen	ADJ	asteittainen
asteli	VERB	astella
astelin	VERB	astella
asteriskin	PROPN	Asteriski
asteriskit	NOUN	asteriski
astetta	NOUN	aste
astevaihtelua	NOUN	aste#vaihtelu
astialle	NOUN	astia
astinlautoina	NOUN	astin#lauta
astioita	NOUN	astia
astronautilla	NOUN	astronautti
astronauttia	NOUN	astronautti
astronauttien	NOUN	astronautti
astuessa	VERB	astua
astui	VERB	astua
astuin	VERB	astua
astuisi	VERB	astua
astumaan	VERB	astua
astumassa	VERB	astua
astumisen	NOUN	astuminen
astumista	NOUN	astuminen
astuneet	VERB	astua
astunut	VERB	astua
astutut	VERB	astua
astuu	VERB	astua
astuvan	VERB	astua
astuvat	VERB	astua
asu	VERB	asua
asui	VERB	asua
asuin	VERB	asua
asuin-	NOUN	asuin
asuinalueilla	NOUN	asuin#alue
asuinkatuaan	NOUN	asuin#katu
asuinkiinteistöjen	NOUN	asuin#kiinteistö
asuinkiinteistön	NOUN	asuin#kiinteistö
asuinpaikan	NOUN	asuin#paikka
asuissa	NOUN	asu
asuivat	VERB	asua
asujamisto	NOUN	asujaimisto
asukasluvultaan	NOUN	asukas#luku
asukkaalle	NOUN	asukas
asukkaan	NOUN	asukas
asukkaana	NOUN	asukas
asukkaaseen	NOUN	asukas
asukkaat	NOUN	asukas
asukkaiden	NOUN	asukas
asukkaille	NOUN	asukas
asukkailta	NOUN	asukas
asukkaista	NOUN	asukas
asukkaita	NOUN	asukas
asukokonaisuuteen	NOUN	asu#kokonaisuus
asukuvaa	NOUN	asu#kuva
asukuvaajaksi	NOUN	asu#kuvaaja
asukuvassa	NOUN	asu#kuva
asukuvia	NOUN	asu#kuva
asukuvista	NOUN	asu#kuva
asumaan	VERB	asua
asumattomien	ADJ	asumaton
asumisesta	NOUN	asuminen
asumiskäyttöön	NOUN	asua#käyttö
asumisvaihtoehtojen	NOUN	asumis#vaihto#ehto
asumme	VERB	asua
asumusten	NOUN	asumus
asun	VERB	asua
asuneen	VERB	asua
asunnoista	NOUN	asunto
asunnollani	NOUN	asunto
asunnollesi	NOUN	asunto
asunnon	NOUN	asunto
asunnonostajan	NOUN	asunto#ostaja
asunnossa	NOUN	asunto
asunnossasi	NOUN	asunto
asunnosta	NOUN	asunto
asunto-	NOUN	asunto
asunto-osakeyhtiölaissa	NOUN	asunto#osake#yhtiö#laki
asunto-osakeyhtiölakia	NOUN	asunto#osake#yhtiö#laki
asunto-osakeyhtiön	NOUN	asunto#osake#yhtiö
asuntoa	NOUN	asunto
asuntoihin	NOUN	asunto
asuntoja	NOUN	asunto
asuntojen	NOUN	asunto
asuntokin	NOUN	asunto
asuntokuplan	NOUN	asunto#kupla
asuntolainan	NOUN	asunto#laina
asuntolainoja	NOUN	asunto#laina
asuntolainojen	NOUN	asunto#laina
asuntomyyntiä	NOUN	asunto#myynti
asuntoni	NOUN	asunto
asuntonsa	NOUN	asunto
asuntoon	NOUN	asunto
asuntoonsa	NOUN	asunto
asuntorakentamisen	NOUN	asunto#rakentaminen
asuntorakentamista	NOUN	asunto#rakentaminen
asuntotuotannon	NOUN	asunto#tuotanto
asuntovarallisuudesta	NOUN	asunto#varallisuus
asuntovelan	NOUN	asunto#velka
asuntoyhtiönlain	NOUN	asunto#yhtiö#laki
asunut	VERB	asua
asussa	NOUN	asu
asustavani	VERB	asustaa
asustavat	VERB	asustaa
asutetut	VERB	asuttaa
asuttama	VERB	asuttaa
asuttavat	VERB	asuttaa
asuttu	VERB	asua
asuttua	VERB	asua
asutuksen	NOUN	asutus
asutusnimeä	NOUN	asutus#nimi
asutusta	NOUN	asutus
asuu	VERB	asua
asuun	NOUN	asu
asuuni	NOUN	asu
asuva	VERB	asua
asuvaa	VERB	asua
asuvan	VERB	asua
asuvat	VERB	asua
asuvien	VERB	asua
asuvista	VERB	asua
ateenan	PROPN	Ateena
ateljeessa	NOUN	ateljee
ateriaa	NOUN	ateria
ateriamestareiden	NOUN	ateria#mestari
aterian	NOUN	ateria
ateriani	NOUN	ateria
atk-pohjaista	ADJ	atk#pohjainen
atlantassa	PROPN	Atlanta
atlantikseen	PROPN	Atlantis
atlantiksen	PROPN	Atlantis
atlantin	PROPN	Atlantti
atrialta	PROPN	Atria
aucklandiin	PROPN	Auckland
aucklandin	PROPN	Auckland
audeja	PROPN	Audi
auditorion	NOUN	auditorio
auditorioon	NOUN	auditorio
augustuksen	PROPN	Augustus
aukaisee	VERB	aukaista
aukea	VERB	aueta
aukeaa	VERB	aueta
aukesi	VERB	aueta
aukesivat	VERB	aueta
aukkoja	NOUN	aukko
aukkojen	NOUN	aukko
aukkoon	NOUN	aukko
aukon	NOUN	aukko
aukoneesta	VERB	aukoa
aukosta	NOUN	aukko
auktorisoi	VERB	auktorisoida
auktorisoidun	VERB	auktorisoida
auktorisoidussa	VERB	auktorisoida
auktorisointitoimikunnalle	NOUN	auktorisointi#toimi#kunta
auktorisointiyhdistyksen	NOUN	auktorisointi#yhdistys
aulaa	NOUN	aula
aulaan	NOUN	aula
aulan	NOUN	aula
aulassa	NOUN	aula
auliimmin	ADV	auliisti
aunesluoman	PROPN	Aunesluoma
aunuksen	PROPN	Aunus
aurajoen	PROPN	Aurajoki
auramurua	NOUN	aura#muru
auran	PROPN	Aura
aurasi	VERB	aurata
auringo	NOUN	aurinko
auringolla	NOUN	aurinko
auringolle	NOUN	aurinko
auringolta	NOUN	aurinko
auringon	NOUN	aurinko
auringon	PROPN	Aurinko
auringonkukan	NOUN	auringon#kukka
auringonkukansiemenillä	NOUN	auringon#kukka#siemen
auringonlaskuja	NOUN	auringon#lasku
auringonlaskusta	NOUN	auringon#lasku
auringonnousua	NOUN	auringon#nousu
auringonpolttamien	ADJ	aurinko#polttama
auringonsäteissä	NOUN	auringon#säde
aurinkoa	NOUN	aurinko
aurinkoa	PROPN	Aurinko
aurinkoisena	ADJ	aurinkoinen
aurinkoon	NOUN	aurinko
aurinkosähköllä	NOUN	aurinko#sähkö
austinissa	PROPN	Austin
australiaan	PROPN	Australia
australialaisella	ADJ	australialainen
australialaisen	ADJ	australialainen
australian	PROPN	Australia
australiassa	PROPN	Australia
auta	VERB	auttaa
auteta	VERB	auttaa
autetaan	VERB	auttaa
autioitumissuuntaa	NOUN	autioitumis#suunta
autioituu	VERB	autioitua
autiomaasta	NOUN	autio#maa
autiomaiden	NOUN	autio#maa
autioon	ADJ	autio
autiota	ADJ	autio
auto-onnettomuuksien	NOUN	auto#onnettomuus
auto-onnettomuuteen	NOUN	auto#onnettomuus
autoa	NOUN	auto
autoaan	NOUN	auto
autoalan	NOUN	auto#ala
autoani	NOUN	auto
autofobian	NOUN	auto#fobia
autoilijaa	NOUN	autoilija
autoilla	NOUN	auto
autoille	NOUN	auto
autoilua	NOUN	autoilu
autoista	NOUN	auto
autoja	NOUN	auto
autojen	NOUN	auto
autokolarin	NOUN	auto#kolari
autoksi	NOUN	auto
autolla	NOUN	auto
autollaan	NOUN	auto
automaatin	NOUN	automaatti
automaattista	ADJ	automaattinen
automatkalle	NOUN	auto#matka
auton	NOUN	auto
autoni	NOUN	auto
autonomian	NOUN	autonomia
autonomiseen	ADJ	autonominen
autonomiselle	ADJ	autonominen
autonomisen	ADJ	autonominen
autonomisessa	ADJ	autonominen
autonomisissa	ADJ	autonominen
autonsa	NOUN	auto
autonvalmistajat	NOUN	auto#valmistaja
autonvalmistajia	NOUN	auto#valmistaja
autonvalmistajien	NOUN	auto#valmistaja
autonäyttelyssä	NOUN	auto#näyttely
autoon	NOUN	auto
autoonsa	NOUN	auto
autosi	NOUN	auto
autossa	NOUN	auto
autosta	NOUN	auto
autostaan	NOUN	auto
autot	NOUN	auto
auttaakseen	VERB	auttaa
auttaessa	VERB	auttaa
auttaisi	VERB	auttaa
auttamaan	VERB	auttaa
auttamalla	VERB	auttaa
auttamisesta	NOUN	auttaminen
auttanut	VERB	auttaa
auttavaan	VERB	auttaa
auttavassa	VERB	auttaa
auttavat	VERB	auttaa
auttoi	VERB	auttaa
avaa	VERB	avata
avaamalla	VERB	avata
avaamasta	VERB	avata
avaamista	NOUN	avaaminen
avaamme	VERB	avata
avaan	VERB	avata
avaavansa	VERB	avata
avaimella	NOUN	avain
avaimen	NOUN	avain
avaimen	PROPN	Avain
avaimet	NOUN	avain
avaimia	NOUN	avain
avain-kustantamo	NOUN	Avain#kustantamo
avainasemassa	NOUN	avain#asema
avainhenkilönä	NOUN	avain#henkilö
avainkortteja	NOUN	avain#kortti
avainkorttini	NOUN	avain#kortti
avajaisia	NOUN	avajaiset
avajaispuheenvuorossaan	NOUN	avajais#puheen#vuoro
avajaisten	NOUN	avajaiset
avanneet	VERB	avata
avannut	VERB	avata
avarassa	ADJ	avara
avarilla	ADJ	avara
avarsi	VERB	avartaa
avartavia	ADJ	avartava
avaruuden	NOUN	avaruus
avaruudesta	NOUN	avaruus
avaruusalusta	NOUN	avaruus#alus
avaruusarkin	NOUN	avaruus#arkki
avaruuskukkia	NOUN	avaruus#kukka
avaruuslennoksi	NOUN	avaruus#lento
avaruusluotaimia	NOUN	avaruus#luotain
avasi	VERB	avata
avasin	VERB	avata
avataan	VERB	avata
avaten	VERB	avata
avatessa	VERB	avata
avatessaan	VERB	avata
avattiin	VERB	avata
avattu	VERB	avata
avattua	VERB	avata
avattuun	VERB	avata
avatuksi	VERB	avata
avaukseen	NOUN	avaus
avauksen	NOUN	avaus
avauksia	NOUN	avaus
avauksista	NOUN	avaus
avausansan	NOUN	avaus#ansa
avauskaudesta	NOUN	avaus#kausi
avauskierroksella	NOUN	avaus#kierros
avauslaskun	NOUN	avaus#lasku
avausluennolta	NOUN	avaus#luento
avausmaalin	NOUN	avaus#maali
avaussanoissaan	NOUN	avaus#sana
avausta	NOUN	avaus
avautui	VERB	avautua
avautuivat	VERB	avautua
avautunut	VERB	avautua
avautuva	VERB	avautua
avautuvaa	VERB	avautua
avautuvassa	VERB	avautua
avautuvat	VERB	avautua
avecin	NOUN	avec
avioeroa	NOUN	avio#ero
avioerojen	NOUN	avio#ero
avioliiton	NOUN	avio#liitto
avioliitossa	NOUN	avio#liitto
avioliitosta	NOUN	avio#liitto
aviomiehensä	NOUN	avio#mies
avoimen	ADJ	avoin
avoimena	ADJ	avoin
avoimessa	ADJ	avoin
avoimia	ADJ	avoin
avoimien	ADJ	avoin
avoimiksi	ADJ	avoin
avoimilla	ADJ	avoin
avoimina	ADJ	avoin
avoimissa	ADJ	avoin
avoimista	ADJ	avoin
avoimuuden	NOUN	avoimuus
avoimuutta	NOUN	avoimuus
avointa	ADJ	avoin
avointen	ADJ	avoin
avokasmalliset	ADJ	avokas#mallinen
avoliitossa	NOUN	avoliitto
avomaiden	NOUN	avo#maa
avopokerin	NOUN	avo#pokeri
avoterveydenhuollossa	NOUN	avoterveydenhuolto
avuin	NOUN	apu
avukseen	NOUN	apu
avuksi	NOUN	apu
avulla	NOUN	apu
avullaan	NOUN	apu
avullakin	NOUN	apu
avullamme	NOUN	apu
avun	NOUN	apu
avunantajat	NOUN	avun#antaja
avunpyynnön	NOUN	avun#pyyntö
avusta	NOUN	apu
avustamaan	VERB	avustaa
avustaman	VERB	avustaa
avustamana	VERB	avustaa
avustettuna	VERB	avustaa
avusti	VERB	avustaa
avustuksella	NOUN	avustus
avustuksia	NOUN	avustus
avustusmäärästä	NOUN	avustus#määrä
avustusta	NOUN	avustus
avuttomat	ADJ	avuton
avuttomia	ADJ	avuton
ay-jäsenmaksuja	NOUN	ay#jäsen#maksu
ayn	PROPN	Ay
azerbaidžanin	PROPN	Azerbaidžan
azerbaidžanissa	PROPN	Azerbaidžan
azerin	NOUN	azeri
azoreiden	PROPN	Azorit
azorien	PROPN	Azorit
b-717-lentokoneista	NOUN	B#717#lento#kone
b-junioreissa	NOUN	b#juniori
b-luokan	NOUN	b#luokka
b-osake	NOUN	B#osake
b-siiven	NOUN	B#siipi
baabeliin	PROPN	Baabel
baari-iässä	NOUN	baari#ikä
baaria	NOUN	baari
baariin	NOUN	baari
baarissa	NOUN	baari
baarit	NOUN	baari
baarituolilta	NOUN	baari#tuoli
babitzinin	PROPN	Babitzin
backlink-data	NOUN	backlink#data
backlinkkaajien	NOUN	backlinkkaaja
backlinkkien	NOUN	backlinkki
bageista	NOUN	bag
bageja	NOUN	bag
bagrationi-dynastia	NOUN	Bagrationi#dynastia
bagrationi-dynastian	NOUN	Bagrationi#dynastia
bagrationi-dynastiasta	NOUN	Bagrationi#dynastia
bahamalta	PROPN	Bahama
baijeria	PROPN	Baijeri
baijerissa	PROPN	Baijeri
bajamajoineen	PROPN	bajamaja
bakerin	PROPN	Baker
bakteereja	NOUN	bakteeri
bakteerin	NOUN	bakteeri
bakussa	PROPN	Baku
baletin	NOUN	baletti
balettiesitystä	NOUN	baletti#esitys
balilla	PROPN	Bali
balkanilla	PROPN	Balkan
balkanin	PROPN	Balkan
balsamietikkaa	NOUN	balsami#etikka
baltian	PROPN	Baltia
baltsuissa	NOUN	baltsu
bambua	NOUN	bambu
bangkokin	PROPN	Bangkok
bangkokista	PROPN	Bangkok
bangladeshin	PROPN	Bangladesh
banjosta	NOUN	banjo
bankin	PROPN	Bank
bannattiin	VERB	bannata
banoffeeta	PROPN	Banoffee
barbeilla	NOUN	barbi
barcelonan	PROPN	Barcelona
barclayta	PROPN	Barclay
barentsinmerellä	PROPN	Barentsin#meri
barin-tutkimuksen	NOUN	Barin#tutkimus
barokkiorkesteria	NOUN	barokki#orkesteri
barometrin	NOUN	barometri
basilikaa	NOUN	basilika
basilikalla	NOUN	basilika
basillien	NOUN	basilli
baskiedustajat	NOUN	baski#edustaja
bassoa	NOUN	basso
bauskan	PROPN	Bauska
baylle	PROPN	Bay
bayllä	PROPN	Bay
bayn	PROPN	Bay
bayssa	PROPN	Bay
baytä	PROPN	Bay
bbc-draamassa	NOUN	BBC#draama
bbc:lle	PROPN	BBC
bbc:n	PROPN	BBC
bechin	PROPN	Bech
beckerin	PROPN	Becker
beganin	PROPN	Began
begia	PROPN	Belgia
belgiaa	PROPN	Belgia
belgiaan	PROPN	Belgia
belgialaisen	NOUN	belgialainen
belgialaisin	ADJ	belgialainen
belgian	PROPN	Belgia
belgiassa	PROPN	Belgia
belgradilaisessa	ADJ	belgradilainen
benediktiineihin	NOUN	benediktiini
benelux-maiden	NOUN	Benelux#maa
bengaa	PROPN	benga
bensiinillä	NOUN	bensiini
bensiinimoottoreina	NOUN	bensiini#moottori
bensiinimoottorit	NOUN	bensiini#moottori
bergmanin	PROPN	Bergman
bergèresin	PROPN	Bergères
berliinin	PROPN	Berliini
berlosconin	PROPN	Berlosconi
berlusconia	PROPN	Berlusconi
berlusconiin	PROPN	Berlusconi
berlusconin	PROPN	Berlusconi
bermudan	PROPN	Bermuda
bet-kirjaimella	NOUN	bet#kirjain
beta-saliin	NOUN	Beta#sali
bethin	PROPN	Beth
betlehemiin	PROPN	Betlehem
betonielementeistä	NOUN	betoni#elementti
betonielementtiseinät	NOUN	betoni#elementti#seinä
betoniselta	ADJ	betoninen
beuthenissa	PROPN	Beuthen
bhutanin	PROPN	Bhutan
bicin	PROPN	Bic
biisin	NOUN	biisi
biisinkirjoittajia	NOUN	biisi#kirjoittaja
biisissä	NOUN	biisi
biitsillä	NOUN	biitsi
bikbokilta	PROPN	Bikbok
bikbokista	PROPN	Bikbok
bileiltä	NOUN	bileet
bileistä	NOUN	bileet
bileitä	NOUN	bileet
biletti	VERB	bilettää
biljardia	NOUN	biljardi
biljardissa	NOUN	biljardi
billboard-listan	NOUN	Billboard#lista
billboardin	PROPN	Billboard
bimboa	NOUN	bimbo
binderupin	PROPN	Binderup
bio-	NOUN	bio
bioaffiniteettimäärityksissä	NOUN	bio#affiniteetti#määritys
bioalalla	NOUN	bio#ala
bioalan	NOUN	bio#ala
bioalasta	NOUN	bio#ala
biodiversiteetin	NOUN	biodiversiteetti
biodiversiteettiin	NOUN	biodiversiteetti
biodiversiteettikirjallisuuden	NOUN	biodiversiteetti#kirjallisuus
biodiversiteettitutkimukselle	NOUN	biodiversiteetti#tutkimus
biodiversiteettitutkimuksen	NOUN	biodiversiteetti#tutkimus
biodiversiteettivarojen	NOUN	biodiversiteetti#vara
biodiversiteettiä	NOUN	biodiversiteetti
biodiversiteetutkimuksen	NOUN	biodiversiteetti#tutkimus
bioinformatiikan	NOUN	bio#informatiikka
biokemian	NOUN	bio#kemia
biokemistin	NOUN	bio#kemisti
biologian	NOUN	biologia
biologisten	ADJ	biologinen
bioteknologiakeskuksesta	NOUN	bio#teknologia#keskus
biotieteiden	NOUN	bio#tiede
biotuotteiden	NOUN	bio#tuote
birinuksen	PROPN	Birinus
birminghamia	PROPN	Birmingham
bismarckin	PROPN	Bismarck
bithyniaan	PROPN	Bithynia
bithynian	PROPN	Bithynia
bittitaivaaseen	NOUN	bitti#taivas
bittorrent-palvelu	NOUN	bittorrent#palvelu
bittorrent-palvelujen	NOUN	bittorrent#palvelu
bittorrentia	PROPN	BitTorrent
bk:hon	PROPN	BK
bkt:sta	NOUN	bkt
blackberry-valmistaja	NOUN	Blackberry#valmistaja
blackburniin	PROPN	Blackburn
blackburnissa	PROPN	Blackburn
blamen	PROPN	Blame
blancon	PROPN	Blanco
blankan	PROPN	Blanka
blogeista	NOUN	blogi
bloggaajille	NOUN	bloggaaja
blogi-itsaria	NOUN	blogi#itsari
blogiin	NOUN	blogi
blogin	NOUN	blogi
blogini	NOUN	blogi
blogissa	NOUN	blogi
blogissaan	NOUN	blogi
blogissani	NOUN	blogi
bloombergin	PROPN	Bloomberg
bluebellsin	PROPN	Bluebells
bluesin	PROPN	Blues
bluesissa	PROPN	Blues
bockin	PROPN	Bock
boetticherin	PROPN	Boetticher
bogomoloffin	PROPN	Bogomoloff
bokassaa	PROPN	Bokassa
bondia	PROPN	Bond
bongattu	VERB	bongata
bonnin	PROPN	Bonn
bonuskappaleet	NOUN	bonus#kappale
booker-ehdokkaina	NOUN	Booker#ehdokas
boskärillä	PROPN	Boskär
bosniaan	PROPN	Bosnia
bostonin	PROPN	Boston
bostonissa	PROPN	Boston
bottalle	PROPN	Botta
boylen	PROPN	Boyle
brabantin	PROPN	Brabant
brahen	PROPN	Brahe
brandeille	NOUN	brandi
brasilialaiset	NOUN	brasilialainen
brasilian	PROPN	Brasilia
brasiliasta	PROPN	Brasilia
brasílialaisessa	ADJ	brasilialainen
brb:ssa	PROPN	BRB
breivikin	PROPN	Breivik
breletin	PROPN	Brelet
bremerin	PROPN	Bremer
bremptonissa	PROPN	Brempton
bric-maissa	NOUN	BRIC#maa
britan	PROPN	Brita
britannian	PROPN	Britannia
britanniassa	PROPN	Britannia
britistä	NOUN	britti
brittien	NOUN	britti
brittijäseniä	NOUN	britti#jäsen
brittilistan	NOUN	britti#lista
brittiläisen	ADJ	brittiläinen
brittiläiset	ADJ	brittiläinen
brittiläisissä	ADJ	brittiläinen
broadwayn	PROPN	Broadway
brockin	PROPN	Brock
broekin	PROPN	Broek
broileria	NOUN	broileri
broilerin	NOUN	broileri
broileripitsaa	NOUN	broileri#pitsa
brosyyria	NOUN	brosyyri
brunssiksi	NOUN	brunssi
brunssilta	NOUN	brunssi
bruttokansantuotteen	NOUN	brutto#kansan#tuote
bruttokansantuotteesta	NOUN	brutto#kansan#tuote
bruttona	NOUN	brutto
bruttotulot	NOUN	brutto#tulo
bruttovuosituloilla	NOUN	brutto#vuosi#tulo
brysseliin	PROPN	Bryssel
brysselin	PROPN	Bryssel
brysselissä	PROPN	Bryssel
brändiä	NOUN	brändi
bucin	PROPN	Buc
budapestissa	PROPN	Budapest
budjetin	NOUN	budjetti
budjetista	NOUN	budjetti
budjettileikkauksia	NOUN	budjetti#leikkaus
budjettirahoitusta	NOUN	budjetti#rahoitus
buffettin	PROPN	Buffett
bugeja	NOUN	bugi
bugikorjauksien	NOUN	bugi#korjaus
bukowski-hörhammerin	PROPN	Bukowski-Hörhammer
bukowskin	PROPN	Bukowski
buleriasia	PROPN	bulerias
bulgarialaisilta	NOUN	bulgarialainen
bulgarian	PROPN	Bulgaria
bulgariassa	PROPN	Bulgaria
bulk-rahtia	NOUN	bulk#rahti
bulk-satama	NOUN	Bulk#satama
bullardia	PROPN	Bullard
bungalowiin	NOUN	bungalow
bunkkerimaiset	ADJ	bunkkeri#mainen
burbankin	PROPN	Burbank
burkea	PROPN	Burke
bushiin	PROPN	Bush
bushin	PROPN	Bush
businessin	PROPN	Business
bussiaikatauluja	NOUN	bussi#aika#taulu
bussiin	NOUN	bussi
bussikuskin	NOUN	bussi#kuski
bussikyydillä	NOUN	bussi#kyyti
bussin	NOUN	bussi
bussissa	NOUN	bussi
buttenhofille	PROPN	Buttenhof
buukatut	VERB	buukata
by-tyypin	NOUN	BY#tyyppi
byrokratian	NOUN	byrokratia
bysantin	PROPN	Bysantti
bysanttia	PROPN	Bysantti
bäckmanin	PROPN	Bäckman
bändejä	NOUN	bändi
bändiinsä	NOUN	bändi
bändissä	NOUN	bändi
böndestä	NOUN	bönde
c-junnuissa	NOUN	C#junnu
c/c++:n	PROPN	C/C++
c:n	PROPN	c
caioon	PROPN	Caio
calf-yhtyeestä	PROPN	Calf#yhtye
calgaryn	PROPN	Calgary
caloniassa	PROPN	Calonia
canalysin	PROPN	Canalys
canarialle	PROPN	Canaria
canarian	PROPN	Canaria
candyn	PROPN	Candy
cap-indeksi	NOUN	Cap#indeksi
capitalin	PROPN	Capital
capoten	PROPN	Capote
caracasista	PROPN	Caracas
cardiffia	PROPN	Cardiff
carlosille	PROPN	Carlos
carlsonin	PROPN	Carlson
carnegiein	PROPN	Carnegie
carolinen	PROPN	Caroline
cas-numero	NOUN	CAS#numero
casaresin	PROPN	Casares
cathode-tyyppiselle	ADJ	cathode#tyyppinen
caton	PROPN	Cato
caudronia	PROPN	Caudron
cayesiin	PROPN	Cayes
cayesin	PROPN	Cayes
ccd-kenno	NOUN	CCD#kenno
cd-levy	NOUN	cd#levy
cd-levyillä	NOUN	cd#levy
cd-rom-levyllä	NOUN	cd#rom#levy
cd-soitinkin	NOUN	CD#soitin
cd-soittimen	NOUN	cd#soitin
cd:nä	NOUN	CD
cedaw-sopimuksen	NOUN	CEDAW#sopimus
cedaw-sopimus	NOUN	CEDAW#sopimus
cedaw-yleissopimuksen	NOUN	CEDAW#yleis#sopimus
ceiops:lle	PROPN	CEIOPS
ceiops:llä	PROPN	CEIOPS
ceiops:n	PROPN	CEIOPS
cen	X	_
cernin	PROPN	CERN
cernissä	PROPN	CERN
cernistä	PROPN	Cern
chargerista	PROPN	Charger
chattanoogassa	PROPN	Chattanooga
cherin	PROPN	Cher
chicagon	PROPN	Chicago
chilen	PROPN	Chile
chinaskin	PROPN	Chinaski
chopin-improvisaatioillaan	NOUN	Chopin#improvisaatio
chrestuksen	PROPN	Chrestus
chrestusta	PROPN	Chrestus
chávezin	PROPN	Chávez
citroeninsa	PROPN	Citroen
citymarketin	NOUN	city#market
cityn	PROPN	City
cityssa	PROPN	City
cityä	PROPN	City
clintonille	PROPN	Clinton
clintonin	PROPN	Clinton
clubia	PROPN	Club
clubilla	PROPN	Club
clubin	NOUN	club
clutterin	PROPN	Clutter
cn-koodiin	NOUN	CN#koodi
cocktailin	NOUN	cocktail
codeshare-lento	NOUN	codeshare#lento
colinin	PROPN	Colin
colliderin	PROPN	Collider
coloradon	PROPN	Colorado
commerzbankin	PROPN	Commerzbank
commonsissa	PROPN	Commons
companyn	PROPN	Company
concepteja	NOUN	concept
connecticutin	PROPN	Connecticut
connecticutissa	PROPN	Connecticut
connerympään	ADJ	connery
constaa	PROPN	Consta
coo:ksi	PROPN	COO
cookiet	NOUN	cookie
cookin	PROPN	Cook
coolimman	ADJ	cool
coruscunanttiin	PROPN	Coruscunantt
cosmeticsin	PROPN	Cosmetics
cosplay-	NOUN	cosplay
cosplay-kisaajien	NOUN	cosplay#kisaaja
cosplay-puku-	NOUN	cosplay#puku
coudenhove-kalergin	PROPN	Coudenhove-Kalerg
countachin	PROPN	Countach
couturen	PROPN	Couture
cover-raita	NOUN	cover#raita
coverversion	NOUN	cover#versio
crissin	PROPN	Criss
croissantit	NOUN	croissant
crowleyn	PROPN	Crowley
cunninghamiksi	PROPN	Cunningham
cunninghamin	PROPN	Cunningham
cupia	NOUN	cup
cupin	NOUN	cup
cupin	PROPN	Cup
cupvoittajien	NOUN	cup#voittaja
currya	NOUN	curry
cuzcoon	PROPN	Cuzco
cv-sivua	NOUN	CV#sivu
cviček-viiniä	NOUN	Cviček#viini
cyclingin	NOUN	cycling
d-asentoa	NOUN	D#asento
daamiaan	NOUN	daami
daamit	NOUN	daami
dagbladetin	PROPN	Dagbladet
dagestanin	PROPN	Dagestan
daideilijaa	NOUN	daideilija
damiin	PROPN	Dam
dance-vaikutteilla	NOUN	dance#vaikute
dannyn	PROPN	Danny
danskelta	PROPN	Dansk
danun	PROPN	Danu
dataa	NOUN	data
dataliikennettä	NOUN	data#liikenne
dataliikenteestä	NOUN	data#liikenne
datallakin	NOUN	data
datan	NOUN	data
datassa	NOUN	data
datasta	NOUN	data
davisin	PROPN	Davis
dc-8	NUM	DC#8
ddr:n	NOUN	DDR
deathgrind-yhtye	NOUN	deathgrind#yhtye
debyyttialbumilleen	NOUN	debyytti#albumi
debyyttinsä	NOUN	debyytti
deekut	NOUN	deeku
deflaatioon	NOUN	deflaatio
deklinaatioiksi	NOUN	deklinaatio
delanoëta	PROPN	Delanoë
delegoitu	VERB	delegoida
delilah-musikaali	NOUN	Delilah#musikaali
delilah-musikaalia	NOUN	Delilah#musikaali
deltalaista	NOUN	deltalainen
deltalaisten	NOUN	deltalainen
deltan	PROPN	Delta
dementian	NOUN	dementia
demokraattien	NOUN	demokraatti
demokraattijohtajat	NOUN	demokraatti#johtaja
demokraattipuolueen	NOUN	demokraatti#puolue
demokraattiset	ADJ	demokraattinen
demokraattisille	ADJ	demokraattinen
demokratia-	NOUN	demokratia
demokratiaa	NOUN	demokratia
demokratiaan	NOUN	demokratia
demokratiaksi	NOUN	demokratia
demokratialausekkeessa	NOUN	demokratia#lauseke
demokratian	NOUN	demokratia
demokratioissa	NOUN	demokratia
demokratisoitumisprosessin	NOUN	demokratisoitumis#prosessi
demonstraatioita	NOUN	demonstraatio
demonstraatiolla	NOUN	demonstraatio
demonstraatiotarkoituksessa	NOUN	demonstraatio#tarkoitus
denisen	PROPN	Denise
denmarkin	PROPN	Denmark
deodoranttia	NOUN	deodorantti
departementissa	NOUN	departementti
departementtia	NOUN	departementti
derbya	PROPN	Derby
desimaalilla	NOUN	desimaali
devilsin	PROPN	Devils
diabeetikkojen	NOUN	diabeetikko
diagnostiikkaan	NOUN	diagnostiikka
diagonaalilla	NOUN	diagonaali
dialogia	NOUN	dialogi
diamondin	PROPN	Diamond
dieettiä	NOUN	dieetti
diegossa	PROPN	Diego
dieseliin	NOUN	diesel
dieselin	NOUN	diesel
digipokkarilla	NOUN	digi#pokkari
digisovitinta	NOUN	digi#sovitin
digitaali-	ADJ	digitaali
digitaalisen	ADJ	digitaalinen
digitaalisiin	ADJ	digitaalinen
digitaalista	ADJ	digitaalinen
digitille	PROPN	Digit
digitillä	PROPN	Digit
digitin	NOUN	digit
digitin	PROPN	Digit
digitointihankkeelle	NOUN	digitointi#hanke
dijkin	PROPN	Dijk
diktaattorit	NOUN	diktaattori
diktatuureissa	NOUN	diktatuuri
diktatuuria	NOUN	diktatuuri
diktatuurissa	NOUN	diktatuuri
dinosaurukset	NOUN	dinosaurus
dinosauruksia	NOUN	dino#saurus
diofantoksen	PROPN	Diofantos
dioksiinipitoisuuksia	NOUN	dioksiini#pitoisuus
dionysokseen	PROPN	Dionysos
diplomi-insinööri	NOUN	diplomi#insinööri
diplomi-insinööriksi	NOUN	diplomi#insinööri
diplomi-insinöörin	NOUN	diplomi#insinööri
diplomi-insiöörimies	NOUN	diplomi#insinööri#mies
dippasin	VERB	dipata
directconnectin	PROPN	DirectConnect
direktiivejä	NOUN	direktiivi
direktiiviehdotuksesta	NOUN	direktiivi#ehdotus
direktiivien	NOUN	direktiivi
direktiiviin	NOUN	direktiivi
direktiiviksi	NOUN	direktiivi
direktiivillä	NOUN	direktiivi
direktiivin	NOUN	direktiivi
direktiivissä	NOUN	direktiivi
direktiivistä	NOUN	direktiivi
direktiivit	NOUN	direktiivi
direktiiviä	NOUN	direktiivi
diskurssissa	NOUN	diskurssi
divareihin	NOUN	divari
divergenttiä	ADJ	divergentti
divisioonaan	NOUN	divisioona
diàoyútáin	PROPN	Diàoyútái
dj:stänsä	NOUN	dj
dkny:n	PROPN	DKNY
dn:lle	PROPN	DN
dna:nsa	NOUN	DNA
dockeryn	PROPN	Dockery
dokumentin	NOUN	dokumentti
dokumentoiduista	VERB	dokumentoida
dokumentoinnin	NOUN	dokumentointi
dokumentointia	NOUN	dokumentointi
dokumentointiin	NOUN	dokumentointi
dokumentoitu	VERB	dokumentoida
dokumenttielokuvaa	NOUN	dokumentti#elo#kuva
dokumenttiromaanissa	NOUN	dokumentti#romaani
dolenjskan	PROPN	Dolenjska
dollaria	NOUN	dollari
dollariin	NOUN	dollari
dollarilla	NOUN	dollari
dollarimääräisiä	ADJ	dollari#määräinen
dollarin	NOUN	dollari
dominoi	VERB	dominoida
donwoodin	PROPN	Donwood
dopingia	NOUN	doping
dopingin	NOUN	doping
doranin	PROPN	Doran
doria-tietokannasta	NOUN	Doria#tieto#kanta
dosentin	NOUN	dosentti
dosille	PROPN	DOS
douglaskuusia	NOUN	douglas#kuusi
downshiftaajat	NOUN	downshiftaaja
downshiftaajiksi	NOUN	downshiftaaja
downshiftaamista	NOUN	downshiftaaminen
downshifting-ilmiöön	NOUN	downshifting#ilmiö
draamaa	NOUN	draama
draamansa	NOUN	draama
drakman	NOUN	drakma
dramaattisen	ADJ	dramaattinen
dramateniin	PROPN	Dramaten
dramatenin	PROPN	Dramaten
drinkin	NOUN	drinkki
dtp-puolueen	NOUN	DTP#puolue
dubaista	PROPN	Dubai
dublinin	PROPN	Dublin
dublinissa	PROPN	Dublin
duettokumppanin	NOUN	duetto#kumppani
duffin	PROPN	Duff
dumpit	NOUN	dumppi
dundeeta	PROPN	Dundee
duodecim-palkinnon	NOUN	Duodecim#palkinto
duodecim-palkinto	NOUN	Duodecim#palkinto
duodecimin	PROPN	Duodecim
duumalta	NOUN	duuma
duuman	NOUN	duuma
duunannut	VERB	duunata
duunia	NOUN	duuni
duuninsa	NOUN	duuni
dvd:n	NOUN	DVD
dvd:nä	NOUN	DVD
dvd:tä	NOUN	DVD
dxe4#	SYM	Dxe4#
dynamiikkaan	NOUN	dynamiikka
dynamiittipanokset	NOUN	dynamiitti#panos
dynastian	NOUN	dynastia
dynastiana	NOUN	dynastia
dynastioiden	NOUN	dynastia
díazin	PROPN	Díaz
džavakhetiin	PROPN	Džavakhet
e70-tietä	NOUN	E70#tie
eay:n	PROPN	EAY
economicsin	PROPN	Economics
ecuadorilais-yhdysvaltalainen	ADJ	ecuadorilais#yhdysvaltalainen
ecuadorissa	PROPN	Ecuador
ecun	NOUN	ecu
edelfeltin	PROPN	Edelfelt
edelleenkin	ADV	edelleen
edelleenkään	ADV	edelleen
edellinenkin	ADJ	edellinen
edelliseen	ADJ	edellinen
edellisellä	ADJ	edellinen
edellisen	ADJ	edellinen
edellisenä	ADJ	edellinen
edellisessä	ADJ	edellinen
edellisestä	ADJ	edellinen
edellisestäkään	ADJ	edellinen
edellisistä	ADJ	edellinen
edelliskaudella	NOUN	edellis#kausi
edelliskertaa	NOUN	edellis#kerta
edellisvuoden	NOUN	edellis#vuosi
edellisvuodesta	NOUN	edellis#vuosi
edellisvuosien	NOUN	edellis#vuosi
edellisvuoteen	NOUN	edellis#vuosi
edellytettyjä	VERB	edellyttää
edellytettäviin	VERB	edellyttää
edellytettävistä	VERB	edellyttää
edellytetyin	VERB	edellyttää
edellytetyt	VERB	edellyttää
edellytetään	VERB	edellyttää
edellyttäen	VERB	edellyttää
edellyttäisi	VERB	edellyttää
edellyttämän	VERB	edellyttää
edellyttämät	VERB	edellyttää
edellyttävän	VERB	edellyttää
edellyttävät	VERB	edellyttää
edellytyksellä	NOUN	edellytys
edellytyksenä	NOUN	edellytys
edellytykset	NOUN	edellytys
edellytyksillä	NOUN	edellytys
edellytyksin	NOUN	edellytys
edellytyksistä	NOUN	edellytys
edellytyksiä	NOUN	edellytys
edellytysten	NOUN	edellytys
edellytä	VERB	edellyttää
edellämainitussa	NOUN	edellä#mainittu
edeltäjänsä	NOUN	edeltäjä
edeltäneen	VERB	edeltää
edeltäneinä	VERB	edeltää
edeltävän	ADJ	edeltävä
edeltävänä	VERB	edeltää
edeltävät	ADJ	edeltävä
edeltävää	VERB	edeltää
edeltävään	VERB	edeltää
edenneet	VERB	edetä
edennyt	VERB	edetä
edesmenneen	ADJ	edes#mennyt
edesmennyt	VERB	edes#mennä
edessämme	ADV	edessä
edessään	ADP	edessä
edessään	ADV	edessä
edetessä	VERB	edetä
edettävä	VERB	edetä
edinburghiin	PROPN	Edinburgh
edistettäessä	VERB	edistää
edistettävä	VERB	edistää
edistetään	VERB	edistää
edistivät	VERB	edistää
edistymisestä	NOUN	edistyminen
edistymistä	NOUN	edistyminen
edistyneet	VERB	edistyä
edistyneitä	ADJ	edistynyt
edistynyt	VERB	edistyä
edistystä	NOUN	edistys
edistytty	VERB	edistyä
edistyy	VERB	edistyä
edistä	VERB	edistää
edistämiseen	NOUN	edistäminen
edistämiseksi	NOUN	edistäminen
edistämisessä	NOUN	edistäminen
edistämään	VERB	edistää
edistäviä	VERB	edistää
edistääksemme	VERB	edistää
editoidulle	VERB	editoida
editoreista	NOUN	editori
editorin	NOUN	editori
eduilla	NOUN	etu
eduista	NOUN	etu
eduksi	NOUN	etu
edulliseksi	ADJ	edullinen
edullisemmiksi	ADJ	edullinen
edullisen	ADJ	edullinen
edullisia	ADJ	edullinen
edun	NOUN	etu
edunmukaisuudesta	NOUN	etu#mukaisuus
edunsaajia	NOUN	edun#saaja
edunsaajille	NOUN	edun#saaja
edunvalvonnan	NOUN	edun#valvonta
edunvalvontasektorilla	NOUN	edun#valvonta#sektori
eduskunnan	NOUN	edus#kunta
eduskunnassa	NOUN	edus#kunta
eduskuntaan	NOUN	edus#kunta
eduskuntakäsittelyineenkin	NOUN	edus#kunta#käsittely
eduskuntavaaleihin	NOUN	edus#kunta#vaalit
eduskuntavaaleissa	NOUN	edus#kunta#vaalit
edustaen	VERB	edustaa
edustajaa	NOUN	edustaja
edustajainhuoneessa	NOUN	edustaja#huone
edustajakokouksessa	NOUN	edustaja#kokous
edustajalle	NOUN	edustaja
edustajalta	NOUN	edustaja
edustajana	NOUN	edustaja
edustajapaikkoja	NOUN	edustaja#paikka
edustajat	NOUN	edustaja
edustajia	NOUN	edustaja
edustajien	NOUN	edustaja
edustajilla	NOUN	edustaja
edustajillaan	NOUN	edustaja
edustajista	NOUN	edustaja
edustalla	NOUN	edusta
edustalle	NOUN	edusta
edustama	VERB	edustaa
edustamasta	VERB	edustaa
edustanut	VERB	edustaa
edustava	VERB	edustaa
edustavaa	VERB	edustaa
edustavaan	ADJ	edustava
edustavat	VERB	edustaa
edustavia	ADJ	edustava
edustavia	VERB	edustaa
edustavin	ADJ	edustava
edustavina	VERB	edustaa
edustettuina	VERB	edustaa
edustettuna	VERB	edustaa
edusti	VERB	edustaa
edustivat	VERB	edustaa
edustusjoukkueeseen	NOUN	edustus#joukkue
edustussaunalla	NOUN	edustus#sauna
edustustehtävissä	NOUN	edustus#tehtävä
edut	NOUN	etu
eeppisen	ADJ	eeppinen
eerikin	PROPN	Eerik
ees	ADV	edes
eettisistä	ADJ	eettinen
eettisiä	ADJ	eettinen
eettisten	ADJ	eettinen
eetvartin	PROPN	Eetvartti
egrisiin	PROPN	Egris
egyptiläismiehen	NOUN	egyptiläis#mies
egyptin	PROPN	Egypti
egyptissä	PROPN	Egypti
ehdi	VERB	ehtiä
ehdin	VERB	ehtiä
ehditte	VERB	ehtiä
ehdittyä	VERB	ehtiä
ehdoin	NOUN	ehto
ehdoista	NOUN	ehto
ehdoitta	NOUN	ehto
ehdokasmaalle	NOUN	ehdokas#maa
ehdokasta	NOUN	ehdokas
ehdokasvaltioksi	NOUN	ehdokas#valtio
ehdokkaakseen	NOUN	ehdokas
ehdokkaaksi	NOUN	ehdokas
ehdokkaan	NOUN	ehdokas
ehdokkaat	NOUN	ehdokas
ehdokkaiden	NOUN	ehdokas
ehdokkaista	NOUN	ehdokas
ehdolla	NOUN	ehto
ehdolle	NOUN	ehto
ehdolliseen	ADJ	ehdollinen
ehdolliseksi	ADJ	ehdollinen
ehdollisen	ADJ	ehdollinen
ehdollisena	ADJ	ehdollinen
ehdollisia	ADJ	ehdollinen
ehdollista	ADJ	ehdollinen
ehdollistettuja	VERB	ehdollistaa
ehdon	NOUN	ehto
ehdonalaisvalvojansa	NOUN	ehdon#alais#valvoja
ehdot	NOUN	ehto
ehdotamme	VERB	ehdottaa
ehdotetaan	VERB	ehdottaa
ehdotettavia	VERB	ehdottaa
ehdotettiin	VERB	ehdottaa
ehdotettua	VERB	ehdottaa
ehdotettuun	VERB	ehdottaa
ehdotetuista	VERB	ehdottaa
ehdotetun	VERB	ehdottaa
ehdotetut	VERB	ehdottaa
ehdottamaa	VERB	ehdottaa
ehdottamaan	VERB	ehdottaa
ehdottamista	VERB	ehdottaa
ehdottanut	VERB	ehdottaa
ehdotti	VERB	ehdottaa
ehdottivat	VERB	ehdottaa
ehdottomaan	ADJ	ehdoton
ehdottoman	ADJ	ehdoton
ehdotukseen	NOUN	ehdotus
ehdotukselle	NOUN	ehdotus
ehdotuksen	NOUN	ehdotus
ehdotuksensa	NOUN	ehdotus
ehdotuksessa	NOUN	ehdotus
ehdotuksesta	NOUN	ehdotus
ehdotuksestamme	NOUN	ehdotus
ehdotukset	NOUN	ehdotus
ehdotuksia	NOUN	ehdotus
ehdotuksianne	NOUN	ehdotus
ehdotuksista	NOUN	ehdotus
ehdotusta	NOUN	ehdotus
ehdotusten	NOUN	ehdotus
ehjänä	ADJ	ehjä
ehkäisemiseksi	NOUN	ehkäiseminen
ehkäisevien	VERB	ehkäistä
ehkäiseväksi	VERB	ehkäistä
ehkäisevänä	VERB	ehkäistä
ehkäistäessä	VERB	ehkäistä
ehkäistään	VERB	ehkäistä
ehkäisyyn	NOUN	ehkäisy
ehrnroothin	PROPN	Ehrnrooth
ehti	VERB	ehtiä
ehtii	VERB	ehtiä
ehtimisestä	NOUN	ehtiminen
ehtineet	VERB	ehtiä
ehtiny	VERB	ehtiä
ehtinyt	VERB	ehtiä
ehtisi	VERB	ehtiä
ehtisivät	VERB	ehtiä
ehtivät	VERB	ehtiä
ehtoihin	NOUN	ehto
ehtoja	NOUN	ehto
ehtoona	NOUN	ehtoo
ehtoopuolelle	NOUN	ehtoo#puoli
ehtymätöntä	ADJ	ehtymätön
ehtynyt	VERB	ehtyä
ehyiksi	ADJ	ehyt
ehätti	VERB	ehättää
ei	ADJ	eri
ei-hyväksytyillä	ADJ	ei#hyväksytty
ei-hyväksytyiltä	ADJ	ei#hyväksytty
ei-hyväksytyllä	ADJ	ei#hyväksytty
ei-kaistapäitä	NOUN	ei#kaista#pää
ei-vastauksien	NOUN	ei#vastaus
eihän	AUX	ei
eiks	AUX	ei
eikä	AUX	ei
eikä	VERB	ei
eikö	AUX	ei
eikö	VERB	ei
eiköhän	AUX	ei
eikös	AUX	ei
eiliseen	ADJ	eilinen
eilisellä	ADJ	eilinen
eilisen	ADJ	eilinen
eilisen	NOUN	eilinen
eilisessä	ADJ	eilinen
eilistä	ADJ	eilinen
eilistä	NOUN	eilinen
einekset	NOUN	eines
einsteinin	PROPN	Einstein
eipä	AUX	ei
eipähän	AUX	ei
eipäs	ADV	ei
eivat	AUX	ei
eivät	AUX	ei
eivät	VERB	ei
eiväthän	AUX	ei
eivätkä	AUX	ei
eivätkö	AUX	ei
eka	ADV	ensin
ekaa	ADJ	eka
ekan	ADJ	eka
ekasta	ADJ	eka
ekokassissa	NOUN	eko#kassi
ekokaupunkisuunnitelmasta	NOUN	eko#kaupunki#suunnitelma
ekologisen	ADJ	ekologinen
ekologiset	ADJ	ekologinen
ekologisia	ADJ	ekologinen
ekologisten	ADJ	ekologinen
ekologisuutta	NOUN	ekologisuus
ekolokerossaan	NOUN	ekolokero
ekonomistit	NOUN	ekonomisti
ekosysteemejä	NOUN	ekosysteemi
ekosysteemiemme	NOUN	ekosysteemi
ekosysteemin	NOUN	ekosysteemi
ekp:lle	PROPN	EKP
ekp:n	PROPN	EKP
ekpj:n	PROPN	EKPJ
eksentrisyydet	NOUN	eksentrisyys
eksistentiaalisen	ADJ	eksistentiaalinen
ekskun	NOUN	eksku
eksoottisia	ADJ	eksoottinen
eksoplaneetan	NOUN	ekso#planeetta
eksoplaneettaa	NOUN	ekso#planeetta
ekspressiivisestä	ADJ	ekspressiivinen
ekstaasiin	NOUN	ekstaasi
ekstaasin	NOUN	ekstaasi
ekstaasitutkimuksesta	NOUN	ekstaasi#tutkimus
ekstrapyramidaalioireita	NOUN	ekstrapyramidaali#oire
ekstraterritoriaalista	ADJ	ekstra#territoriaalinen
eksyin	VERB	eksyä
eksymisen	NOUN	eksyminen
eksyneen	VERB	eksyä
eksyny	VERB	eksyä
eksynyt	VERB	eksyä
ekurin	PROPN	Ekur
elantonsa	NOUN	elanto
eleeltä	NOUN	ele
eleistä	NOUN	ele
elektra-tietokantaan	NOUN	ELEKTRA#tieto#kanta
elektroniikkarakentelua	NOUN	elektroniikka#rakentelu
elektroniset	ADJ	elektroninen
elelevät	VERB	elellä
elementtejä	NOUN	elementti
elementtiä	NOUN	elementti
elettäkään	NOUN	ele
elettäni	NOUN	ele
elettävä	VERB	elää
eletään	VERB	elää
eli	VERB	elää
elielinaukiota	PROPN	Elielinaukio
eliitin	NOUN	eliitti
eliittiin	NOUN	eliitti
eliittijuhlat	NOUN	eliitti#juhla
elimen	NOUN	elin
elimissä	NOUN	elin
elimistöön	NOUN	elimistö
elimiä	NOUN	elin
elin-	NOUN	elin
elinaa	PROPN	Elina
elinaikaa	NOUN	elin#aika
elinaikasi	NOUN	elin#aika
elinalueita	NOUN	elin#alue
elinikäiset	ADJ	elin#ikäinen
elinikäistä	ADJ	elin#ikäinen
eliniän	NOUN	elin#ikä
eliniänodotteeni	NOUN	eliniänodote
elinkeinoelämälle	NOUN	elin#keino#elämä
elinkeinoelämän	NOUN	elin#keino#elämä
elinkeinoministeriön	NOUN	elin#keino#ministeriö
elinkeinoministeriöstä	NOUN	elin#keino#ministeriö
elinkeinorakenteen	NOUN	elin#keino#rakenne
elinolosuhteita	NOUN	elin#olo#suhde
elintarvike-	NOUN	elin#tarvike
elintarvikealan	NOUN	elin#tarvike#ala
elintarvikekemian	NOUN	elin#tarvike#kemia
elintarvikeketjua	NOUN	elin#tarvike#ketju
elintarvikelaissa	NOUN	elin#tarvike#laki
elintarvikeohjelman	NOUN	elin#tarvike#ohjelma
elintarviketehtailijat	NOUN	elin#tarvike#tehtailija
elintarviketutkimuksen	NOUN	elin#tarvike#tutkimus
elintarvikeyritykset	NOUN	elin#tarvike#yritys
elintarvikkeiden	NOUN	elin#tarvike
elintarvikkeisiin	NOUN	elin#tarvike
elintarvikkeissa	NOUN	elin#tarvike
elintarvikkeita	NOUN	elin#tarvike
elintason	NOUN	elin#taso
elintasorajan	NOUN	elin#taso#raja
elintavoista	NOUN	elin#tapa
elintoiminnot	NOUN	elin#toiminto
elintoimintoni	NOUN	elin#toiminto
elintä	NOUN	elin
elintärkeitä	ADJ	elin#tärkeä
elinvoimaa	NOUN	elin#voima
elinvoimaiseksi	ADJ	elin#voimainen
elinvoiman	NOUN	elin#voima
elinvuotenaan	NOUN	elin#vuosi
elinympäristön	NOUN	elin#ympäristö
elinympäristöt	NOUN	elin#ympäristö
elinympäristöön	NOUN	elin#ympäristö
elisabethin	PROPN	Elisabeth
elitistikakaroiden	NOUN	elitisti#kakara
elitistisessä	ADJ	elitistinen
elitserienissä	PROPN	Elitserien
elivät	VERB	elää
elixian	PROPN	Elixia
eliöitä	NOUN	eliö
eliölajin	NOUN	eliö#laji
ell	SCONJ	jos
ellinä	PROPN	Elli
elliottin	PROPN	Elliott
eloa	NOUN	elo
eloisaa	ADJ	eloisa
elokehän	NOUN	elo#kehä
elokuisen	ADJ	elo#kuinen
elokuun	NOUN	elokuu
elokuussa	NOUN	elokuu
elokuuta	NOUN	elokuu
elokuva-alaa	NOUN	elo#kuva#ala
elokuvaa	NOUN	elo#kuva
elokuvaan	NOUN	elo#kuva
elokuvadebyyttinsä	NOUN	elo#kuva#debyytti
elokuvakoulun	NOUN	elo#kuva#koulu
elokuvan	NOUN	elo#kuva
elokuvassa	NOUN	elo#kuva
elokuvasta	NOUN	elo#kuva
elokuvasuosikeistani	NOUN	elo#kuva#suosikki
elokuvat	NOUN	elo#kuva
elokuvia	NOUN	elo#kuva
elokuville	NOUN	elo#kuva
elokuvissa	NOUN	elo#kuva
elokuvista	NOUN	elo#kuva
elon	PROPN	Elo
elossa	NOUN	elo
elpymisen	NOUN	elpyminen
elpymisestä	NOUN	elpyminen
elsassissa	PROPN	Elsass
elä	VERB	elää
eläessäni	VERB	elää
eläimelliseltä	ADJ	eläimellinen
eläimellisiksi	ADJ	eläimellinen
eläimen	NOUN	eläin
eläimestä	NOUN	eläin
eläimet	NOUN	eläin
eläimetkin	NOUN	eläin
eläimille	NOUN	eläin
eläimistä	NOUN	eläin
eläimistöstään	NOUN	eläimistö
eläimiä	NOUN	eläin
eläinkuljetuksiin	NOUN	eläin#kuljetus
eläinkunnasta	NOUN	eläin#kunta
eläinlajit	NOUN	eläin#laji
eläinlääkejäämien	NOUN	eläin#lääke#jäämä
eläinlääkekomitean	NOUN	eläin#lääke#komitea
eläinlääkintäkomitean	NOUN	eläin#lääkintä#komitea
eläinlääkkeiden	NOUN	eläin#lääke
eläinlääkkeissä	NOUN	eläin#lääke
eläinlääkärin	NOUN	eläin#lääkäri
eläinperäisissä	ADJ	eläin#peräinen
eläinperäisten	ADJ	eläin#peräinen
eläinrasvaista	ADJ	eläin#rasvainen
eläintauteja	NOUN	eläin#tauti
eläinten	NOUN	eläin
eläintuotteisiin	NOUN	eläin#tuote
eläintä	NOUN	eläin
eläisin	VERB	elää
eläisit	VERB	elää
eläisitte	VERB	elää
eläjäksi	NOUN	eläjä
eläkeaikana	NOUN	eläke#aika
eläkealalla	NOUN	eläke#ala
eläkeikään	NOUN	eläke#ikä
eläkejärjestelmien	NOUN	eläke#järjestelmä
eläkejärjestelmiin	NOUN	eläke#järjestelmä
eläkejärjestelmistä	NOUN	eläke#järjestelmä
eläkejärjestelmän	NOUN	eläke#järjestelmä
eläkeläismiehen	NOUN	eläkeläis#mies
eläkemaksujen	NOUN	eläke#maksu
eläkemaksuun	NOUN	eläke#maksu
eläkepilarin	NOUN	eläke#pilari
eläkerahastoon	NOUN	eläke#rahasto
eläkerahastot	NOUN	eläke#rahasto
eläkerahoitusta	NOUN	eläke#rahoitus
eläkerakenteet	NOUN	eläke#rakenne
eläkesitoumuksensa	NOUN	eläke#sitoumus
eläketarjontaa	NOUN	eläke#tarjonta
eläketason	NOUN	eläke#taso
eläkkeensä	NOUN	eläke
eläkkeeseen	NOUN	eläke
eläkkeet	NOUN	eläke
eläkkeisiin	NOUN	eläke
eläkkeistä	NOUN	eläke
eläkää	VERB	elää
elämistä	NOUN	eläminen
elämme	VERB	elää
elämälle	NOUN	elämä
elämältä	NOUN	elämä
elämämme	NOUN	elämä
elämän	NOUN	elämä
elämänfilosofiaansa	NOUN	elämän#filosofia
elämäni	NOUN	elämä
elämänkaaren	NOUN	elämän#kaari
elämänkulusta	NOUN	elämä#kulku
elämänlaadun	NOUN	elämän#laatu
elämänlaatuun	NOUN	elämän#laatu
elämänmuotoa	NOUN	elämän#muoto
elämänohjeeksemme	NOUN	elämän#ohje
elämänpakenija	NOUN	elämä#pakenija
elämänsä	NOUN	elämä
elämäntapaa	NOUN	elämän#tapa
elämäntapaliiton	NOUN	elämän#tapa#liitto
elämäntapaliittoa	NOUN	elämän#tapa#liitto
elämäntapansa	NOUN	elämän#tapa
elämäntilanteessa	NOUN	elämän#tilanne
elämäntyylinsä	NOUN	elämän#tyyli
elämäntyönsä	NOUN	elämän#työ
elämäntyöstä	NOUN	elämän#työ
elämänviivaa	NOUN	elämän#viiva
elämänviivan	NOUN	elämän#viiva
elämänviivat	NOUN	elämän#viiva
elämässä	NOUN	elämä
elämässämme	NOUN	elämä
elämässäni	NOUN	elämä
elämästä	NOUN	elämä
elämästämme	NOUN	elämä
elämästäni	NOUN	elämä
elämästään	NOUN	elämä
elämät	NOUN	elämä
elämää	NOUN	elämä
elämäämme	NOUN	elämä
elämään	NOUN	elämä
elämään	VERB	elää
elämääni	NOUN	elämä
elämäänsä	NOUN	elämä
elämääsi	NOUN	elämä
elän	VERB	elää
eläneitä	VERB	elää
elänyt	VERB	elää
elätettyä	VERB	elättää
elättäjiä	NOUN	elättäjä
elättääkseen	VERB	elättää
elävien	ADJ	elävä
elävien	VERB	elää
eläviltä	ADJ	elävä
eläviä	VERB	elää
elävä	VERB	elää
eläväksi	ADJ	elävä
elävältä	ADJ	elävä
elävän	ADJ	elävä
elävät	VERB	elää
em	AUX	ei
em-karsintaottelun	NOUN	EM#karsinta#ottelu
em.	ADJ	edellä#mainittu
emansipatorisesta	ADJ	emansipatorinen
emea-alueella	NOUN	EMEA#alue
emme	AUX	ei
emme	VERB	ei
emmekä	AUX	ei
emmin	VERB	empiä
emmy-palkittu	VERB	Emmy#palkita
emmää	VERB	ei#minä
emn:llä	PROPN	EMN
emn:n	PROPN	EMN
emn:stä	PROPN	EMN
emonsa	NOUN	emo
emot	NOUN	emo
empatiakykyä	NOUN	empatia#kyky
empimässä	VERB	empiä
emu-jäsenyyttä	NOUN	EMU#jäsenyys
emäpitäjästään	NOUN	emä#pitäjä
en	AUX	ei
en	VERB	ei
endorissa	PROPN	Endor
enduro-	NOUN	enduro
endurossa	NOUN	enduro
enemmistöjohtajana	NOUN	enemmistö#johtaja
enemmistöllä	NOUN	enemmistö
enemmistön	NOUN	enemmistö
enemmistöt	NOUN	enemmistö
enemmän	ADJ	enempi
enemmänkin	ADV	enemmän
energiaa	NOUN	energia
energiakenttää	NOUN	energia#kenttä
energialähteeseen	NOUN	energia#lähde
energialähteisiin	NOUN	energia#lähde
energiamuodoilla	NOUN	energia#muoto
energiamuotoihin	NOUN	energia#muoto
energiantuotannon	NOUN	energian#tuotanto
energiapolitiikasta	NOUN	energia#politiikka
energiapolitiikkaa	NOUN	energia#politiikka
energiapolitiikkaan	NOUN	energia#politiikka
energiatasomme	NOUN	energia#taso
energiavaliokunnan	NOUN	energia#valio#kunta
energisyyttä	NOUN	energisyys
engelin	PROPN	Engel
englanniksi	NOUN	englanti
englannin	NOUN	englanti
englannin	PROPN	Englanti
englanninkielisen	ADJ	englannin#kielinen
englannissa	NOUN	englanti
englannissa	PROPN	Englanti
englantia	NOUN	englanti
englantiin	NOUN	englanti
englantilaisessa	ADJ	englantilainen
englantilaisia	ADJ	englantilainen
englishin	PROPN	english
englishissä	PROPN	english
enhän	AUX	ei
enimmillään	ADJ	enin
enimmäisalennukseksi	NOUN	enimmäis#alennus
enimmäisalennuksen	NOUN	enimmäis#alennus
enimmäisalennusta	NOUN	enimmäis#alennus
enimmäismassaa	NOUN	enimmäis#massa
enimmäismäärien	NOUN	enimmäis#määrä
enimmäismääriksi	NOUN	enimmäis#määrä
enimmäismääristä	NOUN	enimmäis#määrä
enimmäismääriä	NOUN	enimmäis#määrä
enimmäismäärän	NOUN	enimmäis#määrä
enimmäismäärät	NOUN	enimmäis#määrä
enimmäissuosituksen	NOUN	enimmäis#suositus
enimmän	ADJ	enin
enimmät	ADJ	enin
enkeleitä	NOUN	enkeli
enkä	AUX	ei
enkä	VERB	ei
ennakkoluuloa	NOUN	ennakko#luulo
ennakkoluuloja	NOUN	ennakko#luulo
ennakkoluulottomuutta	NOUN	ennakko#luulottomuus
ennakkomaksuja	NOUN	ennakko#maksu
ennakkomaksun	NOUN	ennakko#maksu
ennakkomaksut	NOUN	ennakko#maksu
ennakkoodotuksilta	NOUN	ennakko#odotus
ennakkoon	NOUN	ennakko
ennakkosuosikit	NOUN	ennakko#suosikki
ennakkotietoja	NOUN	ennakko#tieto
ennakkotietojen	NOUN	ennakko#tieto
ennakkoäänestyksellä	NOUN	ennakko#äänestys
ennakkoäänestyksessä	NOUN	ennakko#äänestys
ennakkoäänestyspäivänä	NOUN	ennakko#äänestys#päivä
ennakoi	VERB	ennakoida
ennakoivaa	ADJ	ennakoiva
ennakoivan	ADJ	ennakoiva
ennemminkin	ADV	ennemmin
ennenkin	ADV	ennen
ennenkö	SCONJ	ennenkuin
ennennäkemättömän	ADJ	ennennäkemätön
ennennäkemättömään	ADJ	ennen#näkemätön
ennettä	NOUN	enne
ennusteen	NOUN	ennuste
ennusteensa	NOUN	ennuste
ennusteet	NOUN	ennuste
ennustettavissa	VERB	ennustaa
ennustettu	VERB	ennustaa
ennusti	VERB	ennustaa
ennätykseen	NOUN	ennätys
ennätykseensä	NOUN	ennätys
ennätyksellä	NOUN	ennätys
ennätyksensä	NOUN	ennätys
ennätyksestä	NOUN	ennätys
ennätyksiin	NOUN	ennätys
ennätyksiä	NOUN	ennätys
ennätysajassa	NOUN	ennätys#aika
ennätyskirjaan	NOUN	ennätys#kirja
ennätyskorkealle	ADJ	ennätys#korkea
ennätyskuukautena	NOUN	ennätys#kuukausi
ennätyslukemaan	NOUN	ennätys#lukema
ennätysvuoden	NOUN	ennätys#vuosi
enontekiön	PROPN	Enontekiö
enpä	AUX	ei
enqvistin	PROPN	Enqvist
ensi	ADV	ensin
ensi-illassa	NOUN	ensi#ilta
ensiarvoisen	ADJ	ensi#arvoinen
ensiesiteltiin	VERB	ensi#esitellä
ensikerran	NOUN	ensikerta
ensikertaa	NOUN	ensikerta
ensikertalaiset	NOUN	ensi#kertalainen
ensikertalaisten	NOUN	ensikertalainen
ensiksikin	ADV	ensiksi
ensimmäiseen	ADJ	ensimmäinen
ensimmäiseksi	NOUN	ensimmäinen
ensimmäisellä	ADJ	ensimmäinen
ensimmäiseltä	ADJ	ensimmäinen
ensimmäisen	ADJ	ensimmäinen
ensimmäisenä	ADJ	ensimmäinen
ensimmäisenä	NOUN	ensimmäinen
ensimmäisessä	ADJ	ensimmäinen
ensimmäisestä	ADJ	ensimmäinen
ensimmäiset	ADJ	ensimmäinen
ensimmäisinä	ADJ	ensimmäinen
ensimmäisiä	ADJ	ensimmäinen
ensimmäisten	ADJ	ensimmäinen
ensimmäistä	ADJ	ensimmäinen
ensinnäkin	ADV	ensinnä
ensirekisteröintitilastoista	NOUN	ensi#rekisteröinti#tilasto
ensirekisteröity	VERB	ensi#rekisteröidä
ensisijaiseksi	ADJ	ensi#sijainen
ensisijaisena	ADJ	ensisijainen
ensisijaiset	ADJ	ensisijainen
ensisijaisia	ADJ	ensisijainen
ensisijaisiin	ADJ	ensi#sijainen
ensisijaisina	ADJ	ensi#sijainen
ensisijaisista	ADJ	ensisijainen
ensisijaisten	ADJ	ensisijainen
ensisijaisuutta	NOUN	ensi#sijaisuus
ensisilmäyksellä	NOUN	ensi#silmäys
ensivaiheessa	NOUN	ensi#vaihe
enso-gutzeitin	PROPN	Enso-Gutzeit
enson	PROPN	Enso
enste	ADV	ensiksi
entisaikojen	NOUN	entis#aika
entisellä	ADJ	entinen
entisen	ADJ	entinen
entisensä	ADJ	entinen
entisestä	ADJ	entinen
entiset	ADJ	entinen
entisin	ADJ	entinen
entisistä	ADJ	entinen
entisiä	ADJ	entinen
entisten	ADJ	entinen
entistä	ADJ	entinen
entistäkin	ADJ	entinen
epilepsiakohtauksen	NOUN	epilepsia#kohtaus
epädemokraattisia	ADJ	epä#demokraattinen
epähuomiossa	NOUN	epä#huomio
epäile	VERB	epäillä
epäilee	VERB	epäillä
epäilemään	VERB	epäillä
epäilen	VERB	epäillä
epäilet	VERB	epäillä
epäili	VERB	epäillä
epäilijöiden	NOUN	epäilijä
epäilin	VERB	epäillä
epäillyn	NOUN	epäilty
epäillyn	VERB	epäillä
epäillyt	VERB	epäillä
epäillään	VERB	epäillä
epäiltiin	VERB	epäillä
epäilty	VERB	epäillä
epäiltyjen	VERB	epäillä
epäiltynä	VERB	epäillä
epäilyksen	NOUN	epäilys
epäilyksenalaisten	ADJ	epäilyksen#alainen
epäilykset	NOUN	epäilys
epäilyksistäni	NOUN	epäilys
epäilystäkään	NOUN	epäily
epäilyttävinä	ADJ	epäilyttävä
epäilyttävän	ADJ	epäilyttävä
epäilyttävää	ADJ	epäilyttävä
epäinhimillisen	ADJ	epä#inhimillinen
epäkohdan	NOUN	epä#kohta
epäkohdat	NOUN	epä#kohta
epäkohdista	NOUN	epä#kohta
epäkohtaa	NOUN	epä#kohta
epäkohtia	NOUN	epä#kohta
epäkorrektia	ADJ	epä#korrekti
epälläkseni	VERB	epäillä
epäluonnon	NOUN	epä#luonto
epäluuloisemmin	ADV	epä#luuloisesti
epäluuloisia	ADJ	epä#luuloinen
epäluulot	NOUN	epä#luulo
epämetallien	NOUN	epä#metalli
epämiellyttävistä	ADJ	epä#miellyttävä
epämukavuutta	NOUN	epä#mukavuus
epämuodollisia	ADJ	epä#muodollinen
epämääräisen	ADJ	epä#määräinen
epämääräisiä	ADJ	epä#määräinen
epänormaalin	ADJ	epä#normaali
epäoikeudenmukaisen	ADJ	epä#oikeuden#mukainen
epäoikeudenmukaisuuden	NOUN	epä#oikeuden#mukaisuus
epäolennaisesta	ADJ	epä#olennainen
epäolennaista	ADJ	epä#olennainen
epäonnistui	VERB	epäonnistua
epäonnistuivat	VERB	epä#onnistua
epäonnistumisen	NOUN	epäonnistuminen
epäonnistuneet	ADJ	epä#onnistunut
epäonnistuneet	VERB	epä#onnistua
epäonnistuneille	VERB	epäonnistua
epäonnistuneista	ADJ	epä#onnistunut
epäonnistuneita	ADJ	epä#onnistunut
epäonnistuttu	VERB	epäonnistua
epäonnistuu	VERB	epä#onnistua
epäonnistuvien	VERB	epäonnistua
epäpuhtauksia	NOUN	epä#puhtaus
epäpuhtauksiksi	NOUN	epä#puhtaus
epärealistista	ADJ	epä#realistinen
epäröisi	VERB	epäröidä
epäselvyydet	NOUN	epä#selvyys
epäselväksi	ADJ	epä#selvä
epäselvät	ADJ	epä#selvä
epäselvää	ADJ	epä#selvä
epäsuhtaisten	ADJ	epä#suhtainen
epäsuosittua	ADJ	epä#suosittu
epäsuotuisan	ADJ	epä#suotuisa
epätasaisen	ADJ	epä#tasainen
epätasaista	ADJ	epä#tasainen
epätavallisen	ADJ	epä#tavallinen
epätavalliset	ADJ	epä#tavallinen
epätavallista	ADJ	epä#tavallinen
epätavanomaista	ADJ	epä#tavan#omainen
epätietoisena	ADJ	epä#tietoinen
epätodellisina	ADJ	epä#todellinen
epätodennäköisenä	ADJ	epä#toden#näköinen
epätoivoisiksi	ADJ	epä#toivoinen
epätoivoista	ADJ	epä#toivoinen
epätoivon	NOUN	epä#toivo
epätoivoon	NOUN	epä#toivo
epätäydellisen	ADJ	epä#täydellinen
epävakaina	ADJ	epä#vakaa
epävakaudesta	NOUN	epä#vakaus
epävakauttavan	VERB	epävakauttaa
epävarmaa	ADJ	epä#varma
epävarmojen	ADJ	epä#varma
epävarmuuden	NOUN	epä#varmuus
epävarmuudet	NOUN	epä#varmuus
epävarmuutta	NOUN	epä#varmuus
epävirallisten	ADJ	epä#virallinen
equal-tavoitteen	NOUN	EQUAL#tavoite
erakoituneena	VERB	erakoitua
erehdysten	NOUN	erehdys
erehdystä	NOUN	erehdys
erehdytetty	VERB	erehdyttää
erehtyneet	VERB	erehtyä
erektiovaikeuksista	NOUN	erektio#vaikeus
erfurtin	PROPN	Erfurt
eriaikaisuuden	NOUN	eri#aikaisuus
eriasteisia	ADJ	eri#asteinen
erikoisemmilla	ADJ	erikoinen
erikoisen	ADJ	erikoinen
erikoisessa	ADJ	erikoinen
erikoisesta	ADJ	erikoinen
erikoisia	ADJ	erikoinen
erikoiskoetta	NOUN	erikois#koe
erikoiskokeella	NOUN	erikois#koe
erikoiskokeen	NOUN	erikois#koe
erikoisosaamista	NOUN	erikois#osaaminen
erikoispalkintoja	NOUN	erikois#palkinto
erikoispehmeitä	ADJ	erikois#pehmeä
erikoista	ADJ	erikoinen
erikoistumaan	VERB	erikoistua
erikoistumisaloissa	NOUN	erikoistumis#ala
erikoistuneita	VERB	erikoistua
erikoistunut	VERB	erikoistua
erikoistyöesitelmiä	NOUN	erikois#työ#esitelmä
erikoistyöesitelmät	NOUN	erikois#työ#esitelmä
erikoistyönsä	NOUN	erikois#työ
erikoistyötapahtumaa	NOUN	erikois#työ#tapahtuma
erikoistyötapahtuman	NOUN	erikois#työ#tapahtuma
erikoistöistään	NOUN	erikois#työ
erikoistöitään	NOUN	erikois#työ
erikoisuudet	NOUN	erikoisuus
erikoisuutena	NOUN	erikoisuus
erikokoisia	ADJ	eri#kokoinen
erilaiselle	ADJ	erilainen
erilaiselta	ADJ	erilainen
erilaisen	ADJ	erilainen
erilaisesta	ADJ	erilainen
erilaiset	ADJ	erilainen
erilaisia	ADJ	erilainen
erilaisien	ADJ	erilainen
erilaisiin	ADJ	erilainen
erilaisimmista	ADJ	erilainen
erilaisimpien	ADJ	erilainen
erilaisin	ADJ	erilainen
erilaisis	ADJ	erilainen
erilaisissa	ADJ	erilainen
erilaisista	ADJ	erilainen
erilaista	ADJ	erilainen
erilaisten	ADJ	erilainen
erilaisuuden	NOUN	erilaisuus
erillaisia	ADJ	erilainen
erilliseen	ADJ	erillinen
erillisellä	ADJ	erillinen
erillisenä	ADJ	erillinen
erillisessä	ADJ	erillinen
erillisestä	ADJ	erillinen
erilliset	ADJ	erillinen
erillisistä	ADJ	erillinen
erillisiä	ADJ	erillinen
erillislaskutuksen	NOUN	erillis#laskutus
erillisten	ADJ	erillinen
erillistä	ADJ	erillinen
erimielisiä	ADJ	eri#mielinen
erimielisyyksiin	NOUN	eri#mielisyys
erimielisyyksissä	NOUN	eri#mielisyys
erimielisyytensä	NOUN	eri#mielisyys
erinomaiseksi	ADJ	erinomainen
erinomaisella	ADJ	erinomainen
erinomaisen	ADJ	erinomainen
erinomaisessa	ADJ	erinomainen
erinomaisesta	ADJ	erinomainen
erinomaisia	ADJ	erinomainen
erinäisiä	ADJ	erinäinen
erinäköisten	ADJ	eri#näköinen
eripuraisuuksia	NOUN	eripuraisuus
eristettiin	VERB	eristää
eristetty	VERB	eristää
eristetään	VERB	eristää
eristi	VERB	eristää
eristyneisyyden	NOUN	eristyneisyys
eristäytymistä	NOUN	eristäytyminen
erisuuruiset	ADJ	eri#suuruinen
eritasoisia	ADJ	eri#tasoinen
erittelyjä	NOUN	erittely
erittelyyn	NOUN	erittely
erityisdirektiivejä	NOUN	erityis#direktiivi
erityisdirektiiviä	NOUN	erityis#direktiivi
erityisedustajana	NOUN	erityis#edustaja
erityiseen	ADJ	erityinen
erityisellä	ADJ	erityinen
erityisen	ADJ	erityinen
erityisessä	ADJ	erityinen
erityisestä	ADJ	erityinen
erityiset	ADJ	erityinen
erityisiin	ADJ	erityinen
erityisiä	ADJ	erityinen
erityiskysymyksiin	NOUN	erityis#kysymys
erityisongelmia	NOUN	erityis#ongelma
erityispiirteet	NOUN	erityis#piirre
erityispiirteitä	NOUN	erityis#piirre
erityisratkaisuin	NOUN	erityis#ratkaisu
erityisravintoa	NOUN	erityis#ravinto
erityissäännökset	NOUN	erityis#säännös
erityissäännöksiä	NOUN	erityis#säännös
erityistapauksissa	NOUN	erityis#tapaus
erityistä	ADJ	erityinen
erityistä	NOUN	erityinen
eriyttämätöntä	ADJ	eriyttämätön
erkkereitä	NOUN	erkkeri
erkon	PROPN	Erkko
eroa	NOUN	ero
eroa	VERB	erota
eroaa	VERB	erota
eroamme	VERB	erota
eroava	VERB	erota
eroavan	VERB	erota
eroavat	VERB	erota
erogeenisiä	ADJ	erogeeninen
eroihin	NOUN	ero
eroista	NOUN	ero
eroittui	VERB	erottua
eroja	NOUN	ero
erojen	NOUN	ero
erolla	NOUN	ero
eron	NOUN	ero
erona	NOUN	ero
eronsa	NOUN	ero
eroon	NOUN	ero
erosi	VERB	erota
erosivat	VERB	erota
erossa	NOUN	ero
erot	NOUN	ero
erotettava	VERB	erottaa
erotettiin	VERB	erottaa
erotin	VERB	erottaa
erottamaan	VERB	erottaa
erottamassa	VERB	erottaa
erottamisesta	NOUN	erottaminen
erottanut	VERB	erottaa
erottele	VERB	erotella
erotti	VERB	erottaa
erottui	VERB	erottua
erottuvat	VERB	erottua
ervv:n	PROPN	ERVV
eräiden	PRON	eräs
eräiltä	PRON	eräs
eräissä	PRON	eräs
eräistä	PRON	eräs
eräitä	PRON	eräs
erälukemin	NOUN	erä#lukema
erän	NOUN	erä
erässä	NOUN	erä
erästä	NOUN	erä
erästä	PRON	eräs
erät	NOUN	erä
erävoiton	NOUN	erä#voitto
erää	NOUN	erä
eräälle	PRON	eräs
eräällä	PRON	eräs
eräälläkin	PRON	eräs
eräältä	PRON	eräs
erään	NOUN	erä
erään	PRON	eräs
eräänlaisen	ADJ	eräänlainen
eräänlaista	ADJ	eräänlainen
erääntyviä	VERB	erääntyä
eräänä	PRON	eräs
erääseen	PRON	eräs
eräässä	PRON	eräs
eräästä	PRON	eräs
eräät	PRON	eräs
esi-isiin	NOUN	esi#isä
esi-isän	NOUN	esi#isä
esi-isät	NOUN	esi#isä
esiastetta	NOUN	esi#aste
esihistorialliselta	ADJ	esi#historiallinen
esiintyi	VERB	esiintyä
esiintyisi	VERB	esiintyä
esiintyivät	VERB	esiintyä
esiintymiset	NOUN	esiintyminen
esiintymispaikka	NOUN	esiintyä#paikka
esiintymistaitoa	NOUN	esiintymis#taito
esiintymistä	NOUN	esiintyminen
esiintymään	VERB	esiintyä
esiintyneen	VERB	esiintyä
esiintyneiden	VERB	esiintyä
esiintynyt	VERB	esiintyä
esiintyvien	VERB	esiintyä
esiintyvät	VERB	esiintyä
esiintyy	VERB	esiintyä
esijälkiruokaisan	ADJ	esi#jälki#ruokaisa
esikunnassa	NOUN	esi#kunta
esilaulajana	NOUN	esi#laulaja
esillepanollaan	NOUN	esille#pano
esimerkiks	ADV	esimerkiksi
esimerkiksi	NOUN	esimerkki
esimerkillisen	ADJ	esimerkillinen
esimerkillistä	ADJ	esimerkillinen
esimerkin	NOUN	esimerkki
esimerkkeinä	NOUN	esimerkki
esimerkkejä	NOUN	esimerkki
esimerkkien	NOUN	esimerkki
esimerkkinä	NOUN	esimerkki
esimerkkitapauksen	NOUN	esimerkki#tapaus
esimerkkityöllistyjiä	NOUN	esimerkki#työllistyjä
esimerkkiyksiön	NOUN	esimerkki#yksiö
esimerkkiä	NOUN	esimerkki
esineet	NOUN	esine
esineiden	NOUN	esine
esineistöä	NOUN	esineistö
esineitä	NOUN	esine
esinettä	NOUN	esine
esitellessään	VERB	esitellä
esitellyt	VERB	esitellä
esitellään	VERB	esitellä
esitelmän	NOUN	esitelmä
esiteltiin	VERB	esitellä
esitelty	VERB	esitellä
esitettiin	VERB	esittää
esitetty	VERB	esittää
esitettyihin	VERB	esittää
esitettyjä	VERB	esittää
esitettyä	VERB	esittää
esitettä	NOUN	esite
esitettäessä	VERB	esittää
esitettävä	VERB	esittää
esitettävänä	VERB	esittää
esitetyistä	VERB	esittää
esitetyllä	VERB	esittää
esitetyssä	VERB	esittää
esitetyt	VERB	esittää
esitetään	VERB	esittää
esitimmehän	VERB	esittää
esitteen	NOUN	esite
esittelee	VERB	esitellä
esittelemistä	NOUN	esitteleminen
esittelemässä	VERB	esitellä
esittelemään	VERB	esitellä
esittelevän	VERB	esitellä
esittelevät	VERB	esitellä
esittelevään	VERB	esitellä
esitteli	VERB	esitellä
esittelijäksi	NOUN	esittelijä
esittelijän	NOUN	esittelijä
esittelijänä	NOUN	esittelijä
esittelijät	NOUN	esittelijä
esittelijää	NOUN	esittelijä
esittelijäämme	NOUN	esittelijä
esittelijöiden	NOUN	esittelijä
esittelivät	VERB	esitellä
esittelyjä	NOUN	esittely
esittelyn	NOUN	esittely
esittelyt	NOUN	esittely
esittelytilaisuuksiaan	NOUN	esittely#tilaisuus
esitti	VERB	esittää
esittäisin	VERB	esittää
esittäjän	NOUN	esittäjä
esittämiin	VERB	esittää
esittämiseen	NOUN	esittäminen
esittämistapaansa	NOUN	esittää#tapa
esittämistä	NOUN	esittäminen
esittämistämme	VERB	esittää
esittämä	VERB	esittää
esittämällä	VERB	esittää
esittämänsä	VERB	esittää
esittämässä	VERB	esittää
esittämät	VERB	esittää
esittämää	VERB	esittää
esittämään	VERB	esittää
esittäneen	VERB	esittää
esittänyt	VERB	esittää
esittävän	VERB	esittää
esittävät	VERB	esittää
esittäytyvät	VERB	esittäytyä
esittäytyy	VERB	esittäytyä
esitutkinnan	NOUN	esi#tutkinta
esityksen	NOUN	esitys
esityksensä	NOUN	esitys
esitysten	NOUN	esitys
esitystilaa	NOUN	esitys#tila
esitystä	NOUN	esitys
esitä	VERB	esittää
esivaalissa	NOUN	esi#vaalit
esivanhempansa	NOUN	esi#vanhempi
esp.	NOUN	espanja
espanjaa	PROPN	Espanja
espanjaan	PROPN	Espanja
espanjaksi	NOUN	espanja
espanjalaiselta	ADJ	espanjalainen
espanjalaiset	NOUN	espanjalainen
espanjalaisia	ADJ	espanjalainen
espanjalaisille	ADJ	espanjalainen
espanjalaisissa	ADJ	espanjalainen
espanjalaislehdissä	NOUN	espanjalais#lehti
espanjan	NOUN	espanja
espanjan	PROPN	Espanja
espanjankielisistä	ADJ	espanjan#kielinen
espanjansa	NOUN	espanja
espanjassa	PROPN	Espanja
espanjasta	PROPN	Espanja
espoolla	PROPN	Espoo
espoon	PROPN	Espoo
espoossa	PROPN	Espoo
espoosta	PROPN	Espoo
espressokeittimeni	NOUN	espresso#keitin
essee-kysymyksestä	NOUN	essee#kysymys
esseessäni	NOUN	essee
essissä	PROPN	Essi
esteellä	NOUN	este
esteen	NOUN	este
esteenä	NOUN	este
esteet	NOUN	este
esteettä	NOUN	este
esteettömämpiä	ADJ	esteetön
esteistä	NOUN	este
esteitä	NOUN	este
estetty	VERB	estää
estettä	NOUN	este
estetään	VERB	estää
esti	VERB	estää
estoja	NOUN	esto
estot	NOUN	esto
estuaareissa	NOUN	estuaari
estyy	VERB	estyä
estä	VERB	estää
estäisi	VERB	estää
estäisin	VERB	estää
estämiseksi	NOUN	estäminen
estämällä	VERB	estää
estämään	VERB	estää
estänyt	VERB	estää
estävät	VERB	estää
estääksemme	VERB	estää
estääkään	VERB	estää
esztergomissa	PROPN	Esztergom
et	AUX	ei
et	SCONJ	että
et	VERB	ei
eta:n	PROPN	ETA
etallipitoisuus	NOUN	metalli#pitoisuus
etanolia	NOUN	etanoli
etapilla	NOUN	etappi
etappeja	NOUN	etappi
eteeni	ADV	eteen
eteiseen	NOUN	eteinen
eteisen	NOUN	eteinen
eteiseni	NOUN	eteinen
eteisessä	NOUN	eteinen
eteismatolla	NOUN	eteis#matto
etelä-	NOUN	etelä
etelä-aasian	PROPN	Etelä-Aasia
etelä-afrikan	PROPN	Etelä-Afrikka
etelä-afrikkaan	PROPN	Etelä-Afrikka
etelä-euroopan	PROPN	Etelä-Eurooppa
etelä-euroopassa	PROPN	Etelä-Eurooppa
etelä-euroopasta	PROPN	Etelä-Eurooppa
etelä-koreassa	PROPN	Etelä-Korea
etelä-ranskassa	PROPN	Etelä-Ranska
etelä-sulawesin	PROPN	Etelä-Sulawesi
etelä-suomen	PROPN	Etelä-Suomi
eteläisellä	ADJ	eteläinen
eteläisen	ADJ	eteläinen
eteläisessä	ADJ	eteläinen
eteläistä	ADJ	eteläinen
eteläkärkeä	NOUN	etelä#kärki
etelämantereella	PROPN	Etelämanner
etelämpänäkin	ADV	etelämpänä
etelän	NOUN	etelä
eteläosassa	NOUN	etelä#osa
eteläosat	NOUN	etelä#osa
eteläosiin	NOUN	etelä#osa
eteläosissa	NOUN	etelä#osa
etelärajansa	NOUN	etelä#raja
eteläsaarella	NOUN	etelä#saari
eteläsaarelle	PROPN	Eteläsaari
eteläsaaren	NOUN	etelä#saari
eteläsaaren	PROPN	Eteläsaari
eteläsaarta	NOUN	etelä#saari
etelässä	NOUN	etelä
etelästä	NOUN	etelä
eteläsudanilaista	NOUN	etelä#sudanilainen
etelään	NOUN	etelä
etene	VERB	edetä
etenee	VERB	edetä
etenemiseen	NOUN	eteneminen
etenemisestä	NOUN	eteneminen
etenemistä	NOUN	eteneminen
etenemään	VERB	edetä
etenen	VERB	edetä
etenevät	VERB	edetä
etenevää	VERB	edetä
eteni	VERB	edetä
etenimme	VERB	edetä
etenivät	VERB	edetä
etiketin	NOUN	etiketti
etiopialaisten	NOUN	etiopialainen
etiopian	PROPN	Etiopia
etiopiassa	PROPN	Etiopia
etkä	AUX	ei
etkö	AUX	ei
etnisiin	ADJ	etninen
etnisistä	ADJ	etninen
etnisten	ADJ	etninen
etnologisen	ADJ	etnologinen
etsi	VERB	etsiä
etsien	VERB	etsiä
etsii	VERB	etsiä
etsijöitä	NOUN	etsijä
etsiköön	VERB	etsiä
etsimistä	NOUN	etsiminen
etsimässä	VERB	etsiä
etsimään	VERB	etsiä
etsin	VERB	etsiä
etsintöjen	NOUN	etsintä
etsinyt	VERB	etsiä
etsiskelemässä	VERB	etsiskellä
etsittiin	VERB	etsiä
etsitty	VERB	etsiä
etsityin	ADJ	etsitty
etsitään	VERB	etsiä
etsiviä	VERB	etsiä
etsiväsi	VERB	etsiä
etsivät	VERB	etsiä
etsiäkseen	VERB	etsiä
ett	SCONJ	että
ette	AUX	ei
ettäkö	SCONJ	että
etu-	NOUN	etu
etua	NOUN	etu
etuaan	NOUN	etu
etuakselia	NOUN	etu#akseli
etuja	NOUN	etu
etujaan	NOUN	etu
etujen	NOUN	etu
etujärjestön	NOUN	etu#järjestö
etumatkaa	NOUN	etu#matka
etumatkan	NOUN	etu#matka
etummaisen	ADJ	etummainen
etumme	NOUN	etu
etunimeään	NOUN	etu#nimi
etunsa	NOUN	etu
etuoikeudeksi	NOUN	etu#oikeus
etuovelta	NOUN	etu#ovi
etupihalle	NOUN	etu#piha
etupuolelle	NOUN	etu#puoli
etupuskuriin	NOUN	etu#puskuri
etureunaan	NOUN	etu#reuna
etureunassa	NOUN	etu#reuna
etuselän	NOUN	etu#selkä
etusivuille	NOUN	etu#sivu
etutaskussa	NOUN	etu#tasku
etutaskut	NOUN	etu#tasku
etutaskuun	NOUN	etu#tasku
etuuden	NOUN	etuus
etuuksien	NOUN	etuus
etuuksista	NOUN	etuus
etuun	NOUN	etu
etuusperusteisen	ADJ	etuus#perusteinen
etuusperusteisista	ADJ	etuus#perusteinen
etuvalot	NOUN	etu#valo
etuyhteydessä	NOUN	etu#yhteys
etyjin	PROPN	Etyj
etä-	NOUN	etä
etähallittavissa	VERB	etä#hallita
etäisyydeltä	NOUN	etäisyys
etäännytti	VERB	etäännyttää
etäännyttämiskeinona	NOUN	etäännyttää#keino
etääntyi	VERB	etääntyä
eu-asioista	NOUN	EU#asia
eu-huippukokouksessa	NOUN	EU#huippu#kokous
eu-kansalaisten	NOUN	EU#kansalainen
eu-komission	NOUN	EU#komissio
eu-maan	NOUN	EU#maa
eu-maassa	NOUN	EU#maa
eu-maat	NOUN	EU#maa
eu-maiden	NOUN	EU#maa
eu-maihin	NOUN	EU#maa
eu-maissa	NOUN	EU#maa
eu-oikeuden	NOUN	EU#oikeus
eu-paneelikeskustelussa	NOUN	EU#paneeli#keskustelu
eu-politiikan	NOUN	EU#politiikka
eu-rahoitusta	NOUN	EU#rahoitus
eu-tasolla	NOUN	EU#taso
eu-tuomioistuimen	NOUN	EU#tuomio#istuin
eu-tuomioistuimesta	NOUN	EU#tuomio#istuin
eu-valtiot	NOUN	EU#valtio
eu-veteraani	NOUN	EU#veteraani
eu:	PROPN	EU
eu:lle	PROPN	EU
eu:n	PROPN	EU
eu:ssa	PROPN	EU
euforiantunnetta	NOUN	euforia#tunne
eukosta	NOUN	eukko
eupatorin	PROPN	Eupator
eur/100	NUM	euro/100
euribor-viitekorkoon	NOUN	euribor#viite#korko
euriborin	NOUN	euribor
euro-välimeri-kumppanuuden	NOUN	Euro#Välimeri#kumppanuus
euroa	NOUN	euro
euroajan	NOUN	euro#aika
euroalueella	NOUN	euro#alue
euroalueen	NOUN	euro#alue
euroideologian	NOUN	euro#ideologia
euroina	NOUN	euro
euroja	NOUN	euro
eurojen	NOUN	euro
eurokriisissä	NOUN	euro#kriisi
eurokuntoon	NOUN	euro#kunto
eurolla	NOUN	euro
euromaan	NOUN	euro#maa
euromaiden	NOUN	euro#maa
euromailta	NOUN	euro#maa
euromaista	NOUN	euro#maa
euron	NOUN	euro
euroon	NOUN	euro
euroopalle	PROPN	Eurooppa
euroopan	PROPN	Eurooppa
euroopan-	PROPN	Eurooppa
euroopassa	PROPN	Eurooppa
euroopasta	PROPN	Eurooppa
eurooppa-aatteen	NOUN	Eurooppa#aate
eurooppa-keskeinen	ADJ	Eurooppa#keskeinen
eurooppa-konferenssiin	NOUN	Eurooppa#konferenssi
eurooppa-neuvosto	NOUN	Eurooppa#neuvosto
eurooppa-neuvoston	NOUN	Eurooppa#neuvosto
eurooppa-neuvostossa	NOUN	Eurooppa#neuvosto
eurooppa-osaamistaan	NOUN	Eurooppa#osaaminen
eurooppa-päivä	NOUN	Eurooppa#päivä
eurooppa-sopimuksella	NOUN	Eurooppa#sopimus
eurooppa-sopimuksiin	NOUN	Eurooppa#sopimus
eurooppa-tutkimuksen	NOUN	Eurooppa#tutkimus
eurooppaa	PROPN	Eurooppa
eurooppaan	PROPN	Eurooppa
eurooppalaiseen	ADJ	eurooppalainen
eurooppalaisella	ADJ	eurooppalainen
eurooppalaiselle	ADJ	eurooppalainen
eurooppalaisen	ADJ	eurooppalainen
eurooppalaisessa	ADJ	eurooppalainen
eurooppalaisesta	ADJ	eurooppalainen
eurooppalaiset	ADJ	eurooppalainen
eurooppalaisia	ADJ	eurooppalainen
eurooppalaisia	NOUN	eurooppalainen
eurooppalaisiin	ADJ	eurooppalainen
eurooppalaisilla	NOUN	eurooppalainen
eurooppalaisille	ADJ	eurooppalainen
eurooppalaisista	ADJ	eurooppalainen
eurooppalaisista	NOUN	eurooppalainen
eurooppalaista	ADJ	eurooppalainen
eurooppalaista	NOUN	eurooppalainen
eurooppalaistamista	NOUN	eurooppalaistaminen
eurooppalaisten	ADJ	eurooppalainen
eurooppalaisten	NOUN	eurooppalainen
europankit	NOUN	euro#pankki
europarlamenttiin	NOUN	euro#parlamentti
europarlamenttivaalien	NOUN	euro#parlamentti#vaalit
eurosportilla	PROPN	Eurosport
eurosta	NOUN	euro
eurostatilla	PROPN	Eurostat
eurostatille	PROPN	Eurostat
eurovaaleissa	NOUN	euro#vaalit
eurovaaliehdokkailta	NOUN	euro#vaali#ehdokas
eurovaaliehdokkuuden	NOUN	euro#vaali#ehdokkuus
eurovisionin	PROPN	Eurovision
euro–välimeri-kumppanuutta	NOUN	Euro#Välimeri#kumppanuus
euro–välimeri-sopimuksella	NOUN	Euro#Välimeri#sopimus
euro–välimeri-sopimuksen	NOUN	Euro#Välimeri#sopimus
euro–välimeri-sopimuksia	NOUN	Euro#Välimeri#sopimus
euro–välimeri-sopimuksiin	NOUN	Euro#Välimeri#sopimus
euro–välimeri-sopimus	NOUN	Euro#Välimeri#sopimus
euro—välimeri-edustajakokouksessa	NOUN	Euro#Välimeri#edustaja#kokous
evakuoitava	VERB	evakuoida
evakuoitiin	VERB	evakuoida
evakuoitu	VERB	evakuoida
evakuoitua	VERB	evakuoida
evankelioimaan	VERB	evankelioida
everstiksi	NOUN	eversti
everstiluutnantiksi	NOUN	eversti#luutnantti
evertonin	PROPN	Everton
evertonissa	PROPN	Everton
evertonista	PROPN	Everton
evoluutioon	NOUN	evoluutio
eväitä	NOUN	eväs
evät	NOUN	evä
evättiin	VERB	evätä
evääksi	NOUN	eväs
excel-tiedostoina	NOUN	excel#tiedosto
excu-	NOUN	excu
excukulttuuria	NOUN	excu#kulttuuri
excun	NOUN	excu
exeterin	PROPN	Exeter
expo-maailmannäyttelyn	NOUN	EXPO#maailman#näyttely
ey-tuomioistuimeen	NOUN	EY#tuomio#istuin
ey-tuomioistuimen	NOUN	EY#tuomio#istuin
ey:n	PROPN	EY
eyen	NOUN	eye
f-linjan	NOUN	f#linja
f-pisteen	NOUN	F#piste
f-sotilaan	NOUN	f#sotilas
f1-kisansa	NOUN	F1#kisa
f1-talli	NOUN	F1#talli
f7-sotilaan	NOUN	f7#sotilas
facebookiin	PROPN	Facebook
facebookin	PROPN	facebook
facebookissa	PROPN	Facebook
facebookista	PROPN	facebook
fairissa	PROPN	Fair
faksissa	NOUN	faksi
faktaa	NOUN	fakta
falcon-kaapelin	NOUN	Falcon#kaapeli
falkbeerin	PROPN	Falkbeer
falsettilaululla	NOUN	falsetti#laulu
fanaattisuuden	NOUN	fanaattisuus
fantani	PROPN	Fanta
fantasiamaailmassa	NOUN	fantasia#maailma
farkkuihin	NOUN	farkut
farkkujen	NOUN	farkut
farkkujeni	NOUN	farkut
farkkuliivin	NOUN	farkku#liivi
farkutki	NOUN	farkut
farmakologian	NOUN	farmakologia
farmari-	NOUN	farmari
farmariautot	NOUN	farmari#auto
farsiksi	NOUN	farsi
fasaanipaistia	NOUN	fasaani#paisti
fasismiin	NOUN	fasismi
fassgrundilla	PROPN	Fassgrund
favan	PROPN	Fava
fbi:n	PROPN	FBI
feedbackia	NOUN	feedback
feminiinisiksi	ADJ	feminiininen
feministeihin	NOUN	feministi
feministeiltä	NOUN	feministi
feministien	NOUN	feministi
fenamifossille	PROPN	fenamifoss
fenamifossin	PROPN	fenamifoss
fennoskandiasta	PROPN	Fennoskandia
fennougristisen	ADJ	fennougristinen
festeilijöiden	NOUN	festeilijä
festeillä	PROPN	Fest
festeistä	PROPN	Fest
festi-isännät	NOUN	festi#isäntä
festien	PROPN	Fest
festilokiin	NOUN	festi#loki
festiläisille	NOUN	festiläinen
festiläisistä	NOUN	festiläinen
festiläisten	NOUN	festiläinen
festin	PROPN	Fest
festiretkeilijöiden	NOUN	festi#retkeilijä
festiretkueemme	NOUN	festi#retkue
festiseurueemme	NOUN	festi#seurue
festit	PROPN	Fest
festiväkeä	NOUN	festi#väki
fetisismin	NOUN	fetisismi
ff:n	PROPN	FF
fiatin	PROPN	Fiat
fidzillä	PROPN	Fidzi
fieandtia	PROPN	Fieandt
fiiliksellä	NOUN	fiilis
fiiliksissä	NOUN	fiilis
fiilistä	NOUN	fiilis
fiilistäni	NOUN	fiilis
fiksuna	ADJ	fiksu
fil.	NOUN	filosofia
fileerausveistä	NOUN	fileeraus#veitsi
fileleikkeitä	NOUN	file#leike
filen	PROPN	File
filmikelasta	NOUN	filmi#kela
filmille	NOUN	filmi
filmissä	NOUN	filmi
filometorin	PROPN	Filometor
filosofeeraavaa	ADJ	filosofeeraava
filosofeja	NOUN	filosofi
filosofiaa	NOUN	filosofia
filosofian	NOUN	filosofia
filosofijoukoksi	NOUN	filosofi#joukko
filosofikoulussa	NOUN	filosofi#koulu
filosofiselta	ADJ	filosofinen
filosofisia	ADJ	filosofinen
filosofit	NOUN	filosofi
filttereillä	NOUN	filtteri
fimean	PROPN	Fimea
finaalia	NOUN	finaali
finaaliin	NOUN	finaali
finaalipeliin	NOUN	finaali#peli
finaalissa	NOUN	finaali
finalen	NOUN	finale
finalistit	NOUN	finalisti
finanssi-	NOUN	finanssi
finanssikriisin	NOUN	finanssi#kriisi
finanssikriisiä	NOUN	finanssi#kriisi
finanssipoliittista	ADJ	finanssi#poliittinen
finavian	PROPN	Finavia
finlandia-palkintoehdokkaaksi	NOUN	Finlandia#palkinto#ehdokas
finlandia-talo	NOUN	Finlandia#talo
finlandia-talossa	NOUN	Finlandia#talo
finlandin	PROPN	Finland
finnairin	PROPN	Finnair
finnholmenille	PROPN	Finnholmen
finnjetin	PROPN	Finnjet
finnlevyn	PROPN	Finnlevy
finnscandian	PROPN	Finnscandia
fir-1:selle	ADJ	FIR#1
firmalle	NOUN	firma
firman	NOUN	firma
firmassa	NOUN	firma
firmasta	NOUN	firma
firmoihin	NOUN	firma
fischerin	PROPN	Fischer
fission	NOUN	fissio
fissioon	NOUN	fissio
fk:n	PROPN	FK
flaaminkielisesti	ADV	flaami#kielisesti
flaaminkieliset	NOUN	flaami#kielinen
flaamit	NOUN	flaami
fladoja	NOUN	flada
flag:in	PROPN	FLAG
flanderin	PROPN	Flanderi
flanellipaitansa	NOUN	flanelli#paita
fleece-hupparissa	NOUN	fleece#huppari
floridan	PROPN	Florida
flow-festivaaleilla	NOUN	Flow#festivaali
flunssa-aallosta	NOUN	flunssa#aalto
flunssaa	NOUN	flunssa
flunssan	NOUN	flunssa
flunssassa	NOUN	flunssa
flunssasta	NOUN	flunssa
fluorilla	NOUN	fluori
foinikialaiseen	ADJ	foinikialainen
foorumeille	NOUN	foorumi
foorumin	NOUN	foorumi
foorumipiireissä	NOUN	foorumi#piiri
forssan	PROPN	Forssa
fortunen	PROPN	Fortune
forumin	PROPN	Forum
fossiilisten	ADJ	fossiilinen
fox-televisiokanavalla	NOUN	FOX#televisio#kanava
fraaseja	NOUN	fraasi
fraichea	NOUN	fraiche
franchise-toimintaa	NOUN	franchise#toiminta
frankfurtin	PROPN	Frankfurt
fransin	PROPN	Frans
frattinin	PROPN	Frattin
fredika-vaimonsa	NOUN	Fredrika#vaimo
freelanceriksi	NOUN	freelancer
freesimpi	ADJ	freesi
frelimo-puolueeseen	NOUN	FRELIMO#puolue
friday:sta	PROPN	Friday
friedlanderin	PROPN	Friedlander
fruktoosille	NOUN	fruktoosi
fryygian	PROPN	Fryygia
fryygiasta	PROPN	Fryygia
fröbelin	PROPN	Fröbel
fuksianpunaisen	ADJ	fuksian#punainen
fuksin	NOUN	fuksi
fundamentalismiin	NOUN	fundamentalismi
fundamentalismin	NOUN	fundamentalismi
funk-legenda	NOUN	funk#legenda
funkahtavaa	ADJ	funkahtava
fuusiojazzin	NOUN	fuusio#jazz
fuusioon	NOUN	fuusio
fysiikan	NOUN	fysiikka
fysiikkaa	NOUN	fysiikka
fysikaalisilta	ADJ	fysikaalinen
fyysikko-	NOUN	fyysikko
fyysikkokillan	NOUN	fyysikko#kilta
fyysikkopojasta	NOUN	fyysikko#poika
fyysikkopojillamme	NOUN	fyysikko#poika
fyysikkotutkijamme	NOUN	fyysikko#tutkija
fyysikoiden	NOUN	fyysikko
fyysikon	NOUN	fyysikko
fyysisen	ADJ	fyysinen
fyysisessä	ADJ	fyysinen
fyysisin	ADJ	fyysinen
fyysistä	ADJ	fyysinen
fänisbådanilla	PROPN	Fänisbådan
g4-sotilaita	NOUN	g4#sotilas
g8-neuvottelut	NOUN	G8#neuvottelu
gaasin	PROPN	Gaas
gaddafin	PROPN	Gaddafi
galakseista	NOUN	galaksi
galaksien	NOUN	galaksi
galaksiin	NOUN	galaksi
galaktiseksi	ADJ	galaktinen
galatian	PROPN	Galatia
galatiasta	PROPN	Galatia
galea	PROPN	Gale
gallin	PROPN	Gall
gallup-henkinen	ADJ	gallup#henkinen
gallupeilla	NOUN	gallup
gallupien	NOUN	gallup
gallupin	NOUN	gallup
gallupit	NOUN	gallup
gambiitin	NOUN	gambiitti
gambiittissa	NOUN	gambiitti
gambinan	PROPN	Gambina
gardellin	PROPN	Gardell
gardmanin	PROPN	Gardman
gatt-sopimuksen	NOUN	GATT#sopimus
gatt-sopimuksessa	NOUN	GATT#sopimus
gatt-sopimus	NOUN	GATT#sopimus
gattin	PROPN	GATT
gatwickin	PROPN	Gatwick
gaullen	PROPN	Gaulle
geeneillä	NOUN	geeni
geeninsä	NOUN	geeni
gemini-12	PROPN	Gemini#12
genetiikan	NOUN	genetiikka
genetiiviin	NOUN	genetiivi
genevessä	PROPN	Geneve
genovaan	PROPN	Genova
georgialaisen	ADJ	georgialainen
georgialaiset	ADJ	georgialainen
georgialaiset	NOUN	georgialainen
georgian	PROPN	Georgia
geotieteiden	NOUN	geo#tiede
germaanisten	ADJ	germaaninen
germanistiikan	NOUN	germanistiikka
gestapon	PROPN	Gestapo
gf:n	PROPN	GF
gil-roblesille	PROPN	Gil-Robles
giljotiinin	NOUN	giljotiini
ginan	PROPN	Gina
githubia	PROPN	GitHub
githubiin	PROPN	GitHub
githubissa	PROPN	GitHub
githubista	PROPN	GitHub
glenin	PROPN	Glen
glitteriä	NOUN	glitteri
glitterkenkien	NOUN	glitter#kenkä
gliwicessä	PROPN	Gliwice
glo-järviä	NOUN	glo#järvi
globaalia	ADJ	globaali
globaalille	ADJ	globaali
globaalissa	ADJ	globaali
globaalitalouden	NOUN	globaali#talous
globalisoituva	VERB	globalisoitua
globaten	PROPN	Globate
glp-1	NUM	GLP#1
godfleshin	PROPN	Godflesh
gogarenen	PROPN	Gogaren
golf-radat	NOUN	golf#rata
googlea	PROPN	Google
googlen	PROPN	Google
gorazdeen	PROPN	Gorazde
gorbatšovin	PROPN	Gorbatšov
gordioksen	PROPN	Gordios
gordioksesta	PROPN	Gordios
goren	PROPN	Gore
gorillan	NOUN	gorilla
gorontalon	PROPN	Gorontalo
gp:ssä	PROPN	GP
gps-trackeriksi	NOUN	GPS#tracker
graafisella	ADJ	graafinen
gradun	NOUN	gradu
gradunsa	NOUN	gradu
gradusta	NOUN	gradu
grammaa	NOUN	gramma
grammis-palkinnon	NOUN	Grammis#palkinto
grammy-palkinnon	NOUN	Grammy#palkinto
grammyn	PROPN	Grammy
gramofonista	NOUN	gramofoni
granbom-herranen	PROPN	Granbom#Herranen
granfeltilta	PROPN	Granfelt
graniitin	NOUN	graniitti
grazianin	PROPN	Grazian
greenille	PROPN	Green
greeniä	PROPN	Green
greenwoodin	PROPN	Greenwood
gregoriaanisen	ADJ	gregoriaaninen
greyn	PROPN	Grey
grillaa	VERB	grillata
grillataan	VERB	grillata
grillattiin	VERB	grillata
grillattu	VERB	grillata
grillauksen	NOUN	grillaus
grillibileissä	NOUN	grilli#bileet
grilliin	NOUN	grilli
grillimakkaraa	NOUN	grilli#makkara
grillissä	NOUN	grilli
grillivastusten	NOUN	grilli#vastus
groupin	PROPN	Group
grönroosia	PROPN	Grönroos
grönvikin	PROPN	Grönvik
gsm-puhelimeksi	NOUN	GSM#puhelin
guadalajarassa	PROPN	Guadalajara
guadalcanalin	PROPN	Guadalcanal
guadalquivirin	PROPN	Guadalquivir
guaramidi-dynastian	NOUN	guaramidi#dynastia
guaramidien	NOUN	guaramidi
guaramin	PROPN	Guaram
guarantyn	PROPN	Guaranty
gugin	PROPN	Gugi
guinnesiin	PROPN	Guinness
guinnesin	PROPN	Guinness
göteborgin	PROPN	Göteborg
h&m:lta	PROPN	H&M
h&m:n	PROPN	H&M
h5n1-muotoa	NOUN	H5N1#muoto
h5n1-tyypin	NOUN	H5N1#tyyppi
haagin	PROPN	Haag
haagissa	PROPN	Haag
haalareihinsa	NOUN	haalarit
haalarikaiveluiden	NOUN	haalari#kaivelu
haalarinsa	NOUN	haalari
haalarit	NOUN	haalari
haalaritonta	ADJ	haalariton
haalariuintia	NOUN	haalari#uinti
haalarivahinkoja	NOUN	haalari#vahinko
haaleaa	ADJ	haalea
haamun	NOUN	haamu
haapajärven	PROPN	Haapajärvi
haaraa	NOUN	haara
haarautuvat	VERB	haarautua
haareminsa	NOUN	haaremi
haarniskassa	NOUN	haarniska
haaroväliä	NOUN	haaroväli
haarukassa	NOUN	haarukka
haastajaksi	NOUN	haastaja
haastanut	VERB	haastaa
haastatellaan	VERB	haastatella
haastatellut	NOUN	haastateltu
haastatellut	VERB	haastatella
haastateltavamme	NOUN	haastateltava
haastateltavat	NOUN	haastateltava
haastateltiin	VERB	haastatella
haastateltujen	VERB	haastatella
haastattelema	VERB	haastatella
haastattelemalla	VERB	haastatella
haastattelemien	VERB	haastatella
haastattelemista	VERB	haastatella
haastattelevat	VERB	haastatella
haastattelijoita	NOUN	haastattelija
haastattelua	NOUN	haastattelu
haastatteluihin	NOUN	haastattelu
haastatteluja	NOUN	haastattelu
haastattelun	NOUN	haastattelu
haastattelussa	NOUN	haastattelu
haastatteluun	NOUN	haastattelu
haastavaa	ADJ	haastava
haastavaksi	ADJ	haastava
haastavassa	ADJ	haastava
haastavia	ADJ	haastava
haasteeseen	NOUN	haaste
haasteet	NOUN	haaste
haasteiden	NOUN	haaste
haasteisiin	NOUN	haaste
haasteita	NOUN	haaste
haastetta	NOUN	haaste
haastoi	VERB	haastaa
haastoivat	VERB	haastaa
haatajan	PROPN	Haataja
haaveellista	ADJ	haaveellinen
haaveet	NOUN	haave
haaveiksi	NOUN	haave
haaveilemisen	NOUN	haaveileminen
haaveili	VERB	haaveilla
haaveillaan	VERB	haaveilla
haaveillen	VERB	haaveilla
haaveillut	VERB	haaveilla
haavoittui	VERB	haavoittua
haavoittumisen	NOUN	haavoittuminen
haavoittuneita	VERB	haavoittua
haavoittuvaisuutta	NOUN	haavoittuvaisuus
haavoittuvimpia	ADJ	haavoittuva
haavoittuvimpiin	ADJ	haavoittuva
haavoittuvuuttaan	NOUN	haavoittuvuus
haavoja	NOUN	haava
hadrianuksesta	PROPN	Hadrianus
hadronien	NOUN	hadroni
hae	VERB	hakea
haen	VERB	hakea
haetaan	VERB	hakea
hahmoja	NOUN	hahmo
hahmojen	NOUN	hahmo
hahmon	NOUN	hahmo
hahmot	NOUN	hahmo
hahmotamme	VERB	hahmottaa
hahmotelmaa	NOUN	hahmotelma
hahmottamisesta	NOUN	hahmottaminen
hahmottoman	ADJ	hahmoton
hahmottomassa	ADJ	hahmoton
haideria	PROPN	Haider
haihtuva	VERB	haihtua
haihtuvassa	ADJ	haihtuva
haihtuvat	VERB	haihtua
haikailevien	VERB	haikailla
haikeana	ADJ	haikea
haikeutta	NOUN	haikeus
haisee	VERB	haista
haisevaa	ADJ	haiseva
haisevassa	VERB	haista
haisi	VERB	haista
haistakoon	VERB	haistaa
haistamaan	VERB	haistaa
haistelemassa	VERB	haistella
haitaksi	NOUN	haitta
haitallisia	ADJ	haitallinen
haitallisina	ADJ	haitallinen
haitallista	ADJ	haitallinen
haitannut	VERB	haitata
haitissa	PROPN	Haiti
haittaa	NOUN	haitta
haittaa	VERB	haitata
haittaavat	VERB	haitata
haittavaikutuksia	NOUN	haitta#vaikutus
haittavaikutuksiin	NOUN	haitta#vaikutus
haja-asutuspalvelu	NOUN	haja#asutus#palvelu
hajaantuivat	VERB	hajaantua
hajaantunut	VERB	hajaantua
hajasijoittamisen	NOUN	haja#sijoittaminen
hajautettu	VERB	hajauttaa
hajautetumman	ADJ	hajautettu
hajautuvat	VERB	hajautua
hajoamiseen	NOUN	hajoaminen
hajoavasta	VERB	hajota
hajoilua	NOUN	hajoilu
hajonneen	VERB	hajota
hajontaa	NOUN	hajonta
hajosi	VERB	hajota
hajoten	VERB	hajota
hajottamaan	VERB	hajottaa
hajottavuudessaan	NOUN	hajottavuus
hajottua	VERB	hajota
hajua	NOUN	haju
hajuja	NOUN	haju
hajusta	NOUN	haju
hakee	VERB	hakea
hakemaan	VERB	hakea
hakemisesta	NOUN	hakeminen
hakemista	NOUN	hakeminen
hakemuksen	NOUN	hakemus
hakemuksia	NOUN	hakemus
hakemusmääräänsä	NOUN	hakemus#määrä
hakemusta	NOUN	hakemus
hakeneensa	VERB	hakea
hakeneet	VERB	hakea
hakeneille	VERB	hakea
hakenut	VERB	hakea
hakeudukaan	VERB	hakeutua
hakeutuivat	VERB	hakeutua
hakeutumisessa	NOUN	hakeutuminen
hakevat	VERB	hakea
hakiessani	VERB	hakea
hakijaa	NOUN	hakija
hakijamäärästä	NOUN	hakija#määrä
hakijamääräänsä	NOUN	hakija#määrä
hakijan	NOUN	hakija
hakijoiden	NOUN	hakija
hakijoista	NOUN	hakija
hakijoita	NOUN	hakija
hakisin	VERB	hakea
hakkaa	VERB	hakata
hakkaisi	VERB	hakata
hakkasi	VERB	hakata
hakkasin	VERB	hakata
hakkeroinnin	NOUN	hakkerointi
haku-	NOUN	haku
hakujensa	NOUN	haku
hakukierroksen	NOUN	haku#kierros
hakukohteisiin	NOUN	haku#kohde
hakukoneiden	NOUN	haku#kone
hakukonenäkyvyyden	NOUN	haku#kone#näkyvyys
hakukoneyhtiöt	NOUN	haku#kone#yhtiö
hakutuloksen	NOUN	haku#tulos
halaa	VERB	halata
halaili	VERB	halailla
halajaa	VERB	halata
halasit	VERB	halata
halkaise	VERB	halkaista
halkaistuja	VERB	halkaista
halkeamien	NOUN	halkeama
halkeisi	VERB	haljeta
halkoo	VERB	halkoa
halla-ahon	PROPN	Halla-aho
hallidayn	PROPN	Halliday
halliin	NOUN	halli
hallinnan	NOUN	hallinta
hallinnassa	NOUN	hallinta
hallinnasta	NOUN	hallinta
hallinnointiin	NOUN	hallinnointi
hallinnoitua	VERB	hallinnoida
hallinnollisena	ADJ	hallinnollinen
hallinnollisesta	ADJ	hallinnollinen
hallinnolliset	ADJ	hallinnollinen
hallinnollisista	ADJ	hallinnollinen
hallinnollista	ADJ	hallinnollinen
hallinnollisten	ADJ	hallinnollinen
hallinnon	NOUN	hallinto
hallinnossa	NOUN	hallinto
hallinnosta	NOUN	hallinto
hallinoiman	VERB	hallinnoida
hallintaan	NOUN	hallinta
hallintaansa	NOUN	hallinta
hallintaohjelmistoja	NOUN	hallinta#ohjelmisto
hallintaoikeuden	NOUN	hallinta#oikeus
hallinto-	NOUN	hallinto
hallinto-oikeus	NOUN	hallinto#oikeus
hallintoa	NOUN	hallinto
hallintoalueella	NOUN	hallinto#alue
hallintoelimille	NOUN	hallinto#elin
hallintoelinten	NOUN	hallinto#elin
hallintokomitean	NOUN	hallinto#komitea
hallintomenettelystä	NOUN	hallinto#menettely
hallintona	NOUN	hallinto
hallintoneuvoston	NOUN	hallinto#neuvosto
hallintoon	NOUN	hallinto
hallintotoimia	NOUN	hallinto#toimi
hallintovirkamiesten	NOUN	hallinto#virka#mies
hallisemalle	VERB	hallita
hallitessa	VERB	hallita
hallitsee	VERB	hallita
hallitsema	VERB	hallita
hallitsemaan	VERB	hallita
hallitsemattomalta	ADJ	hallitsematon
hallitsemattomissa	VERB	hallita
hallitsemiseksi	NOUN	hallitseminen
hallitsevan	VERB	hallita
hallitsi	VERB	hallita
hallitsijaksi	NOUN	hallitsija
hallitsijan	NOUN	hallitsija
hallitsijana	NOUN	hallitsija
hallitsijasukua	NOUN	hallitsija#suku
hallitsijasuvun	NOUN	hallitsija#suku
hallitsivat	VERB	hallita
hallittavaksi	VERB	hallita
hallittu	VERB	hallita
hallittuja	VERB	hallita
hallittuna	ADJ	hallittu
hallitukseen	NOUN	hallitus
hallituksella	NOUN	hallitus
hallitukselle	NOUN	hallitus
hallituksemme	NOUN	hallitus
hallituksen	NOUN	hallitus
hallituksena	NOUN	hallitus
hallituksessa	NOUN	hallitus
hallituksesta	NOUN	hallitus
hallitukset	NOUN	hallitus
hallituksia	NOUN	hallitus
hallituksista	NOUN	hallitus
hallitun	ADJ	hallittu
hallituskauden	NOUN	hallitus#kausi
hallituslaisiin	NOUN	hallituslainen
hallituslaisille	NOUN	hallituslainen
hallitusohjelmaansa	NOUN	hallitus#ohjelma
hallitusohjelmaneuvotteluissa	NOUN	hallitus#ohjelma#neuvottelu
hallituspuolueelta	NOUN	hallitus#puolue
hallitusta	NOUN	hallitus
hallitusten	NOUN	hallitus
hallitustoimijoiden	NOUN	hallitus#toimija
hallitustyöhön	NOUN	hallitus#työ
halloumijuustoa	NOUN	halloumi#juusto
halloumista	NOUN	halloumi
halloumit	NOUN	halloumi
hallussapidosta	NOUN	hallussa#pito
halmeen	PROPN	Halme
haloselle	PROPN	Halonen
halosen	PROPN	Halonen
halpatyövomana	NOUN	halpa#työ#voima
haltijaksi	NOUN	haltija
haltijan	NOUN	haltija
haltijoita	NOUN	haltija
haltuunsa	ADV	haltuun
halua	NOUN	halu
halua	VERB	haluta
haluaa	VERB	haluta
haluaisi	VERB	haluta
haluaisiko	VERB	haluta
haluaisin	VERB	haluta
haluaisinkin	VERB	haluta
haluaisit	VERB	haluta
haluaisitko	VERB	haluta
haluaisivat	VERB	haluta
haluakaan	VERB	haluta
haluamaansa	VERB	haluta
haluamalla	VERB	haluta
haluamallasi	VERB	haluta
haluamansa	VERB	haluta
haluamatta	VERB	haluta
haluamme	VERB	haluta
haluan	VERB	haluta
haluat	VERB	haluta
haluatte	VERB	haluta
haluatteko	VERB	haluta
haluavani	VERB	haluta
haluavansa	VERB	haluta
haluavat	VERB	haluta
haluavatko	VERB	haluta
haluavien	NOUN	haluava
haluisit	VERB	haluta
haluista	NOUN	halu
haluistaan	NOUN	halu
haluja	NOUN	halu
halukkailla	ADJ	halukas
halukkuutensa	NOUN	halukkuus
halulle	NOUN	halu
halumme	NOUN	halu
halunneet	VERB	haluta
halunnu	VERB	haluta
halunnut	VERB	haluta
halunnutkin	VERB	haluta
halunsa	NOUN	halu
halusi	VERB	haluta
halusin	VERB	haluta
halusivat	VERB	haluta
halusta	NOUN	halu
halustaan	NOUN	halu
halustamme	NOUN	halu
halustani	NOUN	halu
halutaan	VERB	haluta
halutessaan	VERB	haluta
halutessasi	VERB	haluta
haluttiin	VERB	haluta
haluttu	VERB	haluta
haluttua	VERB	haluta
halutulla	VERB	haluta
haluun	NOUN	halu
halvaannuttaisi	VERB	halvaantua
halvaantunut	VERB	halvaantua
halvahkoa	ADJ	halvahko
halvalla	ADJ	halpa
halvat	ADJ	halpa
halveksitun	VERB	halveksia
halvemmalla	ADV	halvalla
halvempaa	ADJ	halpa
halventuivat	VERB	halventua
hamaa	ADJ	hama
hamassa	ADJ	hama
hameasuun	NOUN	hame#asu
hameen	NOUN	hame
hamiltoniin	PROPN	Hamilton
hammasharjaa	NOUN	hammas#harja
hammaskariesta	NOUN	hammas#karies
hammasta	NOUN	hammas
hammasterveyteen	NOUN	hammas#terveys
hampaansa	NOUN	hammas
hampaat	NOUN	hammas
hampaiden	NOUN	hammas
hampaista	NOUN	hammas
hampaitani	NOUN	hammas
hampshiren	PROPN	Hampshire
hampshiressa	PROPN	Hampshire
hampurilaisravintolan	NOUN	hampurilais#ravintola
han-dynastian	NOUN	Han#dynastia
han-keisarin	NOUN	Han#keisari
han-kuningaskunnan	PROPN	Han#kuningas#kunta
handelsbankenin	PROPN	Handelsbanken
hangilla	NOUN	hanki
hankalaa	ADJ	hankala
hankalassa	ADJ	hankala
hankalia	ADJ	hankala
hankaloiduttua	VERB	hankaloitua
hankaloittamalla	VERB	hankaloittaa
hankaloittavat	VERB	hankaloittaa
hankehakuja	NOUN	hanke#haku
hanketta	NOUN	hanke
hanki	VERB	hankkia
hankien	NOUN	hanki
hankinnassa	NOUN	hankinta
hankintaa	NOUN	hankinta
hankintalistalla	NOUN	hankinta#lista
hankintatapoihin	NOUN	hankinta#tapa
hankintoihin	NOUN	hankinta
hankittava	VERB	hankkia
hankittu	VERB	hankkia
hankkeeksi	NOUN	hanke
hankkeen	NOUN	hanke
hankkeeseen	NOUN	hanke
hankkeessa	NOUN	hanke
hankkeille	NOUN	hanke
hankkeisiin	NOUN	hanke
hankkeista	NOUN	hanke
hankkeita	NOUN	hanke
hankki	VERB	hankkia
hankkimalla	VERB	hankkia
hankkimani	VERB	hankkia
hankkimansa	VERB	hankkia
hankkimasta	VERB	hankkia
hankkimiselle	NOUN	hankkiminen
hankkimista	NOUN	hankkiminen
hankkinut	VERB	hankkia
hankkiutui	VERB	hankkiutua
hankkiva	VERB	hankkia
hannoverin	PROPN	Hannover
hanoja	NOUN	hana
hansikkaita	NOUN	hansikas
hanskaa	NOUN	hanska
hanskaasi	NOUN	hanska
hanskat	NOUN	hanska
haparoin	VERB	haparoida
hapen	NOUN	happi
hapertuneet	VERB	hapertua
hapolla	NOUN	happo
happani	VERB	hapata
happoa	NOUN	happo
hapuilevaa	ADJ	hapuileva
hapuili	VERB	hapuilla
haravalla	NOUN	harava
haravoidaan	VERB	haravoida
haravoinnissa	NOUN	haravointi
harbourin	PROPN	Harbour
hardcoresta	NOUN	hardcore
harhaanjohtamista	NOUN	harhaan#johtaminen
harhaanjohtavat	ADJ	harhaan#johtava
harhakuvitelmaa	NOUN	harha#kuvitelma
harhautetuksi	VERB	harhauttaa
harjaa	VERB	harjata
harjasi	VERB	harjata
harjoitellaan	VERB	harjoitella
harjoitelleena	VERB	harjoitella
harjoitettava	VERB	harjoittaa
harjoitettiin	VERB	harjoittaa
harjoitettua	VERB	harjoittaa
harjoittajaa	NOUN	harjoittaja
harjoittajalla	NOUN	harjoittaja
harjoittajan	NOUN	harjoittaja
harjoittajat	NOUN	harjoittaja
harjoittajia	NOUN	harjoittaja
harjoittajien	NOUN	harjoittaja
harjoittajille	NOUN	harjoittaja
harjoittajista	NOUN	harjoittaja
harjoittama	VERB	harjoittaa
harjoittamaan	VERB	harjoittaa
harjoittamalla	VERB	harjoittaa
harjoittamasta	VERB	harjoittaa
harjoittavat	VERB	harjoittaa
harjoittelee	VERB	harjoitella
harjoittelupaikoissa	NOUN	harjoittelu#paikka
harjoitti	VERB	harjoittaa
harjoituksia	NOUN	harjoitus
harjoituksissa	NOUN	harjoitus
harjoitusten	NOUN	harjoitus
harjoitustyökursseja	NOUN	harjoitus#työ#kurssi
harjoitustyöstä	NOUN	harjoitus#työ
harkinnan	NOUN	harkinta
harkinneen	VERB	harkita
harkinnut	VERB	harkita
harkitse	VERB	harkita
harkitsee	VERB	harkita
harkitsemaan	VERB	harkita
harkitsevansa	VERB	harkita
harkitsevat	VERB	harkita
harkitsi	VERB	harkita
harkittua	VERB	harkita
harmaaksi	ADJ	harmaa
harmaalla	ADJ	harmaa
harmaan	ADJ	harmaa
harmaana	ADJ	harmaa
harmaita	ADJ	harmaa
harmia	NOUN	harmi
harmiksi	NOUN	harmi
harmistuneen	VERB	harmistua
harmittaisi	VERB	harmittaa
harmittelevat	VERB	harmitella
harmitti	VERB	harmittaa
harmoniaan	NOUN	harmonia
harmonian	NOUN	harmonia
harmonisen	ADJ	harmoninen
harmonista	ADJ	harmoninen
harrastaako	VERB	harrastaa
harrastajat	NOUN	harrastaja
harrastajateatterin	NOUN	harrastaja#teatteri
harrastajien	NOUN	harrastaja
harrastajille	NOUN	harrastaja
harrastamaan	VERB	harrastaa
harrastaneensa	VERB	harrastaa
harrastelijasarjassa	NOUN	harrastelija#sarja
harrastelijoiden	NOUN	harrastelija
harrastuksensa	NOUN	harrastus
harrastuksille	NOUN	harrastus
harrastusta	NOUN	harrastus
harrastusyhteisöjen	NOUN	harrastus#yhteisö
harrilta	PROPN	Harri
harrisin	PROPN	Harris
harteille	NOUN	harteet
harteilleen	NOUN	harteet
harteiltamme	NOUN	harteet
hartioiden	NOUN	hartia
hartioilla	NOUN	hartia
hartioista	NOUN	hartia
hartosen	PROPN	Hartonen
hartwall-areenalla	NOUN	Hartwall#areena
harvalle	ADJ	harva
harvalukuisena	ADJ	harva#lukuinen
harvassa	ADJ	harva
harvat	PRON	harva
harvempi	ADJ	harva
harvinaiseksi	ADJ	harvinainen
harvinaisemmista	ADJ	harvinainen
harvinaisempi	ADJ	harvinainen
harvinaisen	ADJ	harvinainen
harvinaisena	ADJ	harvinainen
harvinaisia	ADJ	harvinainen
harvinaisina	ADJ	harvinainen
harvinaisissa	ADJ	harvinainen
harvinaista	ADJ	harvinainen
harvinaistumassa	VERB	harvinaistua
harvoihin	ADJ	harva
harvoilla	PRON	harva
harvoista	PRON	harva
harvoja	PRON	harva
hassua	ADJ	hassu
hassulta	ADJ	hassu
hassunhauskoja	ADJ	hassun#hauska
hassut	ADJ	hassu
hataraa	ADJ	hatara
hattuaan	NOUN	hattu
hattulan	PROPN	Hattula
hattulassa	PROPN	Hattula
hatuista	NOUN	hattu
hatusta	NOUN	hattu
haudan	NOUN	hauta
haudannut	VERB	haudata
haudassa	NOUN	hauta
haudatkoon	VERB	haudata
haudattiin	VERB	haudata
haudonta-aika	NOUN	haudonta#aika
hauduttelin	VERB	haudutella
hauenpyrstöliitoksia	NOUN	hauki#pyrstö#liitos
hauissa	NOUN	haku
haukiputaalla	PROPN	Haukipudas
haukiputaan	PROPN	Haukipudas
haukkasi	VERB	haukata
haukkui	VERB	haukkua
haukkumanimellä	NOUN	haukkuma#nimi
haukkuu	VERB	haukkua
hauskaa	ADJ	hauska
hauskana	ADJ	hauska
hauskanilkeäkin	ADJ	hauska#ilkeä
hauskempaa	ADJ	hauska
hauskempi	ADJ	hauska
hauskoissa	ADJ	hauska
hauskoja	ADJ	hauska
hauskojen	ADJ	hauska
hautajaisissa	NOUN	hautajaiset
hautajaisten	NOUN	hautajaiset
hautoo	VERB	hautoa
hautovat	VERB	hautoa
havahdu	VERB	havahtua
havaijipaitalomat	NOUN	havaiji#paita#loma
havainnoi	VERB	havainnoida
havainnoille	NOUN	havainto
havainnoinnin	NOUN	havainnointi
havainnointia	NOUN	havainnointi
havainnointimme	NOUN	havainnointi
havainnollista	ADJ	havainnollinen
havainnot	NOUN	havainto
havaintoa	NOUN	havainto
havaintoja	NOUN	havainto
havaintojakson	NOUN	havainto#jakso
havaintojen	NOUN	havainto
havaintoni	NOUN	havainto
havaitsee	VERB	havaita
havaitsemaan	VERB	havaita
havaitsemani	VERB	havaita
havaitsi	VERB	havaita
havaitsivat	VERB	havaita
havaittavissa	VERB	havaita
havaittiin	VERB	havaita
havaittu	VERB	havaita
havajipaitaa	NOUN	havaji#paita
havajipaitaansa	NOUN	havaji#paita
havisevat	VERB	havista
havu-	NOUN	havu
havumetsissä	NOUN	havu#metsä
havupuun	NOUN	havu#puu
hawksin	PROPN	Hawks
hawkwindin	PROPN	Hawkwind
hdr:n	PROPN	HDR
he	PRON	hän
heathrow'n	PROPN	Heathrow
hedelmiä	NOUN	hedelmä
hedelmäjuomien	NOUN	hedelmä#juoma
hedelmälliseksi	ADJ	hedelmällinen
hedelmällistä	ADJ	hedelmällinen
hedelmät	NOUN	hedelmä
hedelmätuoremehujen	NOUN	hedelmä#tuore#mehu
hedelmöityneet	VERB	hedelmöityä
hedonistiseen	ADJ	hedonistinen
hedonistisen	ADJ	hedonistinen
hedän	PRON	hän
heepin	PROPN	Heep
hehkuen	VERB	hehkua
hehkuttavat	VERB	hehkuttaa
hehkutti	VERB	hehkuttaa
hehtaaria	NOUN	hehtaari
hehtaarin	NOUN	hehtaari
hei-heit	NOUN	hei-hei
heidän	PRON	hän
heidät	PRON	hän
heihin	PRON	hän
heijasta	VERB	heijastaa
heijastat	VERB	heijastaa
heijastukseen	NOUN	heijastus
heijastukset	NOUN	heijastus
heijastumalle	NOUN	heijastuma
heijastussinistä	ADJ	heijastus#sininen
heikennyksen	NOUN	heikennys
heikensivät	VERB	heikentää
heikentyneiden	VERB	heikentyä
heikentynyt	VERB	heikentyä
heikentävän	VERB	heikentää
heikkenemistä	NOUN	heikkeneminen
heikkeni	VERB	heiketä
heikkoa	ADJ	heikko
heikkoja	ADJ	heikko
heikkojen	ADJ	heikko
heikkoon	ADJ	heikko
heikkotasoisen	ADJ	heikko#tasoinen
heikkouden	NOUN	heikkous
heikkouksista	NOUN	heikkous
heikohkon	ADJ	heikohko
heikoimmilla	ADJ	heikko
heikolta	ADJ	heikko
heikommaksi	ADJ	heikko
heikommassa	ADJ	heikko
heikommin	ADV	heikosti
heikompi	ADJ	heikko
heikompien	ADJ	heikko
heikossa	ADJ	heikko
heilahteli	VERB	heilahdella
heilauta	VERB	heilauttaa
heilautin	VERB	heilauttaa
heille	PRON	hän
heillä	PRON	hän
heiltä	PRON	hän
heilui	VERB	heilua
heilutellen	VERB	heilutella
heiluttelee	VERB	heilutella
heilutteli	VERB	heilutella
heiluu	VERB	heilua
heiluvan	VERB	heilua
heimolinnassa	PROPN	Heimolinna
heimon	NOUN	heimo
heimonsa	NOUN	heimo
heimopataljoonien	NOUN	heimo#pataljoona
heimot	NOUN	heimo
heimoyhteisöjen	NOUN	heimo#yhteisö
heinä-	NOUN	heinä
heinäkuun	NOUN	heinäkuu
heinäkuussa	NOUN	heinäkuu
heinäkuusta	NOUN	heinäkuu
heinäkuuta	NOUN	heinäkuu
heinäsirkkoja	NOUN	heinä#sirkka
heinätorin	PROPN	Heinätori
heinää	NOUN	heinä
heipat	NOUN	heippa
heistä	PRON	hän
heitettiin	VERB	heittää
heitettyä	VERB	heittää
heitin	VERB	heittää
heittelee	VERB	heitellä
heitti	VERB	heittää
heittämällä	VERB	heittää
heittämään	VERB	heittää
heittävät	VERB	heittää
heitä	PRON	hän
heitä	VERB	heittää
heitän	VERB	heittää
heität	VERB	heittää
hekin	PRON	hän
heleniuksen	PROPN	Helenius
helikopterin	NOUN	helikopteri
hellalle	NOUN	hella
helleenien	NOUN	helleeni
helli	VERB	helliä
hellittäisi	VERB	hellittää
helman	NOUN	helma
helmikuun	NOUN	helmikuu
helmikuussa	NOUN	helmikuu
helmikuusta	NOUN	helmikuu
helmikuuta	NOUN	helmikuu
helmin	PROPN	Helmi
helpoimmin	ADV	helposti
helpoin	ADJ	helppo
helpolla	ADJ	helppo
helpolta	ADJ	helppo
helpommin	ADV	helposti
helpompaa	ADJ	helppo
helpompi	ADJ	helppo
helpompia	ADJ	helppo
helpon	ADJ	helppo
helpotetaan	VERB	helpottaa
helpottamaan	VERB	helpottaa
helpottamalla	VERB	helpottaa
helpottamassa	VERB	helpottaa
helpottamiseksi	NOUN	helpottaminen
helpottanut	VERB	helpottaa
helpottavaa	VERB	helpottaa
helpottavan	VERB	helpottaa
helpottumaan	VERB	helpottua
helpotushan	NOUN	helpotus
helpotusta	NOUN	helpotus
helppoa	ADJ	helppo
helppoja	ADJ	helppo
helppoon	ADJ	helppo
helsingin	PROPN	Helsinki
helsingissä	PROPN	Helsinki
helsingissäkin	PROPN	Helsinki
helsingistä	PROPN	Helsinki
helsinki-porvoo	PROPN	Helsinki#Porvoo
helsinki-tallinna	PROPN	Helsinki#Tallinna
helsinki-vantaalla	PROPN	Helsinki#Vantaa
helsinkiin	PROPN	Helsinki
helsinkiä	PROPN	Helsinki
helteellään	NOUN	helle
helteet	ADJ	helle
hemiselluloosaa	NOUN	hemi#selluloosa
hengailtiin	VERB	hengailla
hengailun	NOUN	hengailu
hengellä	NOUN	henki
hengen	NOUN	henki
hengenperintönä	NOUN	hengen#perintö
hengessä	NOUN	henki
hengettömänä	ADJ	hengetön
hengiltä	NOUN	henki
hengis-sivustoille	NOUN	Hengis#sivusto
hengissä	NOUN	henki
hengitettäväksi	VERB	hengittää
hengitti	VERB	hengittää
hengittämässä	VERB	hengittää
hengittänyt	VERB	hengittää
hengittävätkö	VERB	hengittää
hengityksen	NOUN	hengitys
hengitä	VERB	hengittää
hengähdystauon	NOUN	hengähdys#tauko
henken	NOUN	henki
henkeni	NOUN	henki
henkeä	NOUN	henki
henkiin	NOUN	henki
henkiinjäämisen	NOUN	henkiinjääminen
henkilö-	NOUN	henkilö
henkilöautoa	NOUN	henkilö#auto
henkilöauton	NOUN	henkilö#auto
henkilöiden	NOUN	henkilö
henkilöihin	NOUN	henkilö
henkilöille	NOUN	henkilö
henkilöitä	NOUN	henkilö
henkilöjä	NOUN	henkilö
henkilökohtaisen	ADJ	henkilö#kohtainen
henkilökohtaisena	ADJ	henkilö#kohtainen
henkilökohtaiset	ADJ	henkilö#kohtainen
henkilökohtaisiin	ADJ	henkilö#kohtainen
henkilökohtaista	ADJ	henkilö#kohtainen
henkilöksi	NOUN	henkilö
henkilökunnan	NOUN	henkilö#kunta
henkilökuntaa	NOUN	henkilö#kunta
henkilökuntahinnalla	NOUN	henkilö#kunta#hinta
henkilöliikennettä	NOUN	henkilö#liikenne
henkilölle	NOUN	henkilö
henkilöllisyydeltään	NOUN	henkilöllisyys
henkilöllisyyteni	NOUN	henkilöllisyys
henkilöllä	NOUN	henkilö
henkilömäärien	NOUN	henkilö#määrä
henkilön	NOUN	henkilö
henkilönnimeksi	NOUN	henkilön#nimi
henkilönvastaisena	ADJ	henkilö#vastainen
henkilössä	NOUN	henkilö
henkilöstä	NOUN	henkilö
henkilöstö-	NOUN	henkilöstö
henkilöstöhallinnan	NOUN	henkilöstö#hallinta
henkilöstöhallinnon	NOUN	henkilöstö#hallinto
henkilöstömäärän	NOUN	henkilöstö#määrä
henkilöstömääränsä	NOUN	henkilöstö#määrä
henkilöstöstä	NOUN	henkilöstö
henkilöstövaihdoksista	NOUN	henkilöstö#vaihdos
henkilöstöään	NOUN	henkilöstö
henkilöt	NOUN	henkilö
henkilötietoja	NOUN	henkilö#tiedot
henkilötietojen	NOUN	henkilö#tiedot
henkilötunnustaan	NOUN	henkilö#tunnus
henkilöä	NOUN	henkilö
henkilöön	NOUN	henkilö
henkisiä	ADJ	henkinen
henkisten	ADJ	henkinen
henkivakuutustoiminnan	NOUN	henki#vakuutus#toiminta
henkäisi	VERB	henkäistä
hennon	ADJ	hento
hennot	ADJ	hento
henttosen	PROPN	Henttonen
hepreaksi	NOUN	heprea
heprealaiseen	ADJ	heprealainen
heprealaisessa	ADJ	heprealainen
heprean	NOUN	heprea
hepreassa	NOUN	heprea
herakleioksen	PROPN	Herakleios
herkemmin	ADV	herkästi
herkesivät	VERB	herjetä
herkintä	ADJ	herkkä
herkkien	ADJ	herkkä
herkkiä	ADJ	herkkä
herkkua	NOUN	herkku
herkkuineen	NOUN	herkku
herkkuja	NOUN	herkku
herkkulikööriä	NOUN	herkku#likööri
herkkuna	NOUN	herkku
herkkupaloja	NOUN	herkku#pala
herkkusieniä	NOUN	herkku#sieni
herkkyystasoaan	NOUN	herkkyys#taso
herkuista	NOUN	herkku
herkuksi	NOUN	herkku
herkulle	NOUN	herkku
herkullista	ADJ	herkullinen
herkun	NOUN	herkku
herkut	NOUN	herkku
herkutellaan	VERB	herkutella
herlinien	PROPN	Herlin
hermonsa	NOUN	hermo
hermosavujen	NOUN	hermo#savut
hermostuneet	VERB	hermostua
hermostunu	VERB	hermostua
hermostunut	VERB	hermostua
hermostutti	VERB	hermostuttaa
hermostuu	VERB	hermostua
hermostuvan	VERB	hermostua
hermottamien	VERB	hermottaa
herneenversoilla	NOUN	herne#verso
herneenversoja	NOUN	herne#verso
herneenversot	NOUN	herne#verso
hernekeittoa	NOUN	herne#keitto
herraan	NOUN	herra
herrakerholle	PROPN	Herrakerho
herrasmiehen	NOUN	herras#mies
herrasmiespelaajaksi	NOUN	herras#mies#pelaaja
herrat	NOUN	herra
herroilleen	NOUN	herra
herroittelua	NOUN	herroittelu
herruudesta	NOUN	herruus
hertsegovinaan	PROPN	Hertsegovina
herttuan	NOUN	herttua
herttuan	PROPN	Herttua
hervannassa	PROPN	Hervanta
hervantaa	PROPN	Hervanta
heräilivät	VERB	heräillä
heränneet	VERB	herätä
herännyt	VERB	herätä
heräsi	VERB	herätä
heräsikin	VERB	herätä
heräsin	VERB	herätä
herästyskellon	NOUN	herätys#kello
herätessä	VERB	herätä
herätkää	VERB	herätä
herätti	VERB	herättää
herättivät	VERB	herättää
herättäen	VERB	herättää
herättäneillä	VERB	herättää
herättänyt	VERB	herättää
herättäva	VERB	herättää
herättävinä	VERB	herättää
herättävä	VERB	herättää
herättävät	VERB	herättää
herätyskellon	NOUN	herätys#kello
herätyskellona	NOUN	herätys#kello
herätyskellot	NOUN	herätys#kello
herää	VERB	herätä
heräämisen	NOUN	herääminen
heräämään	VERB	herätä
herään	VERB	herätä
heräävät	VERB	herätä
hetkauttaneet	VERB	hetkauttaa
hetkeen	NOUN	hetki
hetkeksi	NOUN	hetki
hetkeksikään	NOUN	hetki
hetkellistä	ADJ	hetkellinen
hetkellä	NOUN	hetki
hetken	NOUN	hetki
hetkessä	NOUN	hetki
hetkestä	NOUN	hetki
hetkeä	NOUN	hetki
hetkillä	NOUN	hetki
hetkisen	ADJ	hetkinen
hetkiä	NOUN	hetki
hevoin	NOUN	hevonen
hevosen	NOUN	hevonen
hevosensa	NOUN	hevonen
hevosesi	NOUN	hevonen
hevosta	NOUN	hevonen
hiakal	PROPN	Hiekka
hidastamiseen	NOUN	hidastaminen
hidastamista	NOUN	hidastaminen
hidastavan	VERB	hidastaa
hidastavat	VERB	hidastaa
hidastuen	VERB	hidastua
hidastui	VERB	hidastua
hidastunut	VERB	hidastua
hidastuttua	VERB	hidastua
hidastuu	VERB	hidastua
hidastuvan	VERB	hidastua
hiekan	NOUN	hiekka
hiekat	NOUN	hiekka
hiekka-	NOUN	hiekka
hiekka-aukion	NOUN	hiekka#aukio
hiekkaa	NOUN	hiekka
hiekkaan	NOUN	hiekka
hiekkaiselta	ADJ	hiekkainen
hiekkakentällä	NOUN	hiekka#kenttä
hiekkalaatikon	NOUN	hiekka#laatikko
hiekkarantoja	NOUN	hiekka#ranta
hiekkasäkkivalleista	NOUN	hiekka#säkki#valli
hienoa	ADJ	hieno
hienoainetta	NOUN	hieno#aine
hienohelmat	NOUN	hieno#helma
hienoin	ADJ	hieno
hienoina	ADJ	hieno
hienoissa	ADJ	hieno
hienoista	ADJ	hienoinen
hienomman	ADJ	hieno
hienon	ADJ	hieno
hienonna	VERB	hienontaa
hienonnettu	VERB	hienontaa
hienonnettuna	VERB	hienontaa
hienonnetulla	VERB	hienontaa
hienosta	ADJ	hieno
hienot	ADJ	hieno
hienovaraisemmin	ADV	hieno#varaisesti
hienovaraisia	ADJ	hieno#varainen
hienovaraisin	ADJ	hieno#varainen
hierarkkiselle	ADJ	hierarkkinen
hieroen	VERB	hieroa
hieronta-	NOUN	hieronta
hiersi	VERB	hiertää
hiertäneet	VERB	hiertää
hiessä	NOUN	hiki
hiestään	NOUN	hiki
hietaniemen	PROPN	Hietaniemi
hietaseen	PROPN	Hietanen
hietasen	PROPN	Hietanen
hietasessa	PROPN	Hietanen
hifk:n	PROPN	HIFK
hihani	NOUN	hiha
hihoihin	NOUN	hiha
hihoin	NOUN	hiha
hiihti	VERB	hiihtää
hiihtolähetysten	NOUN	hiihto#lähetys
hiihtovalmentajana	NOUN	hiihto#valmentaja
hiihtäjiä	NOUN	hiihtäjä
hiihtäjää	NOUN	hiihtäjä
hiilen	NOUN	hiili
hiili-	NOUN	hiili
hiilidioksidiksi	NOUN	hiili#dioksidi
hiilidioksidin	NOUN	hiili#dioksidi
hiilimonoksidin	NOUN	hiili#monoksidi
hiilinielujen	NOUN	hiili#nielu
hiiltynyt	VERB	hiiltyä
hiipi	VERB	hiipiä
hiipii	VERB	hiipiä
hiipivät	VERB	hiipiä
hiippakunnan	NOUN	hiippa#kunta
hiipunut	VERB	hiipua
hiipuu	VERB	hiipua
hiipuva	VERB	hiipua
hiipuvat	VERB	hiipua
hiirelle	NOUN	hiiri
hiirellä	NOUN	hiiri
hiiskunut	VERB	hiiskua
hiitolassa	PROPN	Hiitola
hikeä	NOUN	hiki
hikipajoissa	NOUN	hiki#paja
hikisissä	ADJ	hikinen
hikiältä	PROPN	Hikiä
hikoilemisesta	NOUN	hikoileminen
hiljaiseksi	ADJ	hiljainen
hiljaiselle	ADJ	hiljainen
hiljaisen	ADJ	hiljainen
hiljaiset	ADJ	hiljainen
hiljaisia	ADJ	hiljainen
hiljaisina	ADJ	hiljainen
hiljaisissa	ADJ	hiljainen
hiljaista	ADJ	hiljainen
hiljeni	VERB	hiljetä
hiljensin	VERB	hiljentää
hiljentääkseen	VERB	hiljentää
hillissä	PROPN	Hill
hillitsemään	VERB	hillitä
hillokin	NOUN	hillo
hilpeitä	ADJ	hilpeä
himassa	NOUN	hima
himmeämpi	ADJ	himmeä
himmeät	ADJ	himmeä
himoitse	VERB	himoita
himojen	NOUN	himo
himosta	NOUN	himo
hinkattu	VERB	hinkata
hinnaksi	NOUN	hinta
hinnalla	NOUN	hinta
hinnan	NOUN	hinta
hinnasta	NOUN	hinta
hinnat	NOUN	hinta
hinnathan	NOUN	hinta
hinnoilla	NOUN	hinta
hinnoissaan	NOUN	hinta
hintaa	NOUN	hinta
hintaan	NOUN	hinta
hintaerot	NOUN	hinta#ero
hintakylteissä	NOUN	hinta#kyltti
hintansa	NOUN	hinta
hintatasosta	NOUN	hinta#taso
hintelyytensä	NOUN	hintelyys
hintoihin	NOUN	hinta
hintoja	NOUN	hinta
hintojen	NOUN	hinta
hioketta	NOUN	hioke
hiokkeen	NOUN	hioke
hiokkeessa	NOUN	hioke
hiomalla	VERB	hioa
hiomista	NOUN	hiominen
hiostavaa	ADJ	hiostava
hiottua	ADJ	hiottu
hipit	NOUN	hippi
hipoen	VERB	hipoa
hipoessani	VERB	hipoa
hirmuteot	NOUN	hirmu#teko
hirtettiin	VERB	hirttää
hirttäytynyt	VERB	hirttäytyä
hirveesti	ADV	hirveästi
hirveitä	ADJ	hirveä
hirvensalon	PROPN	Hirvensalo
hirveää	ADJ	hirveä
hirvilammin	PROPN	Hirvilampi
hirvimerkin	NOUN	hirvi#merkki
hirvipadan	NOUN	hirvi#pata
hirvittävän	ADJ	hirvittävä
hirviä	VERB	hirvitä
hirviöharrastajat	NOUN	hirviö#harrastaja
hirviöstä	NOUN	hirviö
hirviöt	NOUN	hirviö
hirvosen	PROPN	Hirvonen
hirvosesta	PROPN	Hirvonen
hiski-karjumme	NOUN	Hiski#karju
hissien	NOUN	hissi
hissiin	NOUN	hissi
hissikorin	NOUN	hissi#kori
hissikuilua	NOUN	hissi#kuilu
hissikuiluun	NOUN	hissi#kuilu
hissillä	NOUN	hissi
hissin	NOUN	hissi
hissistä	NOUN	hissi
hissivaijereista	NOUN	hissi#vaijeri
hissiä	NOUN	hissi
historiaa	NOUN	historia
historiaan	NOUN	historia
historiallisen	ADJ	historiallinen
historiallisessa	ADJ	historiallinen
historialliset	ADJ	historiallinen
historiallisia	ADJ	historiallinen
historiallisista	ADJ	historiallinen
historiallista	ADJ	historiallinen
historian	NOUN	historia
historiankirjojen	NOUN	historian#kirja
historianläksynsä	NOUN	historia#läksy
historiantutkijoista	NOUN	historia#tutkija
historiassa	NOUN	historia
historiassaan	NOUN	historia
historiasta	NOUN	historia
historiikissa	NOUN	historiikki
hitaammin	ADV	hitaasti
hitaat	ADJ	hidas
hitleriin	PROPN	Hitler
hitlerin	PROPN	Hitler
hitsillä	PROPN	Hits
hittejä	NOUN	hitti
hiukkasfysiikan	NOUN	hiukkas#fysiikka
hiukseni	NOUN	hius
hiuksensa	NOUN	hius
hiukset	NOUN	hius
hiuksia	NOUN	hius
hiuksieni	NOUN	hius
hiuksiini	NOUN	hius
hiuksille	NOUN	hius
hiuksista	NOUN	hius
hiuksistani	NOUN	hius
hiuslakat	NOUN	hius#lakka
hiuspehkona	NOUN	hius#pehko
hiussuortuvia	NOUN	hius#suortuva
hiustenkin	NOUN	hius
hivelee	VERB	hivellä
hodgkinsonin	PROPN	Hodgkinson
hoffin	PROPN	Hoff
hohkaa	VERB	hohkata
hohkavat	VERB	hohkaa
hohtavan	ADJ	hohtava
hohteesta	NOUN	hohde
hoida	VERB	hoitaa
hoideta	VERB	hoitaa
hoidetaan	VERB	hoitaa
hoidettavan	VERB	hoitaa
hoidettavana	VERB	hoitaa
hoidettiin	VERB	hoitaa
hoidetuiksi	VERB	hoitaa
hoidetusta	VERB	hoitaa
hoidon	NOUN	hoito
hoidossa	NOUN	hoito
hoidosta	NOUN	hoito
hoipertelevan	VERB	hoiperrella
hoitaakseen	VERB	hoitaa
hoitaen	VERB	hoitaa
hoitaessaan	VERB	hoitaa
hoitajan	NOUN	hoitaja
hoitajat	NOUN	hoitaja
hoitajia	NOUN	hoitaja
hoitajien	NOUN	hoitaja
hoitama	VERB	hoitaa
hoitamaan	VERB	hoitaa
hoitamalla	VERB	hoitaa
hoitamiseen	NOUN	hoitaminen
hoitamisen	NOUN	hoitaminen
hoitamisessa	NOUN	hoitaminen
hoitaneen	VERB	hoitaa
hoitanut	VERB	hoitaa
hoitavan	VERB	hoitaa
hoitavat	VERB	hoitaa
hoiti	VERB	hoitaa
hoitoaan	NOUN	hoito
hoitoihin	NOUN	hoito
hoitokuntaan	NOUN	hoito#kunta
hoitoon	NOUN	hoito
hoitotieteen	NOUN	hoito#tiede
hoitotyöhön	NOUN	hoito#työ
hoitotyön	NOUN	hoito#työ
hoitotyöntekijän	NOUN	hoito#työn#tekijä
hoitotyössä	NOUN	hoito#työ
hoitotyötä	NOUN	hoito#työ
hoksataan	VERB	hoksata
holcombissa	PROPN	Holcomb
holhoukseen	NOUN	holhous
holittomalle	ADJ	holiton
hollannin	PROPN	Hollanti
hollannissa	PROPN	Hollanti
hollantiin	PROPN	Hollanti
hollantilaiseen	ADJ	hollantilainen
hollantilaiset	NOUN	hollantilainen
hollmingin	PROPN	Hollming
hollowissa	PROPN	Hollow
holmenkollenin	PROPN	Holmenkollen
holopaisen	PROPN	Holopainen
holtittomaan	ADJ	holtiton
holtsut	NOUN	holtsu
homejuustoja	NOUN	home#juusto
hometta	NOUN	home
hommaa	NOUN	homma
hommaisin	VERB	hommata
hommat	NOUN	homma
hommia	NOUN	homma
hommiin	NOUN	homma
hommissaan	NOUN	homma
homobaarin	NOUN	homo#baari
homoja	NOUN	homo
homoseksuaaleja	NOUN	homo#seksuaali
homoseksuaalit	NOUN	homo#seksuaali
homot	NOUN	homo
hon	X	_
hondalla	PROPN	Honda
hongan	PROPN	Honka
hoo-moilasena	ADJ	hoo-moilanen
hopeaa	NOUN	hopea
hopeanharmaat	ADJ	hopean#harmaa
hopeataalarin	NOUN	hopea#taalari
hopeatarjottimella	NOUN	hopea#tarjotin
hopeisia	ADJ	hopeinen
hopia	NOUN	hop
horezminturkiksi	NOUN	horezmin#turkki
horisontaalisia	ADJ	horisontaalinen
horisontaalisissa	ADJ	horisontaalinen
horisontaalivaikutuksella	NOUN	horisontaali#vaikutus
horisontaalivaikutukset	NOUN	horisontaali#vaikutus
horisontaalivaikutuksista	NOUN	horisontaali#vaikutus
horisontaalivaikutusten	NOUN	horisontaali#vaikutus
horisonttiin	NOUN	horisontti
horisonttini	NOUN	horisontti
horjahdellen	VERB	horjahdella
horjahteli	VERB	horjahdella
horjui	VERB	horjua
horjuvan	ADJ	horjuva
hormin	NOUN	hormi
hormonikännissä	NOUN	hormoni#känni
hormonit	NOUN	hormoni
horneteissa	PROPN	Hornet
horoskooppimerkkisikin	NOUN	horoskooppi#merkki
hoskinsin	PROPN	Hoskins
hostellinsa	NOUN	hostelli
hotelliimme	NOUN	hotelli
hotellit	NOUN	hotelli
hotkintaeleitä	NOUN	hotkinta#ele
houkutellut	VERB	houkutella
houkuttanut	VERB	houkuttaa
houkuttelee	VERB	houkutella
houkuttelemaan	VERB	houkutella
houkuttelevalta	ADJ	houkutteleva
housessa	NOUN	house
housessa	PROPN	House
housuissakin	NOUN	housut
housuja	NOUN	housut
housujensa	NOUN	housut
housuni	NOUN	housut
housunsa	NOUN	housu
hovikuvaajan	NOUN	hovi#kuvaaja
hovin	NOUN	hovi
hovinsaareen	PROPN	Hovinsaari
hovinsaaren	PROPN	Hovinsaari
hovioikeuden	NOUN	hovi#oikeus
hovioikeudenviskaali	NOUN	hovi#oikeus#viskaali
hovissa	NOUN	hovi
hovissaan	NOUN	hovi
hovista	NOUN	hovi
hp:n	PROPN	HP
hs-vaalikone	NOUN	HS#vaali#kone
hs-vaalikoneen	NOUN	HS#vaali#kone
hs:n	NOUN	HS
htiön	X	_
http-paketin	NOUN	http#paketti
hubblen	PROPN	Hubble
huhh	INTJ	huh
huhti-kesäkuussa	NOUN	huhti#kesäkuu
huhtikuisena	ADJ	huhtikuinen
huhtikuun	NOUN	huhtikuu
huhtikuussa	NOUN	huhtikuu
huhtikuuta	NOUN	huhtikuu
huhti–kesäkuuhun	NOUN	huhti#kesäkuu
huhti–kesäkuussa	NOUN	huhti#kesäkuu
huhua	NOUN	huhu
huhuista	NOUN	huhu
huhupuheiden	NOUN	huhu#puhe
huhut	NOUN	huhu
huhuttiin	VERB	huhuta
huidoin	VERB	huitoa
huijaamaan	VERB	huijata
huijais	VERB	huijata
huijareita	NOUN	huijari
huikean	ADJ	huikea
huikeat	ADJ	huikea
huikkasin	VERB	huikata
huimaa	ADJ	huima
huiman	ADJ	huima
huimausta	NOUN	huimaus
huipentui	VERB	huipentua
huippuhyvän	ADJ	huippu#hyvä
huippujoukkuetta	NOUN	huippu#joukkue
huippujuttuja	NOUN	huippu#juttu
huippujutuilta	NOUN	huippu#juttu
huippukokoukseen	NOUN	huippu#kokous
huippukokouksen	NOUN	huippu#kokous
huippukokouksessa	NOUN	huippu#kokous
huippulukemasta	NOUN	huippu#lukema
huippunsa	NOUN	huippu
huippupaikat	NOUN	huippu#paikka
huipputasolta	NOUN	huippu#taso
huipputiedemiehet	NOUN	huippu#tiede#mies
huipputiedemiehiksi	NOUN	huippu#tiede#mies
huipputiedemiestä	NOUN	huippu#tiede#mies
huipputiedettä	NOUN	huippu#tiede
huippututkimuksen	NOUN	huippu#tutkimus
huippuunsa	NOUN	huippu
huippuyliopistoja	NOUN	huippu#yli#opisto
huippuyliopistoksi	NOUN	huippu#yli#opisto
huippuyliopiston	NOUN	huippu#yli#opisto
huippuyliopistona	NOUN	huippu#yli#opisto
huippuyliopistoon	NOUN	huippu#yli#opisto
huippuyliopistotavoitteisiin	NOUN	huippu#yli#opisto#tavoite
huipuilla	NOUN	huippu
huipuksi	NOUN	huippu
huipulla	NOUN	huippu
huipulle	NOUN	huippu
huipulta	NOUN	huippu
huipummalla	ADJ	huippu
huipussaan	NOUN	huippu
huipusta	NOUN	huippu
huiputtajista	NOUN	huiputtaja
huiputuksella	NOUN	huiputus
huiputuksen	NOUN	huiputus
huitelee	VERB	huidella
huitoi	VERB	huitoa
huitomiseni	NOUN	huitominen
huitsikokuusee	NOUN	huitsikko#kuusi
hukanneista	VERB	hukata
hukattavissa	VERB	hukata
hukkumisesta	NOUN	hukkuminen
hukkunut	VERB	hukkua
hukkuu	VERB	hukkua
hukun	VERB	hukkua
hukuttaakseen	VERB	hukuttaa
hulluina	ADJ	hullu
hulluksi	ADJ	hullu
hullulla	NOUN	hullu
hullumpi	ADJ	hullu
hullun	ADJ	hullu
hullut	ADJ	hullu
hulluutta	NOUN	hulluus
hulmahdellen	VERB	hulmahdella
hulmuaa	VERB	hulmuta
hulppeat	ADJ	hulppea
humaanimpaa	ADJ	humaani
humaanimpi	ADJ	humaani
humalan	NOUN	humala
humalassa	NOUN	humala
humalluttavaa	ADJ	humalluttava
humanismin	NOUN	humanismi
humanistisen	ADJ	humanistinen
humanistisesta	ADJ	humanistinen
humanistit	NOUN	humanisti
humanistiteoksi	NOUN	humanisti#teko
humanistiteon	NOUN	humanisti#teko
humanistitohtoriksi	NOUN	humanisti#tohtori
humanistitohtorin	NOUN	humanisti#tohtori
humanitaarisen	ADJ	humanitaarinen
humen	PROPN	Hume
humoristiset	ADJ	humoristinen
humpuukiin	NOUN	humpuuki
humuksesta	NOUN	humus
hunajaa	NOUN	hunaja
hunajalle	NOUN	hunaja
hunksit	PROPN	Hunks
huohottaen	VERB	huohottaa
huohottaessa	VERB	huohottaa
huojentuneita	VERB	huojentua
huokaili	VERB	huokailla
huokailivat	VERB	huokailla
huokasi	VERB	huoata
huolehdi	VERB	huolehtia
huolehdittava	VERB	huolehtia
huolehtiakseen	VERB	huolehtia
huolehtii	VERB	huolehtia
huolehtimaan	VERB	huolehtia
huolehtimiseksi	NOUN	huolehtiminen
huolehtimista	NOUN	huolehtiminen
huolehtivat	VERB	huolehtia
huolen	NOUN	huoli
huolena	NOUN	huoli
huolenaiheeni	NOUN	huolen#aihe
huolenaiheisiin	NOUN	huolen#aihe
huolenaiheita	NOUN	huolen#aihe
huolestuneena	VERB	huolestua
huolestuneita	ADJ	huolestunut
huolestuttavaa	ADJ	huolestuttava
huolestutti	VERB	huolestuttaa
huolestuttivat	VERB	huolestuttaa
huolet	NOUN	huoli
huoletonta	ADJ	huoleton
huolettomimpien	ADJ	huoleton
huoli	VERB	huolia
huolia	NOUN	huoli
huolimattomuudesta	NOUN	huolimattomuus
huolita	VERB	huolia
huolitellun	ADJ	huoliteltu
huoliteltun	ADJ	huoliteltu
huoliteltuun	VERB	huolitella
huollettavaa	VERB	huoltaa
huollettaviensa	VERB	huoltaa
huollettaville	VERB	huoltaa
huollon	NOUN	huolto
huolta	NOUN	huoli
huoltoa	NOUN	huolto
huoltoasemaverkon	NOUN	huolto#asema#verkko
huoltoon	NOUN	huolto
huoltotauolla	NOUN	huolto#tauko
huoltotoimenpiteisiin	NOUN	huolto#toimen#pide
huom.	NOUN	huomautus
huomaa	VERB	huomata
huomaamatta	VERB	huomata
huomaamattamme	VERB	huomata
huomaan	VERB	huomata
huomaankin	VERB	huomata
huomaat	VERB	huomata
huomaavaista	ADJ	huomaavainen
huomaavaisuudestanne	NOUN	huomaavaisuus
huomaavat	VERB	huomata
huomaavinamme	VERB	huomata
huomannut	VERB	huomata
huomasi	VERB	huomata
huomasikaan	VERB	huomata
huomasikin	VERB	huomata
huomasimme	VERB	huomata
huomasin	VERB	huomata
huomasivat	VERB	huomata
huomataan	VERB	huomata
huomatakaan	VERB	huomata
huomatkaa	VERB	huomata
huomattava	VERB	huomata
huomattavaa	ADJ	huomattava
huomattavaan	ADJ	huomattava
huomattavalla	ADJ	huomattava
huomattavan	ADJ	huomattava
huomattavana	ADJ	huomattava
huomattavassa	ADJ	huomattava
huomattavat	ADJ	huomattava
huomattavia	ADJ	huomattava
huomattavin	ADJ	huomattava
huomattavissa	VERB	huomata
huomattavista	ADJ	huomattava
huomattiin	VERB	huomata
huomatuksi	VERB	huomata
huomautettavaa	NOUN	huomautettava
huomautettavaa	VERB	huomauttaa
huomautettiin	VERB	huomauttaa
huomautin	VERB	huomauttaa
huomautti	VERB	huomauttaa
huomautuksen	NOUN	huomautus
huomautukset	NOUN	huomautus
huomautuksia	NOUN	huomautus
huomautuksiaan	NOUN	huomautus
huomautuksista	NOUN	huomautus
huomenaamulla	NOUN	huomen#aamu
huomenet	NOUN	huomen
huomenta	NOUN	huomen
huomioiduksi	VERB	huomioida
huomioista	NOUN	huomio
huomiokykyään	NOUN	huomio#kyky
huomiokyvystä	NOUN	huomio#kyky
huomiolle	NOUN	huomio
huomion	NOUN	huomio
huomionsa	NOUN	huomio
huomioon	NOUN	huomio
huomioonottaen	VERB	huomioon#ottaa
huomiota	NOUN	huomio
huomiotta	NOUN	huomio
huomiseen	NOUN	huominen
huomisella	ADJ	huominen
huomisen	NOUN	huominen
huomisessa	ADJ	huominen
huomisesta	NOUN	huominen
huomista	NOUN	huominen
huomistani	NOUN	huominen
huoneen	NOUN	huone
huoneentaulun	NOUN	huoneen#taulu
huoneentaulusta	NOUN	huoneen#taulu
huoneeseen	NOUN	huone
huoneeseeni	NOUN	huone
huoneeseensa	NOUN	huone
huoneessa	NOUN	huone
huoneessaan	NOUN	huone
huoneessani	NOUN	huone
huoneiden	NOUN	huone
huoneilman	NOUN	huone#ilma
huoneisiin	NOUN	huone
huoneissa	NOUN	huone
huoneistosta	NOUN	huoneisto
huonekalut	NOUN	huone#kalu
huonetta	NOUN	huone
huonoa	ADJ	huono
huonoin	ADJ	huono
huonoina	ADJ	huono
huonoissa	ADJ	huono
huonoja	ADJ	huono
huonommat	ADJ	huono
huonompi	ADJ	huono
huonompiosaisia	ADJ	huonompi#osainen
huonon	ADJ	huono
huononnettaisiin	VERB	huonontaa
huononnuttua	VERB	huonontua
huonontamista	NOUN	huonontaminen
huonontuneeseen	VERB	huonontua
huonoon	ADJ	huono
huonossa	ADJ	huono
huonosta	ADJ	huono
huonot	ADJ	huono
hupparistani	NOUN	huppari
huppelistani	NOUN	huppeli
huristi	VERB	huristaa
hurjaa	ADJ	hurja
hurjimmat	ADJ	hurja
hurjistumaan	VERB	hurjistua
hurmaavan	ADJ	hurmaava
hurmerinnan	PROPN	Hurme#rinta
hurraata	NOUN	hurraa
hurrikaanikaudesta	NOUN	hurrikaani#kausi
husabergin	PROPN	Husaberg
husseinin	PROPN	Hussein
hustonin	PROPN	Huston
husulaan	PROPN	Husula
huttu-juntunen	PROPN	Huttu#Juntunen
huudahti	VERB	huudahtaa
huudat	VERB	huutaa
huudon	NOUN	huuto
huudot	NOUN	huuto
huuhdo	VERB	huuhtoa
huuhdottaessa	VERB	huuhtoa
huuhtele	VERB	huuhdella
huuhtelemaan	VERB	huuhdella
huuhtelun	NOUN	huuhtelu
huuleni	NOUN	huuli
huulensa	NOUN	huuli
huuliaan	NOUN	huuli
huulien	NOUN	huuli
huulilta	NOUN	huuli
huuliveikkojen	PROPN	Huuliveikot
huumassa	NOUN	huuma
huumausainerikoksesta	NOUN	huumaus#aine#rikos
huumeen	NOUN	huume
huumeidenkäyttöä	NOUN	huume#käyttö
huumekaupan	NOUN	huume#kauppa
huumetta	NOUN	huume
huumoria	NOUN	huumori
huumorintajua	NOUN	huumorin#taju
huuruun	NOUN	huuru
huusi	VERB	huutaa
huusin	VERB	huutaa
huusivat	VERB	huutaa
huussissa	NOUN	huussi
huutaen	VERB	huutaa
huutaessa	VERB	huutaa
huutajan	NOUN	huutaja
huutanut	VERB	huutaa
huutavat	VERB	huutaa
huuto.net-noudon	NOUN	Huuto.net#nouto
huutoa	NOUN	huuto
huutoja	NOUN	huuto
huutokaupassa	NOUN	huuto#kauppa
huutokauppaa	NOUN	huuto#kauppa
huutolaiset	NOUN	huutolainen
huvikseen	NOUN	huvi
huvikseni	NOUN	huvi
huvilassa	NOUN	huvila
huvilatilan	NOUN	huvila#tila
huvista	NOUN	huvi
huvit	NOUN	huvi
huvitettava	VERB	huvittaa
huvittavalta	ADJ	huvittava
huvitti	VERB	huvittaa
huygens-luotain	NOUN	Huygens#luotain
hvk-valmistelujen	NOUN	HVK#valmistelu
hybridin	PROPN	Hybridi
hydrauliset	ADJ	hydraulinen
hydrofiilisyyden	NOUN	hydrofiilisyys
hydrotermisten	ADJ	hydro#terminen
hygieniaa	NOUN	hygienia
hygienian	NOUN	hygienia
hygieniatuotteita	NOUN	hygienia#tuote
hyisen	ADJ	hyinen
hylkeenpyynnin	NOUN	hylje#pyynti
hylkeiden	NOUN	hylje
hylkeitä	NOUN	hylje
hylkäisimme	VERB	hylätä
hylkäsi	VERB	hylätä
hylkäämistä	NOUN	hylkääminen
hyllyjen	NOUN	hylly
hyllyjä	NOUN	hylly
hylännyt	VERB	hylätä
hylättiin	VERB	hylätä
hylättynä	VERB	hylätä
hylätyksi	VERB	hylätä
hylätään	VERB	hylätä
hymnin	NOUN	hymni
hymnit	NOUN	hymni
hymyhuulet	NOUN	hymy#huuli
hymyilee	VERB	hymyillä
hymyilemättä	VERB	hymyillä
hymyilemään	VERB	hymyillä
hymyilen	VERB	hymyillä
hymyilet	VERB	hymyillä
hymyilevän	VERB	hymyillä
hymyilevänä	ADJ	hymyilevä
hymyilevät	VERB	hymyillä
hymyili	VERB	hymyillä
hymyilin	VERB	hymyillä
hymyilivät	VERB	hymyillä
hymyillen	VERB	hymyillä
hymyksi	NOUN	hymy
hymyni	NOUN	hymy
hymyyn	NOUN	hymy
hymähti	VERB	hymähtää
hypittiin	VERB	hyppiä
hypoteesia	NOUN	hypoteesi
hyppien	VERB	hyppiä
hyppäisi	VERB	hypätä
hyppäisin	VERB	hypätä
hyppäs	VERB	hypätä
hyppäsi	VERB	hypätä
hyppäsin	VERB	hypätä
hyppäsivät	VERB	hypätä
hyppää	VERB	hypätä
hyppäämisensä	NOUN	hyppääminen
hyppäämään	VERB	hypätä
hypänne	VERB	hypätä
hypätessään	VERB	hypätä
hypätkö	VERB	hypätä
hyräilee	VERB	hyräillä
hyräillen	VERB	hyräillä
hyräillään	VERB	hyräillä
hyssyttelin	VERB	hyssytellä
hytin	NOUN	hytti
hytisee	VERB	hytistä
hytissä	NOUN	hytti
hyttiin	NOUN	hytti
hyttivaimoni	NOUN	hytti#vaimo
hyttysen	NOUN	hyttynen
hyttysistä	NOUN	hyttynen
hyttysiä	NOUN	hyttynen
hyttysten	NOUN	hyttynen
hyttystä	NOUN	hyttynen
hyvien	ADJ	hyvä
hyvillä	ADJ	hyvä
hyviltä	ADJ	hyvä
hyvinhän	ADV	hyvin
hyvinkin	ADV	hyvin
hyvinvoinnille	NOUN	hyvin#vointi
hyvinvoinnilleni	NOUN	hyvin#vointi
hyvinvoinnin	NOUN	hyvin#vointi
hyvinvoinnistamme	NOUN	hyvin#vointi
hyvinvointialojen	NOUN	hyvin#vointi#ala
hyvinvointijärjestelmät	NOUN	hyvin#vointi#järjestelmä
hyvinvointivaltion	NOUN	hyvin#vointi#valtio
hyvinä	ADJ	hyvä
hyvissä	ADJ	hyvä
hyvitykseksi	NOUN	hyvitys
hyviä	ADJ	hyvä
hyvähän	ADJ	hyvä
hyväili	VERB	hyväillä
hyväilisi	VERB	hyväillä
hyväilyiltä	NOUN	hyväily
hyväksi	ADJ	hyvä
hyväksikäyttötarkoituksessa	NOUN	hyväksikäyttö#tarkoitus
hyväksy	VERB	hyväksyä
hyväksyi	VERB	hyväksyä
hyväksyimme	VERB	hyväksyä
hyväksyisi	VERB	hyväksyä
hyväksyivät	VERB	hyväksyä
hyväksymiin	VERB	hyväksyä
hyväksymiseen	NOUN	hyväksyminen
hyväksymiselle	NOUN	hyväksyminen
hyväksymisen	NOUN	hyväksyminen
hyväksymisestä	NOUN	hyväksyminen
hyväksymismenettely	NOUN	hyväksyä#menettely
hyväksymispyynnön	NOUN	hyväksyä#pyyntö
hyväksymispäivämäärästä	NOUN	hyväksyä#päivä#määrä
hyväksymistä	NOUN	hyväksyminen
hyväksymme	VERB	hyväksyä
hyväksymän	VERB	hyväksyä
hyväksymässä	VERB	hyväksyä
hyväksymään	VERB	hyväksyä
hyväksyneen	VERB	hyväksyä
hyväksyneet	VERB	hyväksyä
hyväksynnän	NOUN	hyväksyntä
hyväksyntäkin	NOUN	hyväksyntä
hyväksyntänsä	NOUN	hyväksyntä
hyväksyntää	NOUN	hyväksyntä
hyväksynyt	VERB	hyväksyä
hyväksyttiin	VERB	hyväksyä
hyväksytty	VERB	hyväksyä
hyväksyttyjen	ADJ	hyväksytty
hyväksyttyjen	NOUN	hyväksytty
hyväksyttyjen	VERB	hyväksyä
hyväksyttyä	VERB	hyväksyä
hyväksyttäessä	VERB	hyväksyä
hyväksyttäviksi	ADJ	hyväksyttävä
hyväksyttäviksi	VERB	hyväksyä
hyväksyttävissä	VERB	hyväksyä
hyväksyttävä	VERB	hyväksyä
hyväksyttävällä	ADJ	hyväksyttävä
hyväksyttävää	ADJ	hyväksyttävä
hyväksytyiksi	VERB	hyväksyä
hyväksytyksi	VERB	hyväksyä
hyväksytympi	ADJ	hyväksytty
hyväksytyn	VERB	hyväksyä
hyväksytyt	VERB	hyväksyä
hyväksytään	VERB	hyväksyä
hyväksyvät	VERB	hyväksyä
hyväksyy	VERB	hyväksyä
hyvälestiset	ADJ	hyvä#lestinen
hyvälle	ADJ	hyvä
hyvällä	ADJ	hyvä
hyvältä	ADJ	hyvä
hyvän	ADJ	hyvä
hyväntekeväisyysjärjestöjen	NOUN	hyvän#tekeväisyys#järjestö
hyvänä	ADJ	hyvä
hyvässä	ADJ	hyvä
hyvästeli	VERB	hyvästellä
hyvästä	ADJ	hyvä
hyvät	ADJ	hyvä
hyvätuloiset	NOUN	hyvä#tuloinen
hyväuskoiselle	ADJ	hyvä#uskoinen
hyvää	ADJ	hyvä
hyvääkin	ADJ	hyvä
hyvään	ADJ	hyvä
hyytelöistä	NOUN	hyytelö
hyytävälle	ADJ	hyytävä
hyytävän	ADJ	hyytävä
hyödykkeissä	NOUN	hyödyke
hyödykseen	NOUN	hyöty
hyödyksi	NOUN	hyöty
hyödyllisimmän	ADJ	hyödyllinen
hyödyllisiä	ADJ	hyödyllinen
hyödyllistä	ADJ	hyödyllinen
hyödyllisyysmallien	NOUN	hyödyllisyys#malli
hyödynnetty	VERB	hyödyntää
hyödynnettävyyden	NOUN	hyödynnettävyys
hyödynnetään	VERB	hyödyntää
hyödynsi	VERB	hyödyntää
hyödyntämisestä	NOUN	hyödyntäminen
hyödyntämättä	VERB	hyödyntää
hyödyntämään	VERB	hyödyntää
hyödyntänyt	VERB	hyödyntää
hyödyntävät	VERB	hyödyntää
hyödyt	NOUN	hyöty
hyödyttävät	VERB	hyödyttää
hyödyttömyyden	NOUN	hyödyttömyys
hyödyttömän	ADJ	hyödytön
hyödytä	VERB	hyödyttää
hyödytöntä	ADJ	hyödytön
hyökkäisi	VERB	hyökätä
hyökkäsi	VERB	hyökätä
hyökkäsivät	VERB	hyökätä
hyökkäyksen	NOUN	hyökkäys
hyökkäyksenä	NOUN	hyökkäys
hyökkäyksessa	NOUN	hyökkäys
hyökkäyksessä	NOUN	hyökkäys
hyökkäykset	NOUN	hyökkäys
hyökkäyksiin	NOUN	hyökkäys
hyökkäyksistä	NOUN	hyökkäys
hyökkäyksiä	NOUN	hyökkäys
hyökkäys-	NOUN	hyökkäys
hyökkäysten	NOUN	hyökkäys
hyökkäystä	NOUN	hyökkäys
hyökkääjänä	NOUN	hyökkääjä
hyökkäämässä	VERB	hyökätä
hyökkäävästä	VERB	hyökätä
hyökkäävät	VERB	hyökätä
hyökkäävään	VERB	hyökätä
hyökyisi	VERB	hyökyä
hyökänneen	VERB	hyökätä
hyönteisen	NOUN	hyönteinen
hyönteisiä	NOUN	hyönteinen
hyönteismyrkkyjen	NOUN	hyönteis#myrkky
hyönteismyrkyt	NOUN	hyönteis#myrkky
hyönteisten	NOUN	hyönteinen
hyötyivät	VERB	hyötyä
hyötykuormalla	NOUN	hyöty#kuorma
hyötykuorman	NOUN	hyöty#kuorma
hyötykuormien	NOUN	hyöty#kuorma
hyötymarjoista	NOUN	hyöty#marja
hyötyvät	VERB	hyötyä
hyötyy	VERB	hyötyä
hyötyä	NOUN	hyöty
hädässä	NOUN	hätä
häegen-datzin	PROPN	Häegen-Datz
häiden	NOUN	häät
häikäisevään	ADJ	häikäisevä
häilyviä	ADJ	häilyvä
häipykää	VERB	häipyä
häirikkönsä	NOUN	häirikkö
häiriköitä	NOUN	häirikkö
häirikön	NOUN	häirikkö
häirinnyt	VERB	häiritä
häirintää	NOUN	häirintä
häiritsemättä	VERB	häiritä
häiritsevän	VERB	häiritä
häiritsevät	VERB	häiritä
häiritsevää	ADJ	häiritsevä
häiritsi	VERB	häiritä
häirittiin	VERB	häiritä
häiriöistä	NOUN	häiriö
häiriöitä	NOUN	häiriö
häiriön	NOUN	häiriö
häiriönä	NOUN	häiriö
häiriötä	NOUN	häiriö
häissä	NOUN	häät
häitä	NOUN	häät
häkeltyneenä	VERB	häkeltyä
häkkiä	NOUN	häkki
häkämyrkytyksen	NOUN	häkä#myrkytys
hälinään	NOUN	hälinä
hälvennettävissä	VERB	hälventää
hälytyksen	NOUN	hälytys
hälytysajon	NOUN	hälytys#ajo
häm	PRON	hän
hämeenlinnan	PROPN	Hämeenlinna
hämmentyneen	ADJ	hämmentynyt
hämmentyneinä	VERB	hämmentyä
hämmentävää	ADJ	hämmentävä
hämmentävää	VERB	hämmentää
hämmästyi	VERB	hämmästyä
hämmästystä	NOUN	hämmästys
hämmästytti	VERB	hämmästyttää
hämmästyttävän	ADJ	hämmästyttävä
hämmästyttävää	ADJ	hämmästyttävä
hämyistä	ADJ	hämyinen
hämähäkkejä	NOUN	hämähäkki
hämärien	ADJ	hämärä
hämäristä	ADJ	hämärä
hämäriä	ADJ	hämärä
hämärtämään	VERB	hämärtää
hämärässä	ADJ	hämärä
hämärää	ADJ	hämärä
hämärään	ADJ	hämärä
hämäsi	VERB	hämätä
hämäämään	VERB	hämätä
häne	PRON	hän
häneen	PRON	hän
hänelle	PRON	hän
hänellä	PRON	hän
häneltä	PRON	hän
hänen	PRON	hän
hänessä	PRON	hän
hänestä	PRON	hän
hänet	PRON	hän
hänkin	PRON	hän
hännisen	PROPN	Hänninen
hännän	NOUN	häntä
hännänhuippunsa	NOUN	hännän#huippu
hännänhuipputiedemiehiä	NOUN	hännän#huippu#tiede#mies
hännänhuipputiedettä	NOUN	hännän#huippu#tiede
hännänhuippuyliopistokin	NOUN	hännän#huippu#yli#opisto
hännänhuippuyliopiston	NOUN	hännän#huippu#yli#opisto
hännänhuippuyliopistossa	NOUN	hännän#huippu#yli#opisto
häntä	PRON	hän
häntäpäässä	NOUN	häntä#pää
häntäänsä	NOUN	häntä
häpeile	VERB	häpeillä
häpeillen	VERB	häpeillä
häpesin	VERB	hävetä
häpesivät	VERB	hävetä
häpeällisellä	ADJ	häpeällinen
häpeämme	VERB	hävetä
häpeämmekö	VERB	hävetä
häpeämättömyydeksi	NOUN	häpeämättömyys
häpeän	NOUN	häpeä
häpeävä	VERB	hävetä
häpeää	NOUN	häpeä
härkää	NOUN	härkä
härkösen	PROPN	Härkönen
härät	NOUN	härkä
hätiköiden	VERB	hätiköidä
hätiköity	VERB	hätiköidä
hätisteli	VERB	hätistellä
hätistelin	VERB	hätistellä
hätyytellyt	VERB	hätyytellä
hätäisimmillä	ADJ	hätäinen
hätäisiä	ADJ	hätäinen
hätänumeron	NOUN	hätä#numero
hätänä	NOUN	hätä
hätäpalveluun	NOUN	hätä#palvelu
hätätiedotteen	NOUN	hätä#tiedote
hätätilanteessa	NOUN	hätä#tilanne
hätää	NOUN	hätä
hävinneelle	VERB	hävitä
hävinneet	VERB	hävitä
hävinnyt	VERB	hävitä
hävisi	VERB	hävitä
hävitetty	VERB	hävittää
hävitty	VERB	hävitä
hävittyä	VERB	hävitä
hävittyään	VERB	hävitä
hävittäjiin	NOUN	hävittäjä
hävittäjällä	NOUN	hävittäjä
hävittämistoimenpiteitä	NOUN	hävittää#toimen#pide
hävittääkseen	VERB	hävittää
häviävät	VERB	hävitä
häviää	VERB	hävitä
hävyttömät	ADJ	hävytön
hävytöntä	ADJ	hävytön
hää	PRON	hän
hääkin	PRON	hän
häämöttävän	VERB	häämöttää
häärinää	NOUN	häärinä
högskolanin	PROPN	högskolan
hölkän	NOUN	hölkkä
höllentymisen	NOUN	höllentyminen
hölmistyneenä	VERB	hölmistyä
höpinöihin	NOUN	höpinä
höpöttelee	VERB	höpötellä
hörppi	VERB	hörppiä
hörsin	VERB	hörsiä
hörsyn	NOUN	hörsy
hörähdysten	NOUN	hörähdys
höuvanilla	PROPN	Höuvan
höuvanissa	PROPN	Höuvan
höyhenboaa	NOUN	höyhen#boa
höyhenien	NOUN	höyhen
höyhenillä	NOUN	höyhen
höyheniä	NOUN	höyhen
höyhenpeitteessä	NOUN	höyhen#peite
höyhenpuuhkan	NOUN	höyhen#puuhka
höyhentä	NOUN	höyhen
höyläsin	VERB	höylätä
höyryisiin	ADJ	höyryinen
höyryllä	NOUN	höyry
höyryten	VERB	höyrytä
höyryvetureita	NOUN	höyry#veturi
höyryävän	ADJ	höyryävä
höysteet	NOUN	höyste
höystettyä	VERB	höystää
i:lle	ADJ	I
i:lle	PROPN	I
i:n	ADJ	I
i:n	PROPN	I
i:tä	ADJ	I
iaea:n	PROPN	IAEA
iberialaisen	ADJ	iberialainen
iberialta	PROPN	Iberia
iberian	PROPN	Iberia
iberiassa	PROPN	Iberia
icesave-talletusten	NOUN	Icesave#talletus
ichanin	PROPN	Ichan
ict-	PROPN	ICT
ict-talo	NOUN	ICT#talo
ict-talolla	NOUN	ICT#talo
ict-talon	NOUN	ICT#talo
ict-talossa	NOUN	ICT#talo
ict-teoksi	NOUN	ICT#teko
ict:ltä	PROPN	ICT
id-sarakkeessa	NOUN	id#sarake
ideaa	NOUN	idea
idean	NOUN	idea
ideana	NOUN	idea
ideasta	NOUN	idea
identiteetin	NOUN	identiteetti
identiteetit	NOUN	identiteetti
identiteettejä	NOUN	identiteetti
identiteettien	NOUN	identiteetti
identiteettimme	NOUN	identiteetti
identiteettinsä	NOUN	identiteetti
identiteettiä	NOUN	identiteetti
identiteettiäni	NOUN	identiteetti
identtisen	ADJ	identtinen
ideoiden	NOUN	idea
ideoidessa	VERB	ideoida
ideoimassa	VERB	ideoida
ideoita	NOUN	idea
ideologialtaan	NOUN	ideologia
idiootit	NOUN	idiootti
idioottimaisuudestaan	NOUN	idioottimaisuus
iduista	NOUN	itu
idyllisten	ADJ	idyllinen
idän	NOUN	itä
idässä	NOUN	itä
idästä	NOUN	itä
if:n	PROPN	IF
ignatiuksen	PROPN	Ignatius
iha	ADV	ihan
ihaili	VERB	ihailla
ihaillen	VERB	ihailla
ihanaa	ADJ	ihana
ihanaksi	ADJ	ihana
ihanan	ADJ	ihana
ihanat	ADJ	ihana
ihania	ADJ	ihana
ihanien	ADJ	ihana
ihaniin	ADJ	ihana
ihanille	ADJ	ihana
ihanilta	ADJ	ihana
ihanimmillaan	ADJ	ihana
ihanista	ADJ	ihana
ihannetilanteessa	NOUN	ihanne#tilanne
ihanteemme	NOUN	ihanne
ihanteen	NOUN	ihanne
ihanuudet	NOUN	ihanuus
ihanuutta	NOUN	ihanuus
ihastuin	VERB	ihastua
ihastuisi	VERB	ihastua
ihastumisen	NOUN	ihastuminen
ihastuneita	VERB	ihastua
ihastunut	VERB	ihastua
ihastusta	NOUN	ihastus
ihastutti	VERB	ihastuttaa
ihav	ADV	ihan
ihkumpi	ADJ	ihku
ihmeellisimpänä	ADJ	ihmeellinen
ihmeellistä	ADJ	ihmeellinen
ihmeeseen	NOUN	ihme
ihmeitä	NOUN	ihme
ihmetelleen	VERB	ihmetellä
ihmetellen	VERB	ihmetellä
ihmetellyt	VERB	ihmetellä
ihmeteltävää	VERB	ihmetellä
ihmettelee	VERB	ihmetellä
ihmettelemässä	VERB	ihmetellä
ihmettelemään	VERB	ihmetellä
ihmettelen	VERB	ihmetellä
ihmettelenkin	VERB	ihmetellä
ihmetteli	VERB	ihmetellä
ihmettelikin	VERB	ihmetellä
ihmettelin	VERB	ihmetellä
ihmettelisi	VERB	ihmetellä
ihmettelivät	VERB	ihmetellä
ihmettelyn	NOUN	ihmettely
ihmettä	NOUN	ihme
ihmisarvon	NOUN	ihmis#arvo
ihmisarvonsa	NOUN	ihmis#arvo
ihmiseen	NOUN	ihminen
ihmiseksi	NOUN	ihminen
ihmiselle	NOUN	ihminen
ihmisellä	NOUN	ihminen
ihmiseltä	NOUN	ihminen
ihmiselämässä	NOUN	ihmis#elämä
ihmisen	NOUN	ihminen
ihmisestä	NOUN	ihminen
ihmiset	NOUN	ihminen
ihmisetkin	NOUN	ihminen
ihmishenkeä	NOUN	ihmis#henki
ihmishenkiä	NOUN	ihmis#henki
ihmisiin	NOUN	ihminen
ihmisille	NOUN	ihminen
ihmisistä	NOUN	ihminen
ihmisiä	NOUN	ihminen
ihmiskaupan	NOUN	ihmis#kauppa
ihmiskaupasta	NOUN	ihmis#kauppa
ihmiskauppaa	NOUN	ihmis#kauppa
ihmiskauppaan	NOUN	ihmis#kauppa
ihmiskauppatapauksissa	NOUN	ihmis#kauppa#tapaus
ihmiskunnan	NOUN	ihmis#kunta
ihmisläheisestä	ADJ	ihmis#läheinen
ihmismassan	NOUN	ihmis#massa
ihmismäisyyttä	NOUN	ihmismäisyys
ihmismäärällä	NOUN	ihmis#määrä
ihmisoikeudet	NOUN	ihmis#oikeus
ihmisoikeuksia	NOUN	ihmis#oikeus
ihmisoikeuksien	NOUN	ihmis#oikeus
ihmisoikeuksiin	NOUN	ihmis#oikeus
ihmisoikeusjulistuksen	NOUN	ihmis#oikeus#julistus
ihmisoikeuslakien	NOUN	ihmis#oikeus#laki
ihmisoikeuslausekkeen	NOUN	ihmis#oikeus#lauseke
ihmisoikeusloukkaukset	NOUN	ihmis#oikeus#loukkaus
ihmisoikeusrikkomuksia	NOUN	ihmis#oikeus#rikkomus
ihmisoikeussopimuksesta	NOUN	ihmis#oikeus#sopimus
ihmisoikeussopimusten	NOUN	ihmis#oikeus#sopimus
ihmisolennon	NOUN	ihmis#olento
ihmisruuhkasta	NOUN	ihmis#ruuhka
ihmisryhmän	NOUN	ihmis#ryhmä
ihmissilmällä	NOUN	ihmis#silmä
ihmissuhteissa	NOUN	ihmis#suhde
ihmisten	NOUN	ihminen
ihmistenkin	NOUN	ihminen
ihmistieteiden	NOUN	ihmis#tiede
ihmistä	NOUN	ihminen
ihoa	NOUN	iho
iholla	NOUN	iho
iholle	NOUN	iho
ihon	NOUN	iho
ihonsa	NOUN	iho
ihonväristen	ADJ	ihon#värinen
ihosi	NOUN	iho
ihosta	NOUN	iho
ihostaan	NOUN	iho
ihottumaa	NOUN	ihottuma
ihtiisäj	PRON	itse
ii-divisioonan	NOUN	II#divisioona
ii:n	ADJ	II
ii:n	PROPN	II
iii:lle	PROPN	III
iii:n	ADJ	III
iii:n	PROPN	III
iin	PROPN	Ii
ik:hon	PROPN	IK
ikea-tavarataloja	NOUN	Ikea#tavara#talo
ikeaa	PROPN	Ikea
ikealle	PROPN	Ikea
ikealta	PROPN	Ikea
ikean	PROPN	Ikea
ikeestä	NOUN	ies
ikimuistoista	ADJ	iki#muistoinen
ikisen	ADJ	ikinen
ikitik-konsortio	NOUN	IKITIK#konsortio
ikitik-konsortion	NOUN	IKITIK#konsortio
ikitik-konsortiossa	NOUN	IKITIK#konsortio
ikiuisiksi	ADJ	ikuinen
ikivanhaa	ADJ	iki#vanha
ikivihreät	ADJ	iki#vihreä
ikkuinoista	NOUN	ikkuna
ikkunaan	NOUN	ikkuna
ikkunalasia	NOUN	ikkuna#lasi
ikkunan	NOUN	ikkuna
ikkunani	NOUN	ikkuna
ikkunassa	NOUN	ikkuna
ikkunasta	NOUN	ikkuna
ikkunat	NOUN	ikkuna
ikkunoiden	NOUN	ikkuna
ikkunoihin	NOUN	ikkuna
ikkunoista	NOUN	ikkuna
ikkunoita	NOUN	ikkuna
ikoniksi	NOUN	ikoni
ikuisesta	ADJ	ikuinen
ikuistamaan	VERB	ikuistaa
ikuisuuden	NOUN	ikuisuus
ikuisuuksia	NOUN	ikuisuus
ikäihmisille	NOUN	ikä#ihminen
ikäiseni	ADJ	ikäinen
ikäisinä	ADJ	ikäinen
ikäisinä	NOUN	ikäinen
ikäisiä	ADJ	ikäinen
ikäluokkansa	NOUN	ikä#luokka
ikänen	ADJ	ikäinen
ikänsä	NOUN	ikä
ikäpuhemiehen	NOUN	ikä#puhe#mies
ikäviin	ADJ	ikävä
ikäviltä	ADJ	ikävä
ikävuoteen	NOUN	ikä#vuosi
ikävän	ADJ	ikävä
ikävät	ADJ	ikävä
ikävää	ADJ	ikävä
ikävää	NOUN	ikävä
ikävään	NOUN	ikävä
ikää	NOUN	ikä
ikään	NOUN	ikä
ikäänsä	NOUN	ikä
ikääntyessä	VERB	ikääntyä
ikääntyvän	ADJ	ikääntyvä
ikääntyvät	NOUN	ikääntyvä
il-sungin	PROPN	Il-sung
il:n	PROPN	Il
ilahduttamina	VERB	ilahduttaa
ilahduttavaa	ADJ	ilahduttava
ilahdutti	VERB	ilahduttaa
ilahtuisinkin	VERB	ilahtua
ilahtunut	VERB	ilahtua
ilen	PROPN	Ile
ilin	PROPN	Il
ilkeäksi	ADJ	ilkeä
ilkkuen	VERB	ilkkua
ilkkui	VERB	ilkkua
illaksi	NOUN	ilta
illala	NOUN	ilta
illalla	NOUN	ilta
illallisella	NOUN	illallinen
illallisen	NOUN	illallinen
illan	NOUN	ilta
illanjatkoja	NOUN	ilta#jatko
illassa	NOUN	ilta
illasta	NOUN	ilta
illat	NOUN	ilta
illatsuissa	NOUN	illatsu
illoista	NOUN	ilta
ilmaa	NOUN	ilma
ilmaan	NOUN	ilma
ilmaantumista	NOUN	ilmaantuminen
ilmaantunut	VERB	ilmaantua
ilmahyökkäysten	NOUN	ilma#hyökkäys
ilmailumarkkinoilla	NOUN	ilmailu#markkinat
ilmailuviranomaisten	NOUN	ilmailu#viran#omainen
ilmaiseksi	ADJ	ilmainen
ilmaisema	VERB	ilmaista
ilmaisemaan	VERB	ilmaista
ilmaisen	ADJ	ilmainen
ilmaisi	VERB	ilmaista
ilmaiskut	NOUN	ilma#isku
ilmaiskäyttäjille	NOUN	ilmais#käyttäjä
ilmaissut	VERB	ilmaista
ilmaista	ADJ	ilmainen
ilmaistaan	VERB	ilmaista
ilmaistaessa	VERB	ilmaista
ilmaistusta	VERB	ilmaista
ilmaisuilla	NOUN	ilmaisu
ilmaisulla	NOUN	ilmaisu
ilmaisun	NOUN	ilmaisu
ilmakehän	NOUN	ilma#kehä
ilmakivääreitä	NOUN	ilma#kivääri
ilmakiväärin	NOUN	ilma#kivääri
ilmakiväärissä	NOUN	ilma#kivääri
ilmakuljetuksia	NOUN	ilma#kuljetus
ilmakuljetuksiin	NOUN	ilma#kuljetus
ilmakuljetuksissa	NOUN	ilma#kuljetus
ilmakuljetusjärjestelmässä	NOUN	ilma#kuljetus#järjestelmä
ilmakuljetusta	NOUN	ilma#kuljetus
ilmakuplan	NOUN	ilma#kupla
ilmalla	NOUN	ilma
ilman	NOUN	ilma
ilmanalassa	NOUN	ilman#ala
ilmanlaadun	NOUN	ilma#laatu
ilmanraikastimille	NOUN	ilma#raikastin
ilmansaasteilla	NOUN	ilman#saaste
ilmansaasteita	NOUN	ilman#saaste
ilmansuunnat	NOUN	ilman#suunta
ilmansuuntaan	NOUN	ilman#suunta
ilmapiiriin	NOUN	ilma#piiri
ilmapiirin	NOUN	ilma#piiri
ilmapistoolissa	NOUN	ilma#pistooli
ilmassa	NOUN	ilma
ilmastoinnin	NOUN	ilmastointi
ilmastointikanavaa	NOUN	ilmastointi#kanava
ilmastokysymysten	NOUN	ilmasto#kysymys
ilmaston	NOUN	ilmasto
ilmastonmuutoksen	NOUN	ilmasto#muutos
ilmastonmuutos	NOUN	ilmasto#muutos
ilmastonmuutoskonferenssia	NOUN	ilmasto#muutos#konferenssi
ilmastonmuutoskonferenssissa	NOUN	ilmasto#muutos#konferenssi
ilmastosopimusta	NOUN	ilmasto#sopimus
ilmastotieteilijöiden	NOUN	ilmasto#tieteilijä
ilmat	NOUN	ilma
ilmatilan	NOUN	ilma#tila
ilmatilanloukkauksien	NOUN	ilma#tila#loukkaus
ilmatilanloukkauksista	NOUN	ilma#tila#loukkaus
ilmauksella	NOUN	ilmaus
ilmavan	ADJ	ilmava
ilmeellään	NOUN	ilme
ilmeen	NOUN	ilme
ilmeeni	NOUN	ilme
ilmeiseksi	ADJ	ilmeinen
ilmeisen	ADJ	ilmeinen
ilmeisimmin	ADV	ilmeisesti
ilmeistä	ADJ	ilmeinen
ilmene	VERB	ilmetä
ilmenee	VERB	ilmetä
ilmenemisestä	NOUN	ilmeneminen
ilmenevien	VERB	ilmetä
ilmenevistä	VERB	ilmetä
ilmeneviä	VERB	ilmetä
ilmenevä	VERB	ilmetä
ilmenevän	VERB	ilmetä
ilmenevät	VERB	ilmetä
ilmeni	VERB	ilmetä
ilmenisi	VERB	ilmetä
ilmenivät	VERB	ilmetä
ilmenneelle	VERB	ilmetä
ilmenneiden	VERB	ilmetä
ilmennyt	VERB	ilmetä
ilmentyy	VERB	ilmentyä
ilmesty	VERB	ilmestyä
ilmestyi	VERB	ilmestyä
ilmestyisi	VERB	ilmestyä
ilmestyksellä	NOUN	ilmestys
ilmestyneellä	VERB	ilmestyä
ilmestyneessä	VERB	ilmestyä
ilmestyneestä	VERB	ilmestyä
ilmestyneet	VERB	ilmestyä
ilmestyneitä	VERB	ilmestyä
ilmestynyt	VERB	ilmestyä
ilmestynytkään	VERB	ilmestyä
ilmestyttyään	VERB	ilmestyä
ilmestyvä	VERB	ilmestyä
ilmestyvänä	VERB	ilmestyä
ilmestyy	VERB	ilmestyä
ilmetessä	VERB	ilmetä
ilmiöihin	NOUN	ilmiö
ilmiöistä	NOUN	ilmiö
ilmiölle	NOUN	ilmiö
ilmoille	NOUN	ilma
ilmoitan	VERB	ilmoittaa
ilmoitetaan	VERB	ilmoittaa
ilmoitettava	VERB	ilmoittaa
ilmoitettiin	VERB	ilmoittaa
ilmoitettu	VERB	ilmoittaa
ilmoittaakseen	VERB	ilmoittaa
ilmoittaessaan	VERB	ilmoittaa
ilmoittakaa	VERB	ilmoittaa
ilmoittamaa	VERB	ilmoittaa
ilmoittamat	VERB	ilmoittaa
ilmoittamatta	VERB	ilmoittaa
ilmoittamiseen	NOUN	ilmoittaminen
ilmoittamisen	NOUN	ilmoittaminen
ilmoittamista	NOUN	ilmoittaminen
ilmoittamistiheyden	NOUN	ilmoittamis#tiheys
ilmoittaneet	VERB	ilmoittaa
ilmoittanut	VERB	ilmoittaa
ilmoittauduttava	VERB	ilmoittautua
ilmoittautumispisteen	NOUN	ilmoittautumis#piste
ilmoittautunut	VERB	ilmoittautua
ilmoittavan	VERB	ilmoittaa
ilmoitti	VERB	ilmoittaa
ilmoittivat	VERB	ilmoittaa
ilmoitukseen	NOUN	ilmoitus
ilmoituksen	NOUN	ilmoitus
ilmoitukset	NOUN	ilmoitus
ilmoituksia	NOUN	ilmoitus
ilmoitusta	NOUN	ilmoitus
ilmoitusten	NOUN	ilmoitus
ilmoitusvelvollisuuden	NOUN	ilmoitus#velvollisuus
ilmottamaan	VERB	ilmoittaa
iloa	NOUN	ilo
iloineen	NOUN	ilo
iloisemman	ADJ	iloinen
iloisen	ADJ	iloinen
iloisia	ADJ	iloinen
iloisin	ADJ	iloinen
iloista	ADJ	iloinen
iloista	NOUN	ilo
iloitsee	VERB	iloita
iloitsimme	VERB	iloita
ilolientä	NOUN	ilo#liemi
ilolla	NOUN	ilo
ilomantsin	PROPN	Ilomantsi
ilonpitoon	NOUN	ilon#pito
ilopillerin	NOUN	ilo#pilleri
ilosta	NOUN	ilo
ilot	NOUN	ilo
iltaa	NOUN	ilta
iltaan	NOUN	ilta
iltahämärissä	NOUN	ilta#hämärä
iltakursseilla	NOUN	ilta#kurssi
iltamenot	NOUN	ilta#meno
iltamyöhällä	NOUN	ilta#myöhä
iltana	NOUN	ilta
iltani	NOUN	ilta
iltapalalle	NOUN	ilta#pala
iltapesulle	NOUN	ilta#pesu
iltapäivälehden	NOUN	ilta#päivä#lehti
iltapäivällä	NOUN	ilta#päivä
iltapäivän	NOUN	ilta#päivä
iltapäivänä	NOUN	ilta#päivä
iltapäivään	NOUN	ilta#päivä
iltariennoista	NOUN	ilta#riento
iltasaduksi	NOUN	ilta#satu
iltasanomien	PROPN	Iltasanomat
iltasanomille	PROPN	Iltasanomat
iltataivasta	NOUN	ilta#taivas
iltavaatteet	NOUN	ilta#vaate
iltayhdeksään	NUM	iltayhdeksän
imacin	PROPN	iMac
imagotyttöjä	NOUN	imago#tyttö
imarteluksi	NOUN	imartelu
imee	VERB	imeä
imeytyi	VERB	imeytyä
imeytyy	VERB	imeytyä
imf:llä	PROPN	IMF
imf:n	PROPN	IMF
imf:stä	PROPN	IMF
imi	ADV	ilmi
imitaatioihin	NOUN	imitaatio
immuniteettia	NOUN	immuniteetti
imperiumiksi	NOUN	imperiumi
imperiumin	NOUN	imperiumi
imperiumista	NOUN	imperiumi
impperiumia	NOUN	imperiumi
improssa	PROPN	impro
improvisaatiokurssilla	NOUN	improvisaatio#kurssi
improvisoi	VERB	improvisoida
improvisointiin	NOUN	improvisointi
improvisoituun	VERB	improvisoida
imuroin	VERB	imuroida
imuroineeni	VERB	imuroida
indeksi-lehden	NOUN	Indeksi#lehti
indeksille	NOUN	indeksi
indeksin	NOUN	indeksi
indeksoitu	VERB	indeksoida
index-kansa	NOUN	Index#kansa
index-toimijat	NOUN	Index#toimija
indexin	PROPN	Index
indexissä	PROPN	Index
indianapolisin	PROPN	Indianapolis
indikaattoreiden	NOUN	indikaattori
indonesiaksi	NOUN	indonesia
indonesiassa	PROPN	Indonesia
infernaalisen	ADJ	infernaalinen
inflaation	NOUN	inflaatio
inflaatioriskejä	NOUN	inflaatio#riski
inflaatiosta	NOUN	inflaatio
inflaatiota	NOUN	inflaatio
inflaatiouhkien	NOUN	inflaatio#uhka
info-sivuilla	NOUN	info#sivu
infoa	NOUN	info
infopuhelintaan	NOUN	info#puhelin
informaatioministeriön	NOUN	informaatio#ministeriö
informaatiota	NOUN	informaatio
informaatiotekniikan	NOUN	informaatio#tekniikka
informaatioteknologiaa	NOUN	informaatio#teknologia
informaatioteknologian	NOUN	informaatio#teknologia
informoitu	VERB	informoida
infrastruktuuria	NOUN	infrastruktuuri
infrastruktuuriin	NOUN	infrastruktuuri
infrastruktuurin	NOUN	infrastruktuuri
inglesin	PROPN	Ingles
inglésissä	PROPN	Inglés
inhimillisempään	ADJ	inhimillinen
inhimillisiä	ADJ	inhimillinen
inhimillisten	ADJ	inhimillinen
inhimillistä	ADJ	inhimillinen
inhoaa	VERB	inhota
inhoan	VERB	inhota
inhokkilaarit	NOUN	inhokki#laari
inhottavan	ADJ	inhottava
inisijöitä	NOUN	inisijä
injektiona	NOUN	injektio
inkojen	NOUN	inka
innoissaan	NOUN	into
innokkaampi	ADJ	innokas
innokkaasta	ADJ	innokas
innokkaimmatkin	ADJ	innokas
innokkaita	ADJ	innokas
innolla	NOUN	into
innon	NOUN	into
innostavaa	ADJ	innostava
innostivat	VERB	innostaa
innostui	VERB	innostua
innostuin	VERB	innostua
innostuivat	VERB	innostua
innostukseni	NOUN	innostus
innostuu	VERB	innostua
innovaatioiden	NOUN	innovaatio
innovaatioihin	NOUN	innovaatio
innovaatioita	NOUN	innovaatio
innovaatiot	NOUN	innovaatio
innovatiivisesta	ADJ	innovatiivinen
innovatiivisia	ADJ	innovatiivinen
innovatiivisuutta	NOUN	innovatiivisuus
insinööritieteitä	NOUN	insinööri#tiede
inspiraationi	NOUN	inspiraatio
inspiroijanaan	NOUN	inspiroija
institutionaalisen	ADJ	institutionaalinen
institutionaalisena	ADJ	institutionaalinen
institutionaaliset	ADJ	institutionaalinen
instituutioiden	NOUN	instituutio
instituutioihin	NOUN	instituutio
instituutioista	NOUN	instituutio
instrumentaalina	NOUN	instrumentaali
instrumenteista	NOUN	instrumentti
instrumentit	NOUN	instrumentti
instrumentteja	NOUN	instrumentti
integraation	NOUN	integraatio
integraatiota	NOUN	integraatio
integroitumiseen	NOUN	integroituminen
intellektuelleiksi	ADJ	intellektuelli
intensiivisiä	ADJ	intensiivinen
internet-liikenteen	NOUN	Internet#liikenne
internet-liikenteestä	NOUN	Internet#liikenne
internet-myyntikään	NOUN	internet#myynti
internet-palvelu	NOUN	internet#palvelu
internet-piratismin	NOUN	internet#piratismi
internet-puheluja	NOUN	Internet#puhelu
internetin	PROPN	Internet
internetin-käyttäjä	NOUN	Internet#käyttäjä
internetissä	PROPN	Internet
internettiä	NOUN	internetti
internetyhteyksiä	NOUN	internet#yhteys
intervalliajastimen	NOUN	intervalli#ajastin
intervalliajastinta	NOUN	intervalli#ajastin
intervallin	NOUN	intervalli
interventiovalmiudet	NOUN	interventio#valmius
inti-valmistelutoimiin	NOUN	INTI#valmistelu#toimi
intiaan	PROPN	Intia
intiaanikesään	NOUN	intiaani#kesä
intialaislehdet	NOUN	intialais#lehti
intialle	PROPN	Intia
intian	PROPN	Intia
intiassa	PROPN	Intia
intiimiyttä	NOUN	intiimiys
intimihierojat	NOUN	intiimi#hieroja
intoilemassa	VERB	intoilla
intoillut	VERB	intoilla
intomieliset	ADJ	into#mielinen
intramuskulaarisena	ADJ	intra#muskulaarinen
intressien	NOUN	intressi
intressinsä	NOUN	intressi
intti	VERB	inttää
inventoinnin	NOUN	inventointi
investoinneista	NOUN	investointi
investoinnit	NOUN	investointi
iom:n	PROPN	IOM
ios-käyttöjärjestelmä	NOUN	iOS#käyttö#järjestelmä
ios-pohjaisten	ADJ	iOS#pohjainen
ios:n	PROPN	iOS
iowassa	PROPN	Iowa
ip-osoitteen	NOUN	ip#osoite
ip:stä	NOUN	ip
ipcc:n	PROPN	IPCC
iphone-alustana	NOUN	iPhone#alusta
ipodistasi	PROPN	iPod
irakiin	PROPN	Irak
irakin	PROPN	Irak
irakissa	PROPN	Irak
irania	PROPN	Iran
iraniin	PROPN	Iran
iranilaisille	ADJ	iranilainen
iranilaista	ADJ	iranilainen
iranilaisvaikutteisiin	ADJ	iranilais#vaikutteinen
iranin	PROPN	Iran
iranista	PROPN	Iran
irc-galleriassa	PROPN	IRC#galleria
irc-paketti	NOUN	irc#paketti
irkkikanavan	NOUN	irkki#kanava
irlannille	PROPN	Irlanti
irlannin	PROPN	Irlanti
irlannissa	PROPN	Irlanti
ironiaa	NOUN	ironia
irrationaalisiksi	ADJ	irrationaalinen
irroittaa	VERB	irrottaa
irroittautumaan	VERB	irrottautua
irronneiden	VERB	irrota
irronnut	VERB	irrota
irrotessa	VERB	irrota
irrotetaan	VERB	irrottaa
irrotettiin	VERB	irrottaa
irrottautui	VERB	irrottautua
irrottautumiseen	NOUN	irrottautuminen
irrottautuneina	VERB	irrottautua
irrotti	VERB	irrottaa
irstaalta	ADJ	irstas
irtaimeen	ADJ	irtain
irtautumisen	NOUN	irtautuminen
irtautunut	VERB	irtautua
irtisanoi	VERB	irtisanoa
irtisanomisestaan	NOUN	irti#sanominen
irtisanomiset	NOUN	irtisanominen
irtisanomissuunnitelmista	NOUN	irtisanoa#suunnitelma
irtisanomista	NOUN	irti#sanominen
irtisanottuja	VERB	irti#sanoa
irtoavan	VERB	irrota
irtoavat	VERB	irrota
irtohiekkaa	NOUN	irto#hiekka
irtoilivat	VERB	irtoilla
irtoripsiluentojen	NOUN	irto#ripsi#luento
irtoripsitutorial-esitystään	NOUN	irtoripsitutorial#esitys
irtos	VERB	irrota
irtosi	VERB	irrota
irvistän	VERB	irvistää
isa-isännöitsijiksi	NOUN	ISA#isännöitsijä
ishigakin	PROPN	Ishigaki
isiltä	NOUN	isä
isin	NOUN	isi
iskee	VERB	iskeä
iskemään	VERB	iskeä
iskeneet	VERB	iskeä
iskenyt	VERB	iskeä
iskettävänä	VERB	iskeä
iskeytyi	VERB	iskeytyä
iski	VERB	iskeä
iskin	VERB	iskeä
iskua	NOUN	isku
iskulla	NOUN	isku
iskulyönteihin	NOUN	isku#lyönti
iskun	NOUN	isku
iskusta	NOUN	isku
iskälle	NOUN	iskä
iskän	NOUN	iskä
islamilaisen	ADJ	islamilainen
islamista	NOUN	islam
islamisteja	NOUN	islamisti
islandia	PROPN	Island
islannin	PROPN	Islanti
islannissa	PROPN	Islanti
islantia	PROPN	Islanti
islantiin	PROPN	Islanti
islantilaisen	ADJ	islantilainen
islantilaispankkien	NOUN	islantilais#pankki
ism-indeksin	NOUN	ISM#indeksi
ism:n	PROPN	ISM
isoa	ADJ	iso
isoa-britanniaan	PROPN	Iso-Britannia
isohkolla	ADJ	isohko
isoilta	ADJ	iso
isoimmat	ADJ	iso
isoimpiin	ADJ	iso
isoissa	ADJ	iso
isoista	ADJ	iso
isoisälle	NOUN	iso#isä
isoisän	NOUN	iso#isä
isoisäni	NOUN	isoisä
isoisästä	NOUN	iso#isä
isoisää	NOUN	iso#isä
isoja	ADJ	iso
isojen	ADJ	iso
isokokoisen	ADJ	iso#kokoinen
isokyröläisille	NOUN	isokyröläinen
isolavikossa	PROPN	Isolavikko
isolla	ADJ	iso
isolle	ADJ	iso
isompi	ADJ	iso
ison	ADJ	iso
ison-britannian	PROPN	Iso-Britannia
isonenäisellä	ADJ	iso#nenäinen
isonenäisen	ADJ	iso#nenäinen
isonvihan	PROPN	Isoviha
isossa	ADJ	iso
isossa-britanniassa	PROPN	Iso-Britannia
isosta-britanniasta	PROPN	Iso-Britannia
isot	ADJ	iso
isot	NOUN	iso
isovanhempien	NOUN	isovanhempi
isovanhempiensa	NOUN	isovanhempi
israeliin	PROPN	Israel
israelin	PROPN	Israel
israelissa	PROPN	Israel
istahdamme	VERB	istahtaa
istahdat	VERB	istahtaa
istahdin	VERB	istahtaa
istahti	VERB	istahtaa
istanbulista	PROPN	Istanbul
istuen	VERB	istua
istui	VERB	istua
istuimenne	NOUN	istuin
istuin	VERB	istua
istuinvyönne	NOUN	istuin#vyö
istuit	VERB	istua
istumaan	VERB	istua
istumassa	VERB	istua
istumme	VERB	istua
istun	VERB	istua
istuneen	VERB	istua
istuneet	VERB	istua
istunnon	NOUN	istunto
istuntoa	NOUN	istunto
istuntokauden	NOUN	istunto#kausi
istuntoon	NOUN	istunto
istuntosalin	NOUN	istunto#sali
istusin	VERB	istua
istut	VERB	istua
istutettu	VERB	istuttaa
istutettua	VERB	istuttaa
istuttaisi	VERB	istuttaa
istutteko	VERB	istua
istutukset	NOUN	istutus
istuu	VERB	istua
istuva	VERB	istua
istuvaa	NOUN	istuva
istuvaan	VERB	istua
istuvan	VERB	istua
isu-152	PROPN	ISU#152
isutuksilla	NOUN	istutus
isän	NOUN	isä
isäni	NOUN	isä
isänmaallisista	ADJ	isän#maallinen
isänniltämme	NOUN	isäntä
isännäksi	NOUN	isäntä
isännäl	NOUN	isäntä
isännän	NOUN	isäntä
isännät	NOUN	isäntä
isännöi	VERB	isännöidä
isännöinin	NOUN	isännöinti
isännöinnin	NOUN	isännöinti
isännöinnistä	NOUN	isännöinti
isännöintiin	NOUN	isännöinti
isännöintikokemusta	NOUN	isännöinti#kokemus
isännöintipalkkion	NOUN	isännöinti#palkkio
isännöintisopimusta	NOUN	isännöinti#sopimus
isännöintitehtävien	NOUN	isännöinti#tehtävä
isännöintitehtäviin	NOUN	isännöinti#tehtävä
isännöintitehtäviä	NOUN	isännöinti#tehtävä
isännöintiyhteisössä	NOUN	isännöinti#yhteisö
isännöintiä	NOUN	isännöinti
isännöitsijäksi	NOUN	isännöitsijä
isännöitsijälle	NOUN	isännöitsijä
isännöitsijältä	NOUN	isännöitsijä
isännöitsijän	NOUN	isännöitsijä
isännöitsijänä	NOUN	isännöitsijä
isännöitsijäsi	NOUN	isännöitsijä
isännöitsijätoimistolta	NOUN	isännöitsijä#toimisto
isännöitsijätoimiston	NOUN	isännöitsijä#toimisto
isännöitsijää	NOUN	isännöitsijä
isännöitsijöiden	NOUN	isännöitsijä
isännöitsijöille	NOUN	isännöitsijä
isännöitsijöitä	NOUN	isännöitsijä
isänsä	NOUN	isä
isäntänä	NOUN	isäntä
isäparkin	NOUN	isä#parkki
isäparkissa	NOUN	isä#parkki
isästä	NOUN	isä
isästön	NOUN	isästö
it-alalla	NOUN	it#ala
it-alan	NOUN	IT#ala
it-laitoksella	NOUN	IT#laitos
it-laitoksen	NOUN	IT#laitos
it-laitos	NOUN	IT#laitos
italiaa	PROPN	Italia
italialaisilta	NOUN	italialainen
italialaisissa	ADJ	italialainen
italialaisten	NOUN	italialainen
italian	NOUN	italia
italian	PROPN	Italia
italiassa	PROPN	Italia
italiasta	PROPN	Italia
ite	ADV	itse
itekin	ADV	itse
itkee	VERB	itkeä
itkemisen	NOUN	itkeminen
itken	VERB	itkeä
itki	VERB	itkeä
itkin	VERB	itkeä
itkua	NOUN	itku
itkuaan	NOUN	itku
itkuun	NOUN	itku
its-koulutus	NOUN	ITS#koulutus
itseemme	PRON	itse
itseensä	PRON	itse
itsehallinnollisen	ADJ	itse#hallinnollinen
itsehallinnon	NOUN	itsehallinto
itsehallinnosta	NOUN	itsehallinto
itsehallintoalueella	NOUN	itse#hallinto#alue
itsekin	ADV	itse
itsekin	PRON	itse
itsekkyyteni	NOUN	itsekkyys
itsekäsittelystä	NOUN	itse#käsittely
itsekäsittelyyn	NOUN	itse#käsittely
itsekäsittelyä	NOUN	itse#käsittely
itsekästä	ADJ	itsekäs
itsekään	ADV	itse
itselaukaisusalamakökkökuvat	NOUN	itse#laukaisu#salama#kökkö#kuva
itselle	PRON	itse
itselleen	PRON	itse
itsellemme	PRON	itse
itselleni	PRON	itse
itselläni	PRON	itse
itseltä	PRON	itse
itseltään	PRON	itse
itseluottamuksen	NOUN	itseluottamus
itseluottamuksesta	NOUN	itseluottamus
itseluottamusta	NOUN	itseluottamus
itsemme	PRON	itse
itsemurhan	NOUN	itse#murha
itsemääräämisoikeudestaan	NOUN	itsemääräämisoikeus
itseni	PRON	itse
itsenikin	PRON	itse
itsensä	PRON	itse
itsensäkin	PRON	itse
itsenäiseksi	ADJ	itsenäinen
itsenäisenä	ADJ	itsenäinen
itsenäiset	ADJ	itsenäinen
itsenäisinä	ADJ	itsenäinen
itsenäistyi	VERB	itsenäistyä
itsenäistyttyä	VERB	itsenäistyä
itsenäistä	ADJ	itsenäinen
itsenäisyyden	NOUN	itsenäisyys
itsenäisyyspäivänä	NOUN	itsenäisyys#päivä
itsenään	PRON	itse
itsepuolustustunneilla	NOUN	itsepuolustus#tunti
itsesi	PRON	itse
itsessään	PRON	itse
itsestä	PRON	itse
itsestämme	PRON	itse
itsestäni	PRON	itse
itsestäsi	PRON	itse
itsestään	PRON	itse
itsestäänselvyyksiään	NOUN	itsestään#selvyys
itsesyytökset	NOUN	itse#syytös
itsetehdyt	VERB	itse#tehdä
itsetuntomme	NOUN	itsetunto
itsetuntonsa	NOUN	itsetunto
itsetyytyväisyyteen	NOUN	itse#tyytyväisyys
itsevarmemman	ADJ	itsevarma
itsevarmuutta	NOUN	itsevarmuus
itseämme	PRON	itse
itseäni	PRON	itse
itseäsi	PRON	itse
itseään	PRON	itse
itä-	NOUN	itä
itä-aasian	PROPN	Itä-Aasia
itä-afrikan	PROPN	Itä-Afrikka
itä-euroopan	PROPN	Itä-Eurooppa
itä-euroopassa	PROPN	Itä-Eurooppa
itä-eurooppaa	PROPN	Itä-Eurooppa
itä-georgiassa	PROPN	Itä-Georgia
itä-jerusalemista	PROPN	Itä-Jerusalem
itä-kiinan	PROPN	Itä-Kiina
itä-suomen	PROPN	Itä-Suomi
itä-turkestanissa	PROPN	Itä-Turkestan
itä-uudenmaan	PROPN	Itä-Uusimaa
itäeurooppalaiset	ADJ	itä#eurooppalainen
itäeurooppalaisia	ADJ	itä#eurooppalainen
itäeurooppalaisten	ADJ	itä#eurooppalainen
itäiseen	ADJ	itäinen
itäisen	ADJ	itäinen
itäiset	ADJ	itäinen
itäisin	ADJ	itäinen
itäisiä	ADJ	itäinen
itäistä	ADJ	itäinen
itälän	PROPN	Itälä
itänaapureihinsa	NOUN	itä#naapuri
itäoguusilaiset	ADJ	itäoguusilainen
itäosaa	NOUN	itä#osa
itäosan	NOUN	itä#osa
itäosassa	NOUN	itä#osa
itäosissa	NOUN	itä#osa
itäpuolelle	NOUN	itä#puoli
itärajan	NOUN	itä#raja
itärannikon	NOUN	itä#rannikko
itävallan	PROPN	Itävalta
itävallassa	PROPN	Itävalta
itävallasta	PROPN	Itävalta
itävalta-unkarin	PROPN	Itävalta#Unkari
itää	NOUN	itä
itään	NOUN	itä
itä−länsi-kuljetuksissa	NOUN	itä−länsi#kuljetus
iv:n	ADJ	IV
iva:n	PROPN	IVA
ivanovoon	PROPN	Ivanovo
ivy-sopimuksia	NOUN	IVY#sopimus
ix:n	ADJ	IX
ix:n	PROPN	IX
iällä	NOUN	ikä
iälläni	NOUN	ikä
iän	NOUN	ikä
iässä	NOUN	ikä
iässään	NOUN	ikä
iät	NOUN	ikä
ja-konjunktiota	NOUN	ja#konjunktio
jaaaaaaaaaaa	ADV	jaa
jaakkoa	PROPN	Jaakko
jaakoksi	PROPN	Jaakko
jaakollakin	PROPN	Jaakko
jaamme	VERB	jakaa
jaan	VERB	jakaa
jaanintien	PROPN	Jaanintie
jacksonin	PROPN	Jackson
jaeta	VERB	jakaa
jaetaan	VERB	jakaa
jaettavan	VERB	jakaa
jaettiin	VERB	jakaa
jaettu	VERB	jakaa
jaettuna	VERB	jakaa
jagriin	PROPN	Jagr
jakaantuu	VERB	jakaantua
jakaessa	VERB	jakaa
jakamaan	VERB	jakaa
jakamiseen	NOUN	jakaminen
jakamisen	NOUN	jakaminen
jakamismenetelmä	NOUN	jakaa#menetelmä
jakamista	NOUN	jakaminen
jakaneet	VERB	jakaa
jakaukseen	NOUN	jakaus
jakautumisesta	NOUN	jakautuminen
jakautumisiin	NOUN	jakautuminen
jakautumista	NOUN	jakautuminen
jakautunut	VERB	jakautua
jakavan	VERB	jakaa
jakavat	VERB	jakaa
jakelimme	VERB	jaella
jakelua	NOUN	jakelu
jakeluketjun	NOUN	jakelu#ketju
jakelun	NOUN	jakelu
jakelurakenteet	NOUN	jakelu#rakenne
jakoi	VERB	jakaa
jakoivat	VERB	jakaa
jakolautakunnan	NOUN	jako#lauta#kunta
jakoon	NOUN	jako
jaksa	VERB	jaksaa
jaksaako	VERB	jaksaa
jaksaisin	VERB	jaksaa
jaksamaan	VERB	jaksaa
jaksan	VERB	jaksaa
jaksanut	VERB	jaksaa
jaksettu	VERB	jaksaa
jaksoa	NOUN	jakso
jaksoi	VERB	jaksaa
jaksoin	VERB	jaksaa
jaksoja	NOUN	jakso
jaksolla	NOUN	jakso
jaksolle	NOUN	jakso
jaksollisessa	ADJ	jaksollinen
jaksolta	NOUN	jakso
jakson	NOUN	jakso
jaksossa	NOUN	jakso
jaksotettuna	VERB	jaksottaa
jalalla	NOUN	jalka
jalalle	NOUN	jalka
jalan	NOUN	jalka
jalanjälkineen	NOUN	jalan#jälki
jalanjälkiä	NOUN	jalan#jälki
jalankulkijoilla	NOUN	jalan#kulkija
jalansijaa	NOUN	jalan#sija
jalassa	NOUN	jalka
jalastaan	NOUN	jalka
jalastani	NOUN	jalka
jalat	NOUN	jalka
jalkaa	NOUN	jalka
jalkaan	NOUN	jalka
jalkaani	NOUN	jalka
jalkajousensa	NOUN	jalka#jousi
jalkakäytävän	NOUN	jalka#käytävä
jalkamiehen	NOUN	jalka#mies
jalkani	NOUN	jalka
jalkapalloa	NOUN	jalka#pallo
jalkapallohuligaaneja	NOUN	jalka#pallo#huligaani
jalkapalloilijaksi	NOUN	jalka#palloilija
jalkapallomaajoukkueen	NOUN	jalka#pallo#maa#joukkue
jalkapallon	NOUN	jalka#pallo
jalkapallosta	NOUN	jalka#pallo
jalkaparikassa	NOUN	jalka#patikka
jalkapohjissa	NOUN	jalka#pohja
jalkatilassa	NOUN	jalka#tila
jalkaväkidivisioonassa	NOUN	jalka#väki#divisioona
jalkaväkirykmentin	NOUN	jalka#väki#rykmentti
jalkaväkirykmentissä	NOUN	jalka#väki#rykmentti
jalkaväkisotilaan	NOUN	jalka#väki#sotilas
jalkoihi	NOUN	jalka
jalkoihin	NOUN	jalka
jalkoja	NOUN	jalka
jalkojaan	NOUN	jalka
jalkojen	NOUN	jalka
jalkojensa	NOUN	jalka
jallittamaan	VERB	jallittaa
jalmarillakin	PROPN	Jalmari
jalmarille	PROPN	Jalmari
jalmarin	PROPN	Jalmari
jaloilleen	NOUN	jalka
jaloin	NOUN	jalka
jalostamaan	VERB	jalostaa
jalostamolta	NOUN	jalostamo
jalostettua	VERB	jalostaa
jalostettuja	VERB	jalostaa
jalostukseen	NOUN	jalostus
jalostuksessa	NOUN	jalostus
jalot	ADJ	jalo
jalustaa	NOUN	jalusta
jammun	PROPN	Jammu
janican	PROPN	Janica
janilla	PROPN	Jan
janin	PROPN	Jan
jankin	PROPN	Jan
janoonsa	NOUN	jano
jaoin	VERB	jakaa
jaon	NOUN	jako
jaotellaan	VERB	jaotella
japaniin	PROPN	Japani
japanilaisen	ADJ	japanilainen
japanilaiset	ADJ	japanilainen
japanilaisia	ADJ	japanilainen
japanilaisilla	NOUN	japanilainen
japanilaismerkkien	NOUN	japanilais#merkki
japanilaisten	ADJ	japanilainen
japanille	PROPN	Japani
japanin	PROPN	Japani
japanissa	PROPN	Japani
jari-matilla	PROPN	Jari-Matti
jaroslavliin	PROPN	Jaroslavl
jarruja	NOUN	jarru
jarrumiehenä	NOUN	jarru#mies
jarrut	NOUN	jarru
jarruttavat	VERB	jarruttaa
jarrutukseen	NOUN	jarrutus
jarrutuksen	NOUN	jarrutus
jarzembowskia	PROPN	Jarzembowski
jatkaisi	VERB	jatkaa
jatkajia	NOUN	jatkaja
jatkamaan	VERB	jatkaa
jatkamalla	VERB	jatkaa
jatkamiseen	NOUN	jatkaminen
jatkamisen	NOUN	jatkaminen
jatkamisesta	NOUN	jatkaminen
jatkamista	NOUN	jatkaminen
jatkamme	VERB	jatkaa
jatkan	VERB	jatkaa
jatkaneet	VERB	jatkaa
jatkanut	VERB	jatkaa
jatkat	VERB	jatkaa
jatkavan	VERB	jatkaa
jatkettava	VERB	jatkaa
jatkettiin	VERB	jatkaa
jatko	VERB	jatkaa
jatko-	NOUN	jatko
jatko-opiskelija	NOUN	jatko#opiskelija
jatko-opiskelupaikan	NOUN	jatko#opiskelu#paikka
jatkoa	NOUN	jatko
jatkoajalla	NOUN	jatko#aika
jatkoajalta	NOUN	jatko#aika
jatkoajan	NOUN	jatko#aika
jatkoi	VERB	jatkaa
jatkoille	NOUN	jatkot
jatkoin	VERB	jatkaa
jatkoissa	NOUN	jatko
jatkoivat	VERB	jatkaa
jatkojen	NOUN	jatkot
jatkoksi	NOUN	jatko
jatkokuljetusten	NOUN	jatko#kuljetus
jatkon	NOUN	jatko
jatkona	NOUN	jatko
jatkonsa	NOUN	jatko
jatkoon	NOUN	jatko
jatkopelejä	NOUN	jatko#peli
jatkosodan	NOUN	jatko#sota
jatkosodassa	NOUN	jatko#sota
jatkossa	NOUN	jatko
jatkossakin	NOUN	jatko
jatkot	NOUN	jatko
jatkotutkintokokeilut	NOUN	jatko#tutkinto#kokeilu
jatkoyhteyksissä	NOUN	jatko#yhteys
jatku	VERB	jatkua
jatkui	VERB	jatkua
jatkuivat	VERB	jatkua
jatkumaan	VERB	jatkua
jatkumiselle	NOUN	jatkuminen
jatkumisen	NOUN	jatkuminen
jatkunee	VERB	jatkua
jatkuu	VERB	jatkua
jatkuvaa	ADJ	jatkuva
jatkuvalla	ADJ	jatkuva
jatkuvan	ADJ	jatkuva
jatkuvan	VERB	jatkua
jatkuvassa	ADJ	jatkuva
jatkuvasta	ADJ	jatkuva
jatkuvat	ADJ	jatkuva
jatkuvat	VERB	jatkua
jatkuvia	VERB	jatkua
jatkuvien	ADJ	jatkuva
jatkuville	VERB	jatkua
jatkuvista	ADJ	jatkuva
jatsin	NOUN	jatsi
jatulintarhat	NOUN	jatuli#tarha
jatulintarhoja	NOUN	jatuli#tarha
jauhamalla	VERB	jauhaa
jauhat	VERB	jauhaa
jauheeksi	NOUN	jauhe
jauheliha-pekonikeitto	NOUN	jauhe#liha#pekoni#keitto
jauhelihasta	NOUN	jauhe#liha
jauhopeukalot	NOUN	jauho#peukalo
javascriptin	PROPN	javascript
jazz-paikka	NOUN	jazz#paikka
jazzin	NOUN	jazz
jeania	PROPN	Jean
jedi-ritarit	NOUN	jedi#ritari
jediritaria	NOUN	jedi#ritari
jeesaan	VERB	jeesata
jeesuksen	NOUN	jeesus
jeesuksen	PROPN	Jeesus
jeesus-elämäkerrassa	NOUN	Jeesus#elämä#kerta
jeltsinin	PROPN	Jeltsin
jenkkikaapin	NOUN	jenkki#kaappi
jensillä	PROPN	Jens
jensin	PROPN	Jens
jerevanista	PROPN	Jerevan
jesarin	NOUN	jesari
jesuiitta-aatteen	NOUN	jesuiitta#aate
jesuiittatuomarit	NOUN	jesuiitta#tuomari
jesuiittaurasta	NOUN	jesuiitta#ura
jesuiittaveljeskunnalle	NOUN	jesuiitta#veljes#kunta
jesuiittaveljeskunnan	NOUN	jesuiitta#veljes#kunta
jhl:n	PROPN	JHL
jin-dynastian	NOUN	Jin#dynastia
jintaosta	PROPN	Jintao
jne	ADV	jne.
jodlausta	NOUN	jodlaus
joella	NOUN	joki
joen	NOUN	joki
joensuun	PROPN	Joensuu
joenvartta	NOUN	joen#varsi
joessa	NOUN	joki
jogurtin	NOUN	jogurtti
johan	ADV	jo
johanin	PROPN	Johan
johannekselle	PROPN	Johannes
johanssonin	PROPN	Johansson
johda	VERB	johtaa
johdatti	VERB	johdattaa
johdettiin	VERB	johtaa
johdetun	VERB	johtaa
johdolla	NOUN	johto
johdollaan	NOUN	johto
johdon	NOUN	johto
johdonmukaisempiin	ADJ	johdon#mukainen
johdonmukaiset	ADJ	johdon#mukainen
johdonmukaisia	ADJ	johdon#mukainen
johdonmukaista	ADJ	johdon#mukainen
johdonmukaisuutta	NOUN	johdon#mukaisuus
johdossa	NOUN	johto
johdosta	NOUN	johto
johdot	NOUN	johto
johdotusdiagrammit	NOUN	johdotus#diagrammi
johdu	VERB	johtua
johnsonin	PROPN	Johnson
johon	PRON	joka
johonki	PRON	jokin
johonkin	PRON	jokin
johtaisi	VERB	johtaa
johtajaa	NOUN	johtaja
johtajaksi	NOUN	johtaja
johtajan	NOUN	johtaja
johtajana	NOUN	johtaja
johtajaopettajan	NOUN	johtaja#opettaja
johtajat	NOUN	johtaja
johtajia	NOUN	johtaja
johtajien	NOUN	johtaja
johtajista	NOUN	johtaja
johtama	VERB	johtaa
johtamaansa	VERB	johtaa
johtamalla	VERB	johtaa
johtaman	VERB	johtaa
johtamassa	VERB	johtaa
johtamiseen	NOUN	johtaminen
johtaneen	VERB	johtaa
johtaneet	VERB	johtaa
johtaneita	VERB	johtaa
johtanut	VERB	johtaa
johtava	VERB	johtaa
johtavaksi	ADJ	johtava
johtavalta	VERB	johtaa
johtavan	ADJ	johtava
johtavassa	VERB	johtaa
johtavat	ADJ	johtava
johtavat	VERB	johtaa
johtavia	ADJ	johtava
johti	VERB	johtaa
johtivat	VERB	johtaa
johtoa	NOUN	johto
johtohahmona	NOUN	johto#hahmo
johtokunnan	NOUN	johto#kunta
johtokunnassa	NOUN	johto#kunta
johtonsa	NOUN	johto
johtoon	NOUN	johto
johtopäätökseen	NOUN	johto#päätös
johtopäätöksenne	NOUN	johto#päätös
johtopäätökset	NOUN	johto#päätös
johtopäätöksistä	NOUN	johto#päätös
johtopäätöksiä	NOUN	johto#päätös
johtoryhmiä	NOUN	johto#ryhmä
johtotehtävien	NOUN	johto#tehtävä
johtotehtäviin	NOUN	johto#tehtävä
johtuen	VERB	johtua
johtui	VERB	johtua
johtunee	VERB	johtua
johtuneen	VERB	johtua
johtunut	VERB	johtua
johtuu	VERB	johtua
johtuvaa	VERB	johtua
johtuvan	VERB	johtua
johtuvat	VERB	johtua
johtuvatko	VERB	johtua
johtuvien	VERB	johtua
johtuviin	VERB	johtua
joi	VERB	juoda
joiden	PRON	joka
joidenkin	PRON	jokin
joihin	PRON	joka
joihinkin	PRON	jokin
joilla	PRON	joka
joillakin	PRON	jokin
joille	PRON	joka
joillekin	PRON	jokin
joilta	PRON	joka
join	VERB	juoda
joina	PRON	joka
joinain	PRON	jokin
joisin	VERB	juoda
joissa	PRON	joka
joissain	PRON	jokin
joissakin	PRON	jokin
joista	PRON	joka
joistain	PRON	jokin
joistakin	PRON	jokin
joit	VERB	juoda
joita	PRON	joka
joitain	PRON	jokin
joitakin	PRON	jokin
joivat	VERB	juoda
jokaiseen	PRON	jokainen
jokaisella	PRON	jokainen
jokaiselle	PRON	jokainen
jokaisen	PRON	jokainen
jokaisena	PRON	jokainen
jokaisessa	PRON	jokainen
jokaisesta	PRON	jokainen
jokaista	PRON	jokainen
jokapäiväisen	ADJ	jokapäiväinen
jokapäiväisistä	ADJ	joka#päiväinen
jokea	NOUN	joki
jokeen	NOUN	joki
jokelan	PROPN	Jokela
jokereista	PROPN	Jokeri
jokerien	PROPN	Jokerit
jokia	NOUN	joki
jokirannassa	NOUN	joki#ranta
jokisen	PROPN	Jokinen
jokisesta	PROPN	Jokinen
jokö	CCONJ	joko
jolkottelemaan	VERB	jolkotella
jolkotteli	VERB	jolkotella
joll	SCONJ	jos
jolla	PRON	joka
jollain	PRON	jokin
jollaista	ADJ	jollainen
jollakin	PRON	jokin
jolle	PRON	joka
jollekin	PRON	jokin
joltain	PRON	jokin
jommankumman	PRON	jompikumpi
jona	PRON	joka
jonain	PRON	jokin
jonakin	PRON	jokin
jonea	PROPN	Jone
jonesta	PROPN	Jone
jonka	PRON	joka
jonkin	PRON	jokin
jonkinlaiselle	ADJ	jonkinlainen
jonkinlaisen	ADJ	jonkinlainen
jonkinlaisena	ADJ	jonkinlainen
jonkinlaiset	ADJ	jonkinlainen
jonkinlaisia	ADJ	jonkinlainen
jonkinlaista	ADJ	jonkinlainen
jonkullaine	ADJ	jonkunlainen
jonkun	PRON	joku
jonkunhan	PRON	joku
jonnan	PROPN	Jonna
jonne	PRON	joka
jonnekkii	ADV	jonnekin
jonnyn	PROPN	Jonny
jonoa	NOUN	jono
jonottavat	VERB	jonottaa
jonoviidakossa	NOUN	jono#viidakko
joogaa	VERB	joogata
jope-imitaattoreita	NOUN	Jope#imitaattori
jordanian	PROPN	Jordania
josephin	PROPN	Joseph
joskin	ADV	jos
jossa	PRON	joka
jossai	PRON	jokin
jossain	PRON	jokin
jossakin	PRON	jokin
josta	PRON	joka
jostain	PRON	jokin
jostakin	PRON	jokin
jota	PRON	joka
jotai	PRON	jokin
jotain	PRON	jokin
jotakin	PRON	jokin
jotakuta	PRON	joku
jotka	PRON	joka
jotkin	PRON	jokin
jotku	PRON	joku
jotkut	PRON	joku
jouduimme	VERB	joutua
jouduin	AUX	joutua
jouduin	VERB	joutua
jouduinkin	AUX	joutua
jouduinkin	VERB	joutua
joudun	AUX	joutua
joudun	VERB	joutua
joudutaan	AUX	joutua
jouduttiin	AUX	joutua
jouduttu	AUX	joutua
jouduttuaan	VERB	joutua
joukkiomme	NOUN	joukkio
joukkoa	NOUN	joukko
joukkohaudoista	NOUN	joukko#hauta
joukkohautausmaahan	NOUN	joukko#hautaus#maa
joukkoirtisanomisia	NOUN	joukko#irti#sanominen
joukkoirtisanoutumiset	NOUN	joukko#irtisanoutuminen
joukkoja	NOUN	joukko
joukkokirjeitä	NOUN	joukko#kirje
joukkonsa	NOUN	joukko
joukkoon	NOUN	joukko
joukkoonsa	NOUN	joukko
joukkoraiskaajat	NOUN	joukko#raiskaaja
joukkoraiskanneiden	VERB	joukko#raiskata
joukkoraiskasi	VERB	joukko#raiskata
joukkoraiskauksen	NOUN	joukko#raiskaus
joukkotuhoaseita	NOUN	joukko#tuho#ase
joukkovelkakirjalainojen	NOUN	joukko#velka#kirja#laina
joukkovelkakirjojen	NOUN	joukko#velka#kirja
joukkueella	NOUN	joukkue
joukkueelle	NOUN	joukkue
joukkueelleen	NOUN	joukkue
joukkueemme	NOUN	joukkue
joukkueen	NOUN	joukkue
joukkueenjohtaja	NOUN	joukkue#johtaja
joukkueensa	NOUN	joukkue
joukkueessa	NOUN	joukkue
joukkueet	NOUN	joukkue
joukkueiden	NOUN	joukkue
joukkueisiin	NOUN	joukkue
joukkueista	NOUN	joukkue
joukkueita	NOUN	joukkue
joukkuekultaa	NOUN	joukkue#kulta
joukkuetta	NOUN	joukkue
joukkueurheilulajiin	NOUN	joukkue#urheilu#laji
joukkutanssilla	NOUN	joukkue#tanssi
joukoin	NOUN	joukko
joukoista	NOUN	joukko
joukolla	NOUN	joukko
joukolta	NOUN	joukko
joukon	NOUN	joukko
joukossa	NOUN	joukko
joukosta	NOUN	joukko
joukot	NOUN	joukko
joulua	NOUN	joulu
jouluaatoksi	NOUN	joulu#aatto
jouluaattoja	NOUN	joulu#aatto
jouluherkkujen	NOUN	joulu#herkku
jouluherkut	NOUN	joulu#herkku
jouluherkutteluja	NOUN	joulu#herkuttelu
joulujuhlaa	NOUN	joulu#juhla
joulukuiseen	ADJ	joulu#kuinen
joulukuusensa	NOUN	joulu#kuusi
joulukuussa	NOUN	joulukuu
joulukuuta	NOUN	joulukuu
joululahjaksi	NOUN	joulu#lahja
joululahjat	NOUN	joulu#lahja
joulun	NOUN	joulu
jouluna	NOUN	joulu
joulunjatkoa	NOUN	joulu#jatko
joulupöydästäni	NOUN	joulu#pöytä
joulureissuista	NOUN	joulu#reissu
jouluriemusta	NOUN	joulu#riemu
jouluruokia	NOUN	joulu#ruoka
jouluruokien	NOUN	joulu#ruoka
jouluruuantarpeeni	NOUN	joulu#ruoka#tarve
jouluyön	NOUN	joulu#yö
jouluyötä	NOUN	joulu#yö
journalin	PROPN	Journal
journalissa	PROPN	Journal
journalistin	NOUN	journalisti
jousian	PROPN	Jousia
joustamaan	VERB	joustaa
joustavammalla	ADJ	joustava
joustavien	ADJ	joustava
joustavuuden	NOUN	joustavuus
joustavuutta	NOUN	joustavuus
joustettavasta	VERB	joustaa
joustintyynyt	NOUN	joustin#tyyny
joutavalta	ADJ	joutava
joutavuudessa	NOUN	joutavuus
joutavuudesta	NOUN	joutavuus
joutilaamman	ADJ	joutilas
joutilaiden	NOUN	joutilas
joutilaiksi	ADJ	joutilas
joutilaisuuden	NOUN	joutilaisuus
joutui	AUX	joutua
joutui	VERB	joutua
joutuisi	AUX	joutua
joutuisi	VERB	joutua
joutuisinko	AUX	joutua
joutuisivat	AUX	joutua
joutuivat	AUX	joutua
joutuivat	VERB	joutua
joutumassa	VERB	joutua
joutumisen	NOUN	joutuminen
joutumista	NOUN	joutuminen
joutuneen	VERB	joutua
joutuneet	VERB	joutua
joutunu	VERB	joutua
joutunut	AUX	joutua
joutunut	VERB	joutua
joutuu	AUX	joutua
joutuu	VERB	joutua
joutuvan	VERB	joutua
joutuvat	AUX	joutua
joutuvat	VERB	joutua
js:n	PROPN	JS
judgen	PROPN	Judge
jugoslavian	PROPN	Jugoslavia
jugoslaviassa	PROPN	Jugoslavia
jugurthan	PROPN	Jugurtha
juhaa	PROPN	Juha
juhannuksena	NOUN	juhannus
juhannusaattona	NOUN	juhannus#aatto
juhannusruusut	NOUN	juhannus#ruusu
juhla-	NOUN	juhla
juhlaan	NOUN	juhla
juhlaesitelmän	NOUN	juhla#esitelmä
juhlahetken	NOUN	juhla#hetki
juhlahetkinä	NOUN	juhla#hetki
juhlahunnun	NOUN	juhla#huntu
juhlajuomat	NOUN	juhla#juoma
juhlallisen	ADJ	juhlallinen
juhlallisuuksissa	NOUN	juhlallisuus
juhlan	NOUN	juhla
juhlapuheen	NOUN	juhla#puhe
juhlapäivää	NOUN	juhla#päivä
juhlasalissa	NOUN	juhla#sali
juhlassa	NOUN	juhla
juhlat	NOUN	juhla
juhlavampia	ADJ	juhlava
juhlaviikkojen	NOUN	juhla#viikko
juhli	VERB	juhlia
juhliakaan	NOUN	juhla
juhlien	NOUN	juhla
juhlien	VERB	juhlia
juhliessa	VERB	juhlia
juhliin	NOUN	juhla
juhlijalle	NOUN	juhlija
juhlijoiden	NOUN	juhlija
juhlijoita	NOUN	juhlija
juhlimaan	VERB	juhlia
juhlimme	VERB	juhlia
juhlinnan	NOUN	juhlinta
juhlistamaan	VERB	juhlistaa
juhlistettiin	VERB	juhlistaa
juhlistimme	VERB	juhlistaa
juhlitaan	VERB	juhlia
juhlittiin	VERB	juhlia
juhlituksi	VERB	juhlia
jukkaos-lajissa	NOUN	JukkaOS#laji
julistamisesta	NOUN	julistaminen
julistan	VERB	julistaa
julistautui	VERB	julistautua
julisteesta	NOUN	juliste
julistettiin	VERB	julistaa
julisti	VERB	julistaa
julistusta	NOUN	julistus
julkaisee	VERB	julkaista
julkaisema	VERB	julkaista
julkaisemaa	VERB	julkaista
julkaisemaan	VERB	julkaista
julkaisemalla	VERB	julkaista
julkaisemassa	VERB	julkaista
julkaisemat	VERB	julkaista
julkaisemiani	VERB	julkaista
julkaisemista	NOUN	julkaiseminen
julkaisi	VERB	julkaista
julkaissut	VERB	julkaista
julkaistaan	VERB	julkaista
julkaistava	VERB	julkaista
julkaistavan	VERB	julkaista
julkaistiin	VERB	julkaista
julkaistu	VERB	julkaista
julkaistuissa	VERB	julkaista
julkaistujen	VERB	julkaista
julkaistun	VERB	julkaista
julkaistussa	VERB	julkaista
julkaisua	NOUN	julkaisu
julkaisun	NOUN	julkaisu
julkaisusta	NOUN	julkaisu
julkaisuviikollaan	NOUN	julkaisu#viikko
julkilausuman	NOUN	julki#lausuma
julkilausumiin	NOUN	julki#lausuma
julkiseen	ADJ	julkinen
julkiseksi	ADJ	julkinen
julkisella	ADJ	julkinen
julkiselle	ADJ	julkinen
julkisen	ADJ	julkinen
julkisena	ADJ	julkinen
julkisessa	ADJ	julkinen
julkisesta	ADJ	julkinen
julkiset	ADJ	julkinen
julkishallinnon	NOUN	julkis#hallinto
julkishallintojen	NOUN	julkis#hallinto
julkisiin	ADJ	julkinen
julkisiksi	ADJ	julkinen
julkisille	ADJ	julkinen
julkisin	ADJ	julkinen
julkisista	ADJ	julkinen
julkisomisteisille	ADJ	julkis#omisteinen
julkista	ADJ	julkinen
julkistaman	VERB	julkistaa
julkistamien	VERB	julkistaa
julkistamisen	NOUN	julkistaminen
julkisten	ADJ	julkinen
julkistetaan	VERB	julkistaa
julkistettavia	VERB	julkistaa
julkistettiin	VERB	julkistaa
julkistettu	VERB	julkistaa
julkistetut	VERB	julkistaa
julkisti	VERB	julkistaa
julkistivat	VERB	julkistaa
julkisuuden	NOUN	julkisuus
julkisuudessa	NOUN	julkisuus
julkisuustemppuna	NOUN	julkisuus#temppu
julkisuuteen	NOUN	julkisuus
julkisuutta	NOUN	julkisuus
julkisyhteisöille	NOUN	julkis#yhteisö
julkisyhteisöjen	NOUN	julkis#yhteisö
julkkisprinsessat	NOUN	julkkis#prinsessa
julkkisprinsessat-luennolla	NOUN	Julkkis#prinsessat#luento
julmaa	ADJ	julma
julmalla	ADJ	julma
jumalaansa	PROPN	Jumala
jumalan	NOUN	jumala
jumalan	PROPN	Jumala
jumalat	NOUN	jumala
jumalat	PROPN	Jumala
jumalatonta	ADJ	jumalaton
jumalia	NOUN	jumala
jumalten	NOUN	jumala
jumaluudet	NOUN	jumaluus
jumittuneena	VERB	jumittua
jumiudumme	VERB	jumiutua
jumppasalin	NOUN	jumppa#sali
junaa	NOUN	juna
junaan	NOUN	juna
junakiistassa	NOUN	juna#kiista
junakohtauspaikaksi	NOUN	juna#kohtaus#paikka
junaksi	NOUN	juna
junalaulut	NOUN	juna#laulu
junalippuja	NOUN	juna#lippu
junalla	NOUN	juna
junamatkan	NOUN	juna#matka
junan	NOUN	juna
junani	NOUN	juna
junanradalle	NOUN	junan#rata
junanvaunulta	NOUN	junan#vaunu
junanvaunusta	NOUN	junan#vaunu
junassa	NOUN	juna
junasta	NOUN	juna
junckerin	PROPN	Juncker
junilla	NOUN	juna
juniorijoukkueessa	NOUN	juniori#joukkue
juniorijoukkueissa	NOUN	juniori#joukkue
juniorina	NOUN	juniori
junnufutiksessakin	NOUN	junnu#futis
juo	VERB	juoda
juodaan	VERB	juoda
juodakaan	VERB	juoda
juokaa	VERB	juoda
juokse	VERB	juosta
juoksee	VERB	juosta
juoksemaan	VERB	juosta
juoksen	VERB	juosta
juoksevaa	ADJ	juokseva
juoksevaa	VERB	juosta
juoksevat	VERB	juosta
juoksi	VERB	juosta
juoksimme	VERB	juosta
juoksin	VERB	juosta
juoksisi	VERB	juosta
juoksukengät	NOUN	juoksu#kenkä
juoksukilpailussa	NOUN	juoksu#kilpailu
juoksulla	NOUN	juoksu
juoksun	NOUN	juoksu
juoksusta	NOUN	juoksu
juoma	VERB	juoda
juomaa	NOUN	juoma
juomaan	VERB	juoda
juomaani	NOUN	juoma
juomaluvan	NOUN	juoma#lupa
juoman	NOUN	juoma
juomansietokyvyllä	NOUN	juoma#sieto#kyky
juomapelin	NOUN	juoma#peli
juomasekoituksen	NOUN	juoma#sekoitus
juomasekoitusta	NOUN	juoma#sekoitus
juomasekoitusten	NOUN	juoma#sekoitus
juomasta	VERB	juoda
juomatta	VERB	juoda
juomia	NOUN	juoma
juomien	NOUN	juoma
juomista	NOUN	juominen
juomisten	NOUN	juominen
juomme	VERB	juoda
juon	VERB	juoda
juonesta	NOUN	juoni
juonipaljastukset	NOUN	juoni#paljastus
juonittelijoina	NOUN	juonittelija
juonittelun	NOUN	juonittelu
juonnu	VERB	juoda
juontuvat	VERB	juontua
juoppojen	ADJ	juoppo
juopuneita	ADJ	juopunut
juoruista	NOUN	juoru
juoruja	NOUN	juoru
juossut	VERB	juosta
juostessani	VERB	juosta
juotavaa	NOUN	juotava
juottokaukalosta	NOUN	juotto#kaukalo
juotu	VERB	juoda
juovat	NOUN	juova
juovat	VERB	juoda
juovuksiij	ADV	juovuksiin
jupiterhan	PROPN	Jupiter
jupiterin	PROPN	Jupiter
jupsun	PROPN	Jupsu
juristi-teologi	NOUN	juristi#teologi
juristiharjoittelijana	NOUN	juristi#harjoittelija
juristintyön	NOUN	juristi#työ
jurrissa	NOUN	jurri
jussikin	NOUN	Jussi
jussille	NOUN	Jussi
jussin	NOUN	Jussi
just	ADV	juuri
justtii	ADV	justiin
justuskin	PROPN	Justus
jutellaan	VERB	jutella
juteltua	VERB	jutella
juttelee	VERB	jutella
jutteleeko	VERB	jutella
juttelemaan	VERB	jutella
juttelit	VERB	jutella
juttua	NOUN	juttu
juttuihin	NOUN	juttu
juttuihisi	NOUN	juttu
juttuja	NOUN	juttu
juttuus	NOUN	juttu
jutuillaan	NOUN	juttu
jutun	NOUN	juttu
jutuntekoon	NOUN	jutun#teko
jutussa	NOUN	juttu
jutusta	NOUN	juttu
jutusteleva	VERB	jutustella
jutustelua	NOUN	jutustelu
jutut	NOUN	juttu
juureen	NOUN	juuri
juurekset	NOUN	juures
juurella	NOUN	juuri
juures	NOUN	juuri
juuret	NOUN	juuri
juurien	NOUN	juuri
juurikaan	ADV	juuri
juuriversoillaan	NOUN	juuri#verso
juurrutettu	VERB	juurruttaa
juustoa	NOUN	juusto
juustokin	NOUN	juusto
juustomaassa	NOUN	juusto#maa
juuston	NOUN	juusto
juustopalloihin	NOUN	juusto#pallo
juustopalloja	NOUN	juusto#pallo
juustopallojen	NOUN	juusto#pallo
juustopallot	NOUN	juusto#pallo
juustoraasteet	NOUN	juusto#raaste
juustoraastetta	NOUN	juusto#raaste
juustorastetta	NOUN	juusto#raaste
juustot	NOUN	juusto
juutalaisten	NOUN	juutalainen
juuttunut	VERB	juuttua
juuttuvat	VERB	juuttua
juvalin	PROPN	Juval
jymy-	PROPN	Jymy
jypiä	PROPN	JyP
jyrisi	VERB	jyristä
jyrkkiin	ADJ	jyrkkä
jyrkkää	ADJ	jyrkkä
jyrkässä	ADJ	jyrkkä
jyrkät	ADJ	jyrkkä
jyrähdykset	NOUN	jyrähdys
jyrähtelevät	VERB	jyrähdellä
jyväskyläläisestä	ADJ	jyväskyläläinen
jyväskyläläisten	ADJ	jyväskyläläinen
jyväskylän	PROPN	Jyväskylä
jyväskylässä	PROPN	Jyväskylä
jyväskylästä	PROPN	Jyväskylä
jähmettyneenä	VERB	jähmettyä
jäi	VERB	jäädä
jäihin	NOUN	jää
jäikin	VERB	jäädä
jäimme	VERB	jäädä
jäin	VERB	jäädä
jäis	VERB	jäädä
jäisessä	ADJ	jäinen
jäisi	VERB	jäädä
jäisivät	VERB	jäädä
jäivät	VERB	jäädä
jäkaapissa	NOUN	jää#kaappi
jäkälistä	NOUN	jäkälä
jäljennöksiä	NOUN	jäljennös
jäljet	NOUN	jälki
jäljiltä	NOUN	jälki
jäljittelee	VERB	jäljitellä
jäljitteleviä	VERB	jäljitellä
jäljittelevässä	VERB	jäljitellä
jälkee	ADP	jälkeen
jälkeenkin	ADP	jälkeen
jälkeenkään	ADP	jälkeen
jälkeensä	ADV	jälkeen
jälkeiseen	ADJ	jälkeinen
jälkeisiin	ADJ	jälkeinen
jälkeisistä	ADJ	jälkeinen
jälkeistä	ADJ	jälkeinen
jälkeläiseltä	NOUN	jälkeläinen
jälkeläisiä	NOUN	jälkeläinen
jälkeläistensä	NOUN	jälkeläinen
jälkensä	NOUN	jälki
jälkiaistimukset	NOUN	jälki#aistimus
jälkimarkkinoilla	NOUN	jälki#markkinat
jälkimmäisen	ADJ	jälkimmäinen
jälkimmäistä	ADJ	jälkimmäinen
jälkimodernissa	ADJ	jälki#moderni
jälkipelit	NOUN	jälki#peli
jälkipolville	NOUN	jälki#polvi
jälkipuoliskolla	NOUN	jälki#puolisko
jälkiruoaksi	NOUN	jälki#ruoka
jälkiruokaan	NOUN	jälki#ruoka
jälkitsunamista	NOUN	jälki#tsunami
jälkiä	NOUN	jälki
jälkkäriksi	NOUN	jälkkäri
jälleenmyydään	VERB	jälleenmyydä
jälleenmyynnin	NOUN	jälleenmyynti
jälleenmyyntiasiakkaiden	NOUN	jälleenmyynti#asiakas
jälleenmyyntihinnat	NOUN	jälleenmyynti#hinta
jälleenmyyntiä	NOUN	jälleenmyynti
jälleenmyyvät	VERB	jälleen#myydä
jämsän	PROPN	Jämsä
jämsänkoskelta	PROPN	Jämsänkoski
jämähtänyt	VERB	jämähtää
jäniksiä	NOUN	jänis
jänistän	VERB	jänistää
jännitettä	NOUN	jännite
jännitteessä	NOUN	jännite
jännitteet	NOUN	jännite
jännittyneenä	VERB	jännittyä
jännittävyydestä	NOUN	jännittävyys
jännittävää	ADJ	jännittävä
jännityksellä	NOUN	jännitys
jännityksestä	NOUN	jännitys
jännää	ADJ	jännä
jäntevää	PROPN	Jäntevä
järeitä	ADJ	järeä
järistyksen	NOUN	järistys
järistyksiä	NOUN	järistys
järistyspotentiaaliltaan	NOUN	järistys#potentiaali
järistysten	NOUN	järistys
järjen	NOUN	järki
järjenvastaisena	ADJ	järjenvastainen
järjestelin	VERB	järjestellä
järjestelmien	NOUN	järjestelmä
järjestelmiin	NOUN	järjestelmä
järjestelmiä	NOUN	järjestelmä
järjestelmäintegraatio-	NOUN	järjestelmä#integraatio
järjestelmällisempää	ADJ	järjestelmällinen
järjestelmällä	NOUN	järjestelmä
järjestelmän	NOUN	järjestelmä
järjestelmässä	NOUN	järjestelmä
järjestelmät	NOUN	järjestelmä
järjestelmää	NOUN	järjestelmä
järjestelmään	NOUN	järjestelmä
järjestelyihin	NOUN	järjestely
järjestelyn	NOUN	järjestely
järjestettiin	VERB	järjestää
järjestetty	VERB	järjestää
järjestettyjä	VERB	järjestää
järjestettyyn	VERB	järjestää
järjestettyä	VERB	järjestää
järjestettävissä	VERB	järjestää
järjestettävä	VERB	järjestää
järjestettävässä	VERB	järjestää
järjestetyssä	VERB	järjestää
järjestetä	VERB	järjestää
järjestetään	VERB	järjestää
järjesti	VERB	järjestää
järjestivät	VERB	järjestää
järjestyi	VERB	järjestyä
järjestyksen	NOUN	järjestys
järjestyksessä	NOUN	järjestys
järjestyksestä	NOUN	järjestys
järjestymättömiä	ADJ	järjestymätön
järjestystä	NOUN	järjestys
järjestysvuorot	NOUN	järjestys#vuoro
järjestäisi	VERB	järjestää
järjestäjien	NOUN	järjestäjä
järjestäjiin	NOUN	järjestäjä
järjestäjät	NOUN	järjestäjä
järjestämiseksi	NOUN	järjestäminen
järjestämiselle	NOUN	järjestäminen
järjestämisestä	NOUN	järjestäminen
järjestämisvastuu	NOUN	järjestää#vastuu
järjestämä	VERB	järjestää
järjestämälle	VERB	järjestää
järjestämällä	VERB	järjestää
järjestämän	VERB	järjestää
järjestämässä	VERB	järjestää
järjestämään	VERB	järjestää
järjestän	VERB	järjestää
järjestäneet	VERB	järjestää
järjestänyt	VERB	järjestää
järjestävät	VERB	järjestää
järjestäytyi	VERB	järjestäytyä
järjestäytymiseen	NOUN	järjestäytyminen
järjestäytyneen	ADJ	järjestäytynyt
järjestäytynyttä	VERB	järjestäytyä
järjestöjen	NOUN	järjestö
järjestölehtipornon	NOUN	järjestö#lehti#porno
järjestön	NOUN	järjestö
järjestössä	NOUN	järjestö
järjestöt	NOUN	järjestö
järjestötoimintaan	NOUN	järjestö#toiminta
järjestöä	NOUN	järjestö
järjettömiä	ADJ	järjetön
järjettömällä	ADJ	järjetön
järjettömän	ADJ	järjetön
järkeen	NOUN	järki
järkeenkäypää	ADJ	järkeenkäypä
järkestetty	VERB	järjestää
järkevää	ADJ	järkevä
järkeä	NOUN	järki
järkkyy	VERB	järkkyä
järkkärikin	NOUN	järkkäri
järkyttyneenä	VERB	järkyttyä
järkyttävää	ADJ	järkyttävä
järkytyin	VERB	järkyttyä
järkytykseni	NOUN	järkytys
järnefeltin	PROPN	Järnefelt
järnstångenilta	PROPN	Järnstången
järntorgetia	PROPN	Järntorget
järntorgetilla	PROPN	Järntorget
järvelle	NOUN	järvi
järven	NOUN	järvi
järven	PROPN	Järvi
järvenselkää	NOUN	järven#selkä
järvenselällä	NOUN	järven#selkä
järveä	NOUN	järvi
järvikyästä	PROPN	Järvikylä
järvissä	NOUN	järvi
jäseneksi	NOUN	jäsen
jäseneltä	NOUN	jäsen
jäsenen	NOUN	jäsen
jäsenenä	NOUN	jäsen
jäsenet	NOUN	jäsen
jäsenieni	NOUN	jäsen
jäseniin	NOUN	jäsen
jäsenille	NOUN	jäsen
jäsenilleen	NOUN	jäsen
jäseniltä	NOUN	jäsen
jäsenistä	NOUN	jäsen
jäsenistölle	NOUN	jäsenistö
jäseniä	NOUN	jäsen
jäsenjärjestöjen	NOUN	jäsen#järjestö
jäsenjärjestölle	NOUN	jäsen#järjestö
jäsenjärjestöllä	NOUN	jäsen#järjestö
jäsenliittoineen	NOUN	jäsen#liitto
jäsenmaat	NOUN	jäsen#maa
jäsenmaiden	NOUN	jäsen#maa
jäsenmaksujen	NOUN	jäsen#maksu
jäsenmäärästä	NOUN	jäsen#määrä
jäsenten	NOUN	jäsen
jäsentymättömiä	ADJ	jäsentymätön
jäsentyneeseen	VERB	jäsentyä
jäsentä	NOUN	jäsen
jäsenvaltioidemme	NOUN	jäsen#valtio
jäsenvaltioiden	NOUN	jäsen#valtio
jäsenvaltioihin	NOUN	jäsen#valtio
jäsenvaltioiksi	NOUN	jäsen#valtio
jäsenvaltioilla	NOUN	jäsen#valtio
jäsenvaltioille	NOUN	jäsen#valtio
jäsenvaltioissa	NOUN	jäsen#valtio
jäsenvaltioissakin	NOUN	jäsen#valtio
jäsenvaltioista	NOUN	jäsen#valtio
jäsenvaltioita	NOUN	jäsen#valtio
jäsenvaltiolla	NOUN	jäsen#valtio
jäsenvaltiolle	NOUN	jäsen#valtio
jäsenvaltion	NOUN	jäsen#valtio
jäsenvaltioon	NOUN	jäsen#valtio
jäsenvaltiossa	NOUN	jäsen#valtio
jäsenvaltiosta	NOUN	jäsen#valtio
jäsenvaltiot	NOUN	jäsen#valtio
jäsenvaltiota	NOUN	jäsen#valtio
jäsenvaltiotason	NOUN	jäsen#valtio#taso
jäsenyrityksilleen	NOUN	jäsen#yritys
jäsenyyden	NOUN	jäsenyys
jäsenyydestä	NOUN	jäsenyys
jäsenyysvelvoitteiden	NOUN	jäsenyys#velvoite
jäsenyyteen	NOUN	jäsenyys
jäsenyyttä	NOUN	jäsenyys
jätekuljetuksilla	NOUN	jäte#kuljetus
jätepaperia	NOUN	jäte#paperi
jätepisteellä	NOUN	jäte#piste
jätettiin	VERB	jättää
jätetty	VERB	jättää
jätettyjen	VERB	jättää
jätettyä	VERB	jättää
jätettyämme	VERB	jättää
jätettäköön	VERB	jättää
jätettävä	VERB	jättää
jätetyllä	NOUN	jätetty
jätetään	VERB	jättää
jätevesikentän	NOUN	jäte#vesi#kenttä
jätevesiä	NOUN	jäte#vesi
jätin	VERB	jättää
jätkämiesten	NOUN	jätkä#mies
jätteen	NOUN	jäte
jätteenkäsittelystä	NOUN	jätteen#käsittely
jätti	VERB	jättää
jättikin	VERB	jättää
jättiläissakot	NOUN	jättiläis#sakko
jättimäiseen	ADJ	jättimäinen
jättimäisestä	ADJ	jättimäinen
jättimäisten	ADJ	jättimäinen
jättivät	VERB	jättää
jättäen	VERB	jättää
jättäessäni	VERB	jättää
jättäisi	VERB	jättää
jättämisellä	NOUN	jättäminen
jättämisen	NOUN	jättäminen
jättämisestä	NOUN	jättäminen
jättämistä	NOUN	jättäminen
jättämällä	VERB	jättää
jättämään	VERB	jättää
jättänyt	VERB	jättää
jättävät	VERB	jättää
jätä	VERB	jättää
jätän	VERB	jättää
jätökset	NOUN	jätös
jäykkää	ADJ	jäykkä
jäykät	ADJ	jäykkä
jäynän	NOUN	jäynä
jäynättiin	VERB	jäynätä
jäynäämisen	NOUN	jäynääminen
jäynäämisestä	NOUN	jäynääminen
jää	VERB	jäädä
jäädessä	VERB	jäädä
jäädyin	VERB	jäätyä
jäädyttänyt	VERB	jäädyttää
jäädään	VERB	jäädä
jäähallia	NOUN	jää#halli
jäähdyttimeen	NOUN	jäähdytin
jäähtyneeseen	VERB	jäähtyä
jäähtyneinä	VERB	jäähtyä
jäähyjä	NOUN	jäähy
jääkaapin	NOUN	jää#kaappi
jääkaapissa	NOUN	jää#kaappi
jääkaappiin	NOUN	jää#kaappi
jääkaappini	NOUN	jää#kaappi
jääkapissa	NOUN	jää#kaappi
jääkarhuja	NOUN	jää#karhu
jääkiekko-ottelussa	NOUN	jää#kiekko#ottelu
jääkiekkokaukaloa	NOUN	jää#kiekko#kaukalo
jääkiekkoliigassa	NOUN	jää#kiekko#liiga
jääkiekkomailojen	NOUN	jää#kiekko#maila
jääkiekon	NOUN	jää#kiekko
jääkiekosta	NOUN	jää#kiekko
jääkylmää	ADJ	jää#kylmä
jääkäridivisioonassa	NOUN	jääkäri#divisioona
jääkärirykmentissä	NOUN	jääkäri#rykmentti
jäällä	NOUN	jää
jäämerelle	NOUN	jää#meri
jäämien	NOUN	jäämä
jäämille	NOUN	jäämä
jäämistöäni	NOUN	jäämistö
jäämiä	NOUN	jäämä
jäämän	NOUN	jäämä
jäämässä	VERB	jäädä
jään	NOUN	jää
jään	VERB	jäädä
jääneen	VERB	jäädä
jääneensä	VERB	jäädä
jääneet	VERB	jäädä
jäännökset	NOUN	jäännös
jäännöskustannuksista	NOUN	jäännös#kustannus
jäänteet	NOUN	jäänne
jäänteitä	NOUN	jäänne
jääntiä	NOUN	jäänti
jääny	VERB	jäädä
jäänyt	VERB	jäädä
jäänyttä	VERB	jäädä
jääsalaattia	NOUN	jää#salaatti
jääskeläisen	PROPN	Jääskeläinen
jäässä	NOUN	jää
jäätelökioskille	NOUN	jäätelö#kioski
jäätelöä	NOUN	jäätelö
jäättekö	VERB	jäädä
jäätynyttä	ADJ	jäätynyt
jäätyy	VERB	jäätyä
jäätyä	VERB	jäädä
jäätä	NOUN	jää
jäätävistä	ADJ	jäätävä
jäävinä	VERB	jäädä
jääviysongelmia	NOUN	jääviys#ongelma
jäävä	VERB	jäädä
jäävän	VERB	jäädä
jäävät	VERB	jäädä
k	SCONJ	kun
k-19	PROPN	K#19
k:n	PROPN	K
kaa	ADP	kanssa
kaada	VERB	kaataa
kaadattavat	VERB	kaadattaa
kaadu	VERB	kaatua
kaadumme	VERB	kaatua
kaadun	VERB	kaatua
kaahamaan	VERB	kaahata
kaahasi	VERB	kaahata
kaakaon	NOUN	kaakao
kaakkois-aasian	PROPN	Kaakkois-Aasia
kaakkois-aasiassa	PROPN	Kaakkois-Aasia
kaakkois-ranskassa	PROPN	Kaakkois-Ranska
kaakkois-sulawesin	PROPN	Kaakkois-Sulawesi
kaakkois-turkin	PROPN	Kaakkois-Turkki
kaakkoisosassa	NOUN	kaakkois#osa
kaaliini	NOUN	kaali
kaanikunnan	NOUN	kaani#kunta
kaanikuntien	NOUN	kaani#kunta
kaaokseen	NOUN	kaaos
kaaokselle	NOUN	kaaos
kaaoksen	NOUN	kaaos
kaaoksessa	NOUN	kaaos
kaaoksesta	NOUN	kaaos
kaaosmaisia	ADJ	kaaosmainen
kaaosrintamalta	NOUN	kaaos#rintama
kaaosta	NOUN	kaaos
kaapeista	NOUN	kaappi
kaapeleilla	NOUN	kaapeli
kaapelin	NOUN	kaapeli
kaapelit	NOUN	kaapeli
kaapelitelevisioverkkoon	NOUN	kaapeli#televisio#verkko
kaapista	NOUN	kaappi
kaappaajan	NOUN	kaappaaja
kaappaamme	VERB	kaapata
kaappasi	VERB	kaapata
kaappasivat	VERB	kaapata
kaappauksen	NOUN	kaappaus
kaappauksesta	NOUN	kaappaus
kaappiin	NOUN	kaappi
kaapuun	NOUN	kaapu
kaarlen	PROPN	Kaarle
kaarnalaivoja	NOUN	kaarna#laiva
kaarteeseen	NOUN	kaarre
kaarteli	VERB	kaarrella
kaartuivat	VERB	kaartua
kaasukehän	NOUN	kaasu#kehä
kaasukehään	NOUN	kaasu#kehä
kaasun	NOUN	kaasu
kaasupolkimen	NOUN	kaasu#poljin
kaasusta	NOUN	kaasu
kaasuttelin	VERB	kaasutella
kaasuyhtiön	NOUN	kaasu#yhtiö
kaataisin	VERB	kaataa
kaatajaisiin	NOUN	kaatajaiset
kaatamalla	VERB	kaataa
kaatoi	VERB	kaataa
kaatoivat	VERB	kaataa
kaatopaikalle	NOUN	kaato#paikka
kaatui	VERB	kaatua
kaatumaisillaan	VERB	kaatua
kaatumiseen	NOUN	kaatuminen
kaatuneen	VERB	kaatua
kaatuneiden	VERB	kaatua
kaatuneita	VERB	kaatua
kaatuu	VERB	kaatua
kaatuvan	VERB	kaatua
kaavaillessa	VERB	kaavailla
kaavakkeita	NOUN	kaavake
kaavilla	PROPN	Kaavi
kaavion	NOUN	kaavio
kaaviossa	NOUN	kaavio
kaaviosta	NOUN	kaavio
kaavoitustyöhön	NOUN	kaavoitus#työ
kaavu	VERB	kaatua
kaavui	VERB	kaatua
kabineteissa	NOUN	kabinetti
kabotaasiin	NOUN	kabotaasi
kadehdittavaa	ADJ	kadehdittava
kadonneeksi	VERB	kadota
kadonneen	VERB	kadota
kadonneesta	VERB	kadota
kadonneet	VERB	kadota
kadonneista	NOUN	kadonnut
kadonnut	VERB	kadota
kadotaksesi	VERB	kadota
kadotessa	VERB	kadota
kadotin	VERB	kadottaa
kadottamaan	VERB	kadottaa
kadotusta	NOUN	kadotus
kadu	VERB	katua
kaduilla	NOUN	katu
kaduille	NOUN	katu
kaduksi	NOUN	katu
kadulla	NOUN	katu
kadulle	NOUN	katu
kadumme	VERB	katua
kadusta	NOUN	katu
kadut	NOUN	katu
kahdeksaan	NUM	kahdeksan
kahdeksalla	NUM	kahdeksan
kahdeksalta	NUM	kahdeksan
kahdeksanvuotiaalle	ADJ	kahdeksanvuotias
kahdeksassa	NUM	kahdeksan
kahdeksikkoa	NOUN	kahdeksikko
kahdeksikkoja	NOUN	kahdeksikko
kahdella	NUM	kaksi
kahdelle	NUM	kaksi
kahdelta	NUM	kaksi
kahden	NUM	kaksi
kahdenkeskisen	ADJ	kahdenkeskinen
kahdenkeskisiä	ADJ	kahdenkeskinen
kahdenkymmenen	NUM	kaksi#kymmenen
kahdentoista	NUM	kaksi#toista
kahdenväliset	ADJ	kahdenvälinen
kahdenvälisillä	ADJ	kahdenvälinen
kahdenvälisten	ADJ	kahdenvälinen
kahdessa	NUM	kaksi
kahdesta	NUM	kaksi
kahdestakymmenestä	NUM	kaksi#kymmenen
kahdet	NUM	kaksi
kahdettatoista	ADJ	kahdes#toista
kahinaa	NOUN	kahina
kahisee	VERB	kahista
kahisevia	ADJ	kahiseva
kahlaajalinnun	NOUN	kahlaaja#lintu
kahlaavatko	VERB	kahlata
kahlehdittu	VERB	kahlehtia
kahleista	NOUN	kahle
kahlitsevia	ADJ	kahlitseva
kahlitsivat	VERB	kahlita
kahta	NUM	kaksi
kahtatoista	NUM	kaksi#toista
kahteen	NUM	kaksi
kahteenkyt	NUM	kaksi#kymmenen
kahtena	NUM	kaksi
kahtiajaon	NOUN	kahtiajako
kahvasta	NOUN	kahva
kahvat	NOUN	kahva
kahveelle	NOUN	kahvi
kahvia	NOUN	kahvi
kahvikupissa	NOUN	kahvi#kuppi
kahvilaan	NOUN	kahvila
kahvilan	NOUN	kahvila
kahvilla	NOUN	kahvi
kahville	NOUN	kahvi
kahviloissa	NOUN	kahvila
kahviloita	NOUN	kahvila
kahvin	NOUN	kahvi
kahvinkeittimen	NOUN	kahvin#keitin
kahvinsa	NOUN	kahvi
kahviossa	NOUN	kahvio
kahviosta	NOUN	kahvio
kahvipöydissä	NOUN	kahvi#pöytä
kahvit	NOUN	kahvi
kaidetta	NOUN	kaide
kaihertava	VERB	kaihertaa
kaijan	PROPN	Kaija
kaijasillalla	PROPN	Kaijasilta
kaijasillan	PROPN	Kaijasilta
kaijasillasta	PROPN	Kaijasilta
kaijasiltaan	PROPN	Kaijasilta
kaijonharjulle	PROPN	Kaijonharju
kaikella	PRON	kaikki
kaikelle	PRON	kaikki
kaiken	PRON	kaikki
kaikenikäisille	ADJ	kaiken#ikäinen
kaikenlaiset	ADJ	kaikenlainen
kaikenlaisia	ADJ	kaikenlainen
kaikenlaista	ADJ	kaikenlainen
kaikenlaisten	ADJ	kaikenlainen
kaikenpuoliseen	ADJ	kaikenpuolinen
kaikentyyppisiin	ADJ	kaikentyyppinen
kaikentyyppisiä	ADJ	kaikentyyppinen
kaikessa	PRON	kaikki
kaikesta	PRON	kaikki
kaikilla	PRON	kaikki
kaikille	PRON	kaikki
kaikilta	PRON	kaikki
kaikin	PRON	kaikki
kaikissa	PRON	kaikki
kaikista	PRON	kaikki
kaikkea	PRON	kaikki
kaikkee	PRON	kaikki
kaikkeen	PRON	kaikki
kaikkemme	PRON	kaikki
kaikkeudessa	NOUN	kaikkeus
kaikkeuteen	NOUN	kaikkeus
kaikkia	PRON	kaikki
kaikkien	PRON	kaikki
kaikkihan	PRON	kaikki
kaikkiin	PRON	kaikki
kaikkine	PRON	kaikki
kaikui	VERB	kaikua
kaikuisi	VERB	kaikua
kaikuja	NOUN	kaiku
kaikuu	VERB	kaikua
kaimansa	NOUN	kaima
kainaloihin	NOUN	kainalo
kainalopaikan	NOUN	kainalo#paikka
kainuun	PROPN	Kainuu
kainuussa	PROPN	Kainuu
kaipaa	VERB	kaivata
kaipaamaan	VERB	kaivata
kaipaamaansa	VERB	kaivata
kaipaaman	VERB	kaivata
kaipaamme	VERB	kaivata
kaipaan	VERB	kaivata
kaipaavan	VERB	kaivata
kaipaaville	NOUN	kaipaava
kaipaisi	VERB	kaivata
kaipaisivat	VERB	kaivata
kaipasitko	VERB	kaivata
kaipasivat	VERB	kaivata
kaipuun	NOUN	kaipuu
kaipuuta	NOUN	kaipuu
kaipuutamme	NOUN	kaipuu
kairossa	PROPN	Kairo
kairosta	PROPN	Kairo
kaistaa	NOUN	kaista
kaistalleen	NOUN	kaista
kaistanleveydestä	NOUN	kaista#leveys
kaistasta	NOUN	kaista
kaistoilla	NOUN	kaista
kaiteelle	NOUN	kaide
kaivamaan	VERB	kaivaa
kaivanneet	VERB	kaivata
kaivataan	VERB	kaivata
kaivattiin	VERB	kaivata
kaivattuja	VERB	kaivata
kaivauksia	NOUN	kaivaus
kaivauksista	NOUN	kaivaus
kaiverrettuja	VERB	kaivertaa
kaivertamaan	VERB	kaivertaa
kaivettu	VERB	kaivaa
kaivetusta	VERB	kaivaa
kaivoa	NOUN	kaivo
kaivoi	VERB	kaivaa
kaivoksen	NOUN	kaivos
kaivoshuoltajan	NOUN	kaivos#huoltaja
kaivossa	NOUN	kaivo
kajaanin	PROPN	Kajaani
kajaaninjoella	PROPN	Kajaaninjoki
kajaaninjoen	PROPN	Kajaaninjoki
kakhetiin	PROPN	Kakhet
kakhetin	PROPN	Kakhet
kakhetissa	PROPN	Kakhet
kakisteli	VERB	kakistella
kakkaa	NOUN	kakka
kakkaakin	NOUN	kakka
kakkoisosaa	NOUN	kaakkois#osa
kakkoseen	NOUN	kakkonen
kakkoseksi	NOUN	kakkonen
kakkosen	NOUN	kakkonen
kakkosessa	NOUN	kakkonen
kakkosluokkalaisille	NOUN	kakkos#luokkalainen
kakkossijaa	NOUN	kakkos#sija
kakkostähdistöön	NOUN	kakkos#tähdistö
kakkuun	NOUN	kakku
kakluuniin	NOUN	kakluuni
kaks	NUM	kaksi
kaksi-	NUM	kaksi
kaksiin	NUM	kaksi
kaksikerroksiseen	ADJ	kaksikerroksinen
kaksikymmentä	NUM	kaksi#kymmenen
kaksikymmentäseitsemän	NUM	kaksi#kymmenen#seitsemän
kaksikymmentätuhatta	NUM	kaksi#kymmenen#tuhat
kaksikymmentäviisi	NUM	kaksi#kymmenen#viisi
kaksin	NUM	kaksi
kaksinkertaiselle	ADJ	kaksin#kertainen
kaksinkertaisen	ADJ	kaksinkertainen
kaksinkertaisti	VERB	kaksinkertaistaa
kaksinkertaistui	VERB	kaksin#kertaistua
kaksinkertaistunut	VERB	kaksinkertaistua
kaksinpelissä	NOUN	kaksinpeli
kaksipäiväiseksi	ADJ	kaksipäiväinen
kaksisataa	NUM	kaksi#sata
kaksisuuntaisen	ADJ	kaksi#suuntainen
kaksivuotiaana	NOUN	kaksi#vuotias
kaksiväristä	ADJ	kaksivärinen
kakskytvaille	ADV	kaksi#kymmenen#vaille
kaksoistaantumasta	NOUN	kaksois#taantuma
kaksoistorneihin	NOUN	kaksois#torni
kaksoisveljeni	NOUN	kaksois#veli
kaksoset	NOUN	kaksonen
kakssattoo	NUM	kaksi#sata
kakun	NOUN	kakku
kakussa	NOUN	kakku
kakustaan	NOUN	kakku
kakut	NOUN	kakku
kalaa	NOUN	kala
kalakannat	NOUN	kala#kanta
kalakantoja	NOUN	kala#kanta
kalan	NOUN	kala
kalapiirakkaa	NOUN	kala#piirakka
kalaruoalle	NOUN	kala#ruoka
kalastajia	NOUN	kalastaja
kalastamaan	VERB	kalastaa
kalastamasta	VERB	kalastaa
kalastukseen	NOUN	kalastus
kalastukselle	NOUN	kalastus
kalastuksen	NOUN	kalastus
kalastuksenvalvojat	NOUN	kalastus#valvoja
kalastuslainsäädäntöä	NOUN	kalastus#lain#säädäntö
kalastuspolitiikkaa	NOUN	kalastus#politiikka
kalat	NOUN	kala
kalatalousvaliokunnassa	NOUN	kala#talous#valio#kunta
kalataudin	NOUN	kala#tauti
kalenterin	NOUN	kalenteri
kalenterit	NOUN	kalenteri
kalevaa	PROPN	Kaleva
kalevan	PROPN	Kaleva
kalibroinnin	NOUN	kalibrointi
kalifaatin	NOUN	kalifaatti
kalifaatista	NOUN	kalifaatti
kaliforniaan	PROPN	Kalifornia
kalifornian	PROPN	Kalifornia
kaliforniassa	PROPN	Kalifornia
kaliiperin	NOUN	kaliiperi
kaljaa	NOUN	kalja
kaljakorien	NOUN	kalja#kori
kaljamahaksi	NOUN	kalja#maha
kaljan	NOUN	kalja
kaljanhimosta	NOUN	kaljan#himo
kaljanjuonnista	NOUN	kalja#juonti
kaljapullon	NOUN	kalja#pullo
kaljassa	NOUN	kalja
kaljat	NOUN	kalja
kaljatelttoineen	NOUN	kalja#teltta
kaljulla	ADJ	kalju
kaljun	NOUN	kalju
kalkkikiviluolissa	NOUN	kalkki#kivi#luola
kalleimpia	ADJ	kallis
kalliiksi	ADJ	kallis
kalliilla	ADJ	kallis
kalliimpia	ADJ	kallis
kalliiseen	ADJ	kallis
kalliista	ADJ	kallis
kalliisti	ADV	kallis
kalliita	ADJ	kallis
kallio-	NOUN	kallio
kallioilta	NOUN	kallio
kalliolan	PROPN	Kalliola
kalliomännikköisen	ADJ	kallio#männikköinen
kallion	NOUN	kallio
kalliot	NOUN	kallio
kalliovuorille	PROPN	Kallio#vuoret
kallisarvoisen	ADJ	kallis#arvoinen
kallista	ADJ	kallis
kallistui	VERB	kallistua
kallistumista	NOUN	kallistuminen
kallistunut	VERB	kallistua
kallonmuoto	NOUN	kallo#muoto
kaloja	NOUN	kala
kalojen	NOUN	kala
kalpan	PROPN	KalPa
kalpenivat	VERB	kalveta
kaltaiseen	ADJ	kaltainen
kaltaiseksi	ADJ	kaltainen
kaltaisella	ADJ	kaltainen
kaltaisen	ADJ	kaltainen
kaltaiseni	ADJ	kaltainen
kaltaisesta	ADJ	kaltainen
kaltaiset	ADJ	kaltainen
kaltaista	ADJ	kaltainen
kalua	NOUN	kalu
kalustettu	VERB	kalustaa
kalustoa	NOUN	kalusto
kaluston	NOUN	kalusto
kalvavaa	ADJ	kalvava
kalvoista	NOUN	kalvo
kalvolan	PROPN	Kalvola
kamaa	NOUN	kama
kamalaa	ADJ	kamala
kamaraan	NOUN	kamara
kamaralla	NOUN	kamara
kamaralle	NOUN	kamara
kamaralta	NOUN	kamara
kamarikollegiolle	NOUN	kamari#kollegio
kambodžassa	PROPN	Kambodža
kamera-	NOUN	kamera
kameraa	NOUN	kamera
kameraan	NOUN	kamera
kameralle	NOUN	kamera
kameran	NOUN	kamera
kamerassa	NOUN	kamera
kamerasta	NOUN	kamera
kameroilla	NOUN	kamera
kammionsa	NOUN	kammio
kammioon	NOUN	kammio
kammioonsa	NOUN	kammio
kamooon	INTJ	kamoon
kampanjajulisteisiin	NOUN	kampanja#juliste
kampanjan	NOUN	kampanja
kampanjoita	NOUN	kampanja
kampasi	VERB	kammata
kampesi	VERB	kammeta
kampeutui	VERB	kampeutua
kamppailee	VERB	kamppailla
kamppaillut	VERB	kamppailla
kamppailtava	VERB	kamppailla
kamppailtiin	VERB	kamppailla
kamppailuaan	NOUN	kamppailu
kamppailuja	NOUN	kamppailu
kamppein	NOUN	kamppeet
kampylobakteerien	NOUN	kampylo#bakteeri
kamtshatkan	PROPN	Kamtshatka
kanadaan	PROPN	Kanada
kanadalaisen	ADJ	kanadalainen
kanadalaiset	NOUN	kanadalainen
kanadan	PROPN	Kanada
kanadassa	PROPN	Kanada
kananmunien	NOUN	kanan#muna
kananmunista	NOUN	kanan#muna
kanarian-matka	NOUN	Kanarian#matka
kanariansaariin	PROPN	Kanariansaaret
kanavaa	NOUN	kanava
kanavansa	NOUN	kanava
kanavapaketista	NOUN	kanava#paketti
kanavarkaiden	NOUN	kana#varas
kanavat	NOUN	kanava
kanavoitaisiin	VERB	kanavoida
kandidaattiin	NOUN	kandidaatti
kanelille	NOUN	kaneli
kanelin	NOUN	kaneli
kangassirkkaa	NOUN	kangas#sirkka
kangastuksenomaisia	ADJ	kangastus#omainen
kangastuksiksi	NOUN	kangastus
kanisterillisia	NOUN	kanisterillinen
kanisterin	NOUN	kanisteri
kankaalla	NOUN	kangas
kankaanpään	PROPN	Kankaanpää
kankaiset	ADJ	kankainen
kankeampi	ADJ	kankea
kankeampina	ADJ	kankea
kankeana	ADJ	kankea
kannalla	NOUN	kanta
kannalle	NOUN	kanta
kannalta	NOUN	kanta
kannan	NOUN	kanta
kannassa	NOUN	kanta
kannasta	NOUN	kanta
kannat	NOUN	kanta
kannata	VERB	kannattaa
kannatamme	VERB	kannattaa
kannatan	VERB	kannattaa
kannatankin	VERB	kannattaa
kannatat	VERB	kannattaa
kannatatko	VERB	kannattaa
kannatin	VERB	kannattaa
kannattaako	VERB	kannattaa
kannattaisi	VERB	kannattaa
kannattajansa	NOUN	kannattaja
kannattajat	NOUN	kannattaja
kannattajien	NOUN	kannattaja
kannattamaan	VERB	kannattaa
kannattanut	VERB	kannattaa
kannattavansa	VERB	kannattaa
kannattavia	VERB	kannattaa
kannatti	VERB	kannattaa
kannattivat	VERB	kannattaa
kannatuksen	NOUN	kannatus
kannatuksensa	NOUN	kannatus
kannatusta	NOUN	kannatus
kannatusvaijereita	NOUN	kannatus#vaijeri
kannelle	NOUN	kansi
kannen	NOUN	kansi
kannenalaista	ADJ	kansi#alainen
kannettavan	ADJ	kannettava
kannettiin	VERB	kantaa
kannettu	VERB	kantaa
kannettujen	VERB	kantaa
kannoillaan	NOUN	kanta
kannustamisesta	NOUN	kannustaminen
kannustamme	VERB	kannustaa
kannustavan	VERB	kannustaa
kannustetaan	VERB	kannustaa
kannustimien	NOUN	kannustin
kannustimilla	NOUN	kannustin
kanonisen	ADJ	kanoninen
kans	ADV	kanssa
kansaa	NOUN	kansa
kansainliiton	PROPN	Kansainliitto
kansainväliseen	ADJ	kansain#välinen
kansainvälisen	ADJ	kansain#välinen
kansainvälisenä	ADJ	kansain#välinen
kansainvälisessä	ADJ	kansain#välinen
kansainvälisestä	ADJ	kansain#välinen
kansainväliset	ADJ	kansain#välinen
kansainvälisiin	ADJ	kansain#välinen
kansainvälisillä	ADJ	kansain#välinen
kansainvälisin	ADJ	kansain#välinen
kansainvälisissä	ADJ	kansain#välinen
kansainvälisistä	ADJ	kansain#välinen
kansainvälisiä	ADJ	kansain#välinen
kansainvälisten	ADJ	kansain#välinen
kansainvälistä	ADJ	kansain#välinen
kansainvälistämiseen	NOUN	kansainvälistäminen
kansainvälistämisessä	NOUN	kansainvälistäminen
kansakoulua	NOUN	kansa#koulu
kansakoulussa	NOUN	kansa#koulu
kansakuntien	NOUN	kansa#kunta
kansakuntiin	NOUN	kansa#kunta
kansalais-	NOUN	kansalainen
kansalaisen	NOUN	kansalainen
kansalaiset	NOUN	kansalainen
kansalaisetkin	NOUN	kansalainen
kansalaisia	NOUN	kansalainen
kansalaisiin	NOUN	kansalainen
kansalaisilla	NOUN	kansalainen
kansalaisille	NOUN	kansalainen
kansalaisilleen	NOUN	kansalainen
kansalaisillemme	NOUN	kansalainen
kansalaisina	NOUN	kansalainen
kansalaisista	NOUN	kansalainen
kansalaissodan	NOUN	kansalais#sota
kansalaistemme	NOUN	kansalainen
kansalaisten	NOUN	kansalainen
kansalaistiedon	NOUN	kansalais#tieto
kansalaistoiminnan	NOUN	kansalais#toiminta
kansalaisuuden	NOUN	kansalaisuus
kansalle	NOUN	kansa
kansallisarkistossa	PROPN	Kansallis#arkisto
kansalliseen	ADJ	kansallinen
kansallisella	ADJ	kansallinen
kansalliselle	ADJ	kansallinen
kansallisen	ADJ	kansallinen
kansallisessa	ADJ	kansallinen
kansalliset	ADJ	kansallinen
kansallishymniin	NOUN	kansallis#hymni
kansallishymnin	NOUN	kansallis#hymni
kansallishymniä	NOUN	kansallis#hymni
kansallisia	ADJ	kansallinen
kansallisilla	ADJ	kansallinen
kansallisille	ADJ	kansallinen
kansallisilta	ADJ	kansallinen
kansallisissa	ADJ	kansallinen
kansallisista	ADJ	kansallinen
kansalliskokouksesta	NOUN	kansallis#kokous
kansallispuiston	NOUN	kansallis#puisto
kansallispäiväänsä	NOUN	kansallis#päivä
kansallista	ADJ	kansallinen
kansallisten	ADJ	kansallinen
kansallistettu	VERB	kansallistaa
kansallisuuden	NOUN	kansallisuus
kansallisuuksia	NOUN	kansallisuus
kansallisuutta	NOUN	kansallisuus
kansallisvaltioiden	NOUN	kansallis#valtio
kansallisvaltiot	NOUN	kansallis#valtio
kansan	NOUN	kansa
kansanedustajana	NOUN	kansan#edustaja
kansanedustajuuttaan	NOUN	kansa#edustajuus
kansankulttuurien	NOUN	kansan#kulttuuri
kansanluokkien	NOUN	kansan#luokka
kansanluonnetta	NOUN	kansan#luonne
kansannousun	NOUN	kansan#nousu
kansanomaisine	ADJ	kansan#omainen
kansanosalla	NOUN	kansan#osa
kansanpuisto	NOUN	kansa#puisto
kansanpuolueen	NOUN	kansan#puolue
kansanrunoutta	NOUN	kansan#runous
kansantaiteessa	NOUN	kansan#taide
kansantajuistamisen	NOUN	kansantajuistaminen
kansantaloudelle	NOUN	kansan#talous
kansantalouden	NOUN	kansan#talous
kansantaloudesta	NOUN	kansan#talous
kansantaloutta	NOUN	kansan#talous
kansantasavallan	NOUN	kansan#tasa#valta
kansantasavaltaan	NOUN	kansan#tasa#valta
kansanterveydenkin	NOUN	kansan#terveys
kansanterveysriskin	NOUN	kansa#terveys#riski
kansantuotteen	NOUN	kansan#tuote
kansanvälistä	ADJ	kansa#välinen
kansanäänestyksen	NOUN	kansan#äänestys
kansanäänestyksessä	NOUN	kansan#äänestys
kansasin	PROPN	Kansas
kansasta	NOUN	kansa
kansat	NOUN	kansa
kansatieteen	NOUN	kansa#tiede
kansien	NOUN	kansi
kansitekstit	NOUN	kansi#teksti
kansleriksi	NOUN	kansleri
kansliaan	NOUN	kanslia
kansoillaan	NOUN	kansa
kansoille	NOUN	kansa
kansoillemme	NOUN	kansa
kansoittamaan	VERB	kansoittaa
kansojen	NOUN	kansa
kanssa-	ADP	kanssa
kanssaan	ADP	kanssa
kanssaan	ADV	kanssa
kanssahallitsijana	NOUN	kanssa#hallitsija
kanssaihmistemme	NOUN	kanssaihminen
kanssamatkustajien	NOUN	kanssamatkustaja
kanssani	ADV	kanssa
kanssanne	ADV	kanssa
kanssaopiskelijat	NOUN	kanssa#opiskelija
kanssas	ADP	kanssa
kanssasi	ADP	kanssa
kanssasi	ADV	kanssa
kanssasyöjän	NOUN	kanssasyöjä
kanta-	NOUN	kanta
kanta-asiakaskortteja	NOUN	kanta#asiakas#kortti
kanta-asiakaskortti	NOUN	kanta#asiakas#kortti
kanta-hämeessä	PROPN	Kanta#Häme
kanta-tampellan	PROPN	Kanta-Tampella
kantaa	NOUN	kanta
kantaakseen	VERB	kantaa
kantaan	NOUN	kanta
kantaansa	NOUN	kanta
kantaaottavasta	ADJ	kantaa#ottava
kantakapakassa	NOUN	kanta#kapakka
kantamisesta	NOUN	kantaminen
kantamukset	NOUN	kantamus
kantani	NOUN	kanta
kantansa	NOUN	kanta
kantapäiden	NOUN	kanta#pää
kantapäät	NOUN	kanta#pää
kantatiedoista	NOUN	kanta#tieto
kantatietoina	NOUN	kanta#tieto
kantatietojen	NOUN	kanta#tieto
kantavat	VERB	kantaa
kanteen	NOUN	kansi
kantilta	NOUN	kantti
kantoivat	VERB	kantaa
kantojen	NOUN	kanta
kantonivaaleissa	NOUN	kantoni#vaalit
kantta	NOUN	kansi
kapakasta	NOUN	kapakka
kapasiteetin	NOUN	kapasiteetti
kapeaa	ADJ	kapea
kapealta	ADJ	kapea
kapeat	ADJ	kapea
kapeiden	ADJ	kapea
kapein	ADJ	kapea
kapeudesta	NOUN	kapeus
kapinaa	NOUN	kapina
kapinaan	NOUN	kapina
kapinaikänsä	NOUN	kapina#ikä
kapinaliiton	NOUN	kapina#liitto
kapinalliset	ADJ	kapinallinen
kapinallisia	NOUN	kapinallinen
kapinan	NOUN	kapina
kapinasta	NOUN	kapina
kapinoi	VERB	kapinoida
kapitalismin	NOUN	kapitalismi
kapitalistiset	ADJ	kapitalistinen
kapitin	PROPN	Kapit
kappadokiaan	PROPN	Kappadokia
kappadokialaisista	NOUN	kappadokialainen
kappadokian	PROPN	Kappadokia
kappadokiasta	PROPN	Kappadokia
kappale-esittelyt	NOUN	kappale#esittely
kappaleella	NOUN	kappale
kappaleelta	NOUN	kappale
kappaleen	NOUN	kappale
kappaleensa	NOUN	kappale
kappaleeseen	NOUN	kappale
kappaleessa	NOUN	kappale
kappaleesta	NOUN	kappale
kappaleet	NOUN	kappale
kappalehintaa	NOUN	kappale#hinta
kappaleiden	NOUN	kappale
kappaleihin	NOUN	kappale
kappaleiksi	NOUN	kappale
kappaleissa	NOUN	kappale
kappaleista	NOUN	kappale
kappaleita	NOUN	kappale
kappalemäärät	NOUN	kappale#määrä
kappaletavarasatamissa	NOUN	kappale#tavara#satama
kappaletta	NOUN	kappale
kapselissa	NOUN	kapseli
kapteenin	NOUN	kapteeni
kapteenina	NOUN	kapteeni
kapuloistaan	NOUN	kapula
karaatin	NOUN	karaatti
karakalpakin	NOUN	karakalpakki
karannut	VERB	karata
karannutta	VERB	karata
karhealta	ADJ	karhea
karhentamat	VERB	karhentaa
karheutta	NOUN	karheus
karhuamassa	VERB	karhuta
karhuhan	NOUN	karhu
karhulassa	PROPN	Karhula
karhun	NOUN	karhu
karibiaa	PROPN	Karibia
karibian	PROPN	Karibia
karibianmerellä	PROPN	Karibianmeri
kariesta	NOUN	karies
karismallaan	NOUN	karisma
kariston	PROPN	Karisto
kariutui	VERB	kariutua
karjaa	NOUN	karja
karjaisen	VERB	karjaista
karjalan	PROPN	Karjala
karjanhoitajana	NOUN	karjan#hoitaja
karkaa	VERB	karata
karkaamaan	VERB	karata
karkaan	VERB	karata
karkasi	VERB	karata
karkasivat	VERB	karata
karkauspäivänä	NOUN	karkaus#päivä
karkausvuonna	NOUN	karkaus#vuosi
karkealta	ADJ	karkea
karkkilan	PROPN	Karkkila
karkkilassa	PROPN	Karkkila
karkkipäivä-meikkiblogissa	NOUN	karkki#päivä#meikki#blogi
karkkitarjoilun	NOUN	karkki#tarjoilu
karkoitettiin	VERB	karkottaa
karkotettavaksi	VERB	karkottaa
karkun	PROPN	Karkku
karlukkilais-uiguurilaisiin	ADJ	karlukkilais#uiguurilainen
karmivampaa	ADJ	karmiva
karnevaalit	NOUN	karnevaali
karpaloita	NOUN	karpalo
karsinnan	NOUN	karsinta
karsiutuivat	VERB	karsiutua
karstaamisen	NOUN	karstaaminen
kartalla	NOUN	kartta
kartan	NOUN	kartta
kartanon	NOUN	kartano
kartlin	PROPN	Kartli
kartoitetaan	VERB	kartoittaa
kartoitettiin	VERB	kartoittaa
kartoitettu	VERB	kartoittaa
kartoittamaan	VERB	kartoittaa
kartoittamista	NOUN	kartoittaminen
karttaa	NOUN	kartta
karttapallosta	NOUN	kartta#pallo
karttoihin	NOUN	kartta
karttua	NOUN	karttu
karttui	VERB	karttua
kartukaan	VERB	karttua
karvaiset	ADJ	karvainen
karvaisista	ADJ	karvainen
karvaisten	ADJ	karvainen
karvanlähtöaika	NOUN	karva#lähtö#aika
karvoilla	NOUN	karva
kasaa	NOUN	kasa
kasaan	NOUN	kasa
kasaantui	VERB	kasaantua
kasaantunut	VERB	kasaantua
kasaarien	NOUN	kasaari
kasakat	NOUN	kasakka
kasan	NOUN	kasa
kasattua	VERB	kasata
kasautuvat	VERB	kasautua
kasetteja	NOUN	kasetti
kashmirin	PROPN	Kashmir
kasilt	NOUN	kasi
kasin	NOUN	kasi
kasino-	NOUN	kasino
kassaan	NOUN	kassa
kassajonossa	NOUN	kassa#jono
kassalla	NOUN	kassa
kassalle	NOUN	kassa
kassan	NOUN	kassa
kassein	NOUN	kassi
kasseineen	NOUN	kassi
kasseista	NOUN	kassi
kassejani	NOUN	kassi
kassia	NOUN	kassi
kassieni	NOUN	kassi
kassissa	NOUN	kassi
kassit	NOUN	kassi
kastanjan	NOUN	kastanja
kasteen	NOUN	kaste
kastelee	VERB	kastella
kastelemisesta	NOUN	kasteleminen
kastelin	VERB	kastella
kastellut	VERB	kastella
kastelukanavia	NOUN	kastelu#kanava
kastettiin	VERB	kastaa
kastikepohjaan	NOUN	kastike#pohja
kastikkeella	NOUN	kastike
kastikkeena	NOUN	kastike
kastilian	PROPN	Kastilia
kastuessa	VERB	kastua
kastuisi	VERB	kastua
kastuvat	VERB	kastua
kasvamista	NOUN	kasvaminen
kasvaneessa	VERB	kasvaa
kasvaneesta	VERB	kasvaa
kasvaneet	VERB	kasvaa
kasvanut	VERB	kasvaa
kasvanutta	VERB	kasvaa
kasvata	VERB	kasvattaa
kasvatettiin	VERB	kasvattaa
kasvatille	NOUN	kasvatti
kasvatit	NOUN	kasvatti
kasvattaen	VERB	kasvattaa
kasvattajaa	NOUN	kasvattaja
kasvattamaan	VERB	kasvattaa
kasvattamalla	VERB	kasvattaa
kasvattaneet	VERB	kasvattaa
kasvattanut	VERB	kasvattaa
kasvatti	VERB	kasvattaa
kasvattivat	VERB	kasvattaa
kasvatukseksi	NOUN	kasvatus
kasvatuksellisia	ADJ	kasvatuksellinen
kasvatuksen	NOUN	kasvatus
kasvatuksessa	NOUN	kasvatus
kasvatus-	NOUN	kasvatus
kasvatusolot	NOUN	kasvatus#olo
kasvatusta	NOUN	kasvatus
kasvatustieteen	NOUN	kasvatus#tiede
kasvatustieteiden	NOUN	kasvatus#tiede
kasvatustieteilijöitä	NOUN	kasvatus#tieteilijä
kasvava	VERB	kasvaa
kasvavaan	VERB	kasvaa
kasvavan	VERB	kasvaa
kasvavat	VERB	kasvaa
kasvavatkin	VERB	kasvaa
kasvavien	VERB	kasvaa
kasveille	NOUN	kasvi
kasveja	NOUN	kasvi
kasvihuonekaasupäästöjen	NOUN	kasvi#huone#kaasu#päästö
kasvihuonepäästöjen	NOUN	kasvi#huone#päästö
kasviksia	NOUN	kasvis
kasvikunnasta	NOUN	kasvi#kunta
kasvilajia	NOUN	kasvi#laji
kasvillisuuteen	NOUN	kasvillisuus
kasvinsuojeluaineiden	NOUN	kasvin#suojelu#aine
kasviperäisiä	ADJ	kasvi#peräinen
kasviperäisten	ADJ	kasvi#peräinen
kasviskeitolta	NOUN	kasvis#keitto
kasvisruuista	NOUN	kasvis#ruoka
kasvisten	NOUN	kasvis
kasvit	NOUN	kasvi
kasvitieteelliselle	ADJ	kasvi#tieteellinen
kasvitieteellisen	ADJ	kasvi#tieteellinen
kasvoi	VERB	kasvaa
kasvoihinsa	NOUN	kasvot
kasvoilla	NOUN	kasvot
kasvoille	NOUN	kasvot
kasvoilleni	NOUN	kasvot
kasvoivat	VERB	kasvaa
kasvoja	NOUN	kasvot
kasvojen	NOUN	kasvot
kasvopyyhkeitä	NOUN	kasvo#pyyhe
kasvottomalta	ADJ	kasvoton
kasvovoidetta	NOUN	kasvo#voide
kasvua	NOUN	kasvu
kasvuennusteita	NOUN	kasvu#ennuste
kasvukäsityksen	NOUN	kasvu#käsitys
kasvulla	NOUN	kasvu
kasvulle	NOUN	kasvu
kasvun	NOUN	kasvu
kasvunopeudet	NOUN	kasvu#nopeus
kasvupaikassa	NOUN	kasvu#paikka
kasvuseutuaan	NOUN	kasvu#seutu
kasvussa	NOUN	kasvu
kasvusta	NOUN	kasvu
kasvutahtia	NOUN	kasvu#tahti
kasvuun	NOUN	kasvu
kasvuvauhtia	NOUN	kasvu#vauhti
kasvuvauhtiarvionsa	NOUN	kasvu#vauhti#arvio
kataisen	PROPN	Katainen
katajanoksan	NOUN	kataja#oksa
katalien	ADJ	katala
kataloniaa	PROPN	Katalonia
katalonialaiset	NOUN	katalonialainen
katamaraanilla	NOUN	katamaraani
katan	PROPN	Kata
katastrofiin	NOUN	katastrofi
katastrofilla	NOUN	katastrofi
katastrofin	NOUN	katastrofi
katastrofina	NOUN	katastrofi
katastrofista	NOUN	katastrofi
katayaman	PROPN	Katayama
katedraalin	NOUN	katedraali
kategoriaan	NOUN	kategoria
kategoriassa	NOUN	kategoria
kategoriasta	NOUN	kategoria
kategorioissa	NOUN	kategoria
katekismuksen	NOUN	katekismus
katiforisin	PROPN	Katiforis
katiskaksi	NOUN	katiska
katjasta	PROPN	Katja
katkaisemaan	VERB	katkaista
katkaisi	VERB	katkaista
katkaisijaa	NOUN	katkaisija
katkaisijoilla	NOUN	katkaisija
katkaisisi	VERB	katkaista
katkaissut	VERB	katkaista
katkeaisi	VERB	katketa
katkenneet	VERB	katketa
katkennut	VERB	katketa
katkesi	VERB	katketa
katkoen	VERB	katkoa
katkolla	NOUN	katko
katkolla-niminen	ADJ	Katkolla#niminen
katkon	PROPN	Katko
katkonaisesta	ADJ	katkonainen
katkonuolilla	NOUN	katko#nuoli
kato	VERB	katsoa
katoa	VERB	kadota
katoaa	VERB	kadota
katoamiseen	NOUN	katoaminen
katoamisen	NOUN	katoaminen
katoamista	NOUN	katoaminen
katoavat	VERB	kadota
katoin	VERB	katsoa
katolisen	ADJ	katolinen
katolisena	ADJ	katolinen
katolla	NOUN	katto
katolle	NOUN	katto
katon	NOUN	katto
katosi	VERB	kadota
katossa	NOUN	katto
katot	VERB	katsoa
katottomat	ADJ	katoton
katsahdan	VERB	katsahtaa
katsastellut	VERB	katsastella
katsauksessaan	NOUN	katsaus
katseen	NOUN	katse
katseeni	NOUN	katse
katseita	NOUN	katse
katselee	VERB	katsella
katselemaan	VERB	katsella
katselemiselle	NOUN	katseleminen
katselemisesta	NOUN	katseleminen
katselemme	VERB	katsella
katselen	VERB	katsella
katseli	VERB	katsella
katseliko	VERB	katsella
katselin	VERB	katsella
katselisivat	VERB	katsella
katselivat	VERB	katsella
katsellaan	VERB	katsella
katsellen	VERB	katsella
katsellut	VERB	katsella
katseltuaan	VERB	katsella
katseluun	NOUN	katselu
katsettaan	NOUN	katse
katso	VERB	katsoa
katsoakseen	VERB	katsoa
katsoen	VERB	katsoa
katsoessani	VERB	katsoa
katsoi	VERB	katsoa
katsoimme	VERB	katsoa
katsoin	VERB	katsoa
katsoisin	VERB	katsoa
katsoivat	VERB	katsoa
katsojaa	NOUN	katsoja
katsojia	NOUN	katsoja
katsokaa	VERB	katsoa
katsokoot	VERB	katsoa
katsomaan	VERB	katsoa
katsomalla	VERB	katsoa
katsomansa	VERB	katsoa
katsomassa	VERB	katsoa
katsomista	NOUN	katsominen
katsomme	VERB	katsoa
katsomoon	NOUN	katsomo
katson	VERB	katsoa
katsonut	VERB	katsoa
katsoo	VERB	katsoa
katsot	VERB	katsoa
katsotaan	VERB	katsoa
katsottaessa	VERB	katsoa
katsottava	VERB	katsoa
katsottavaa	VERB	katsoa
katsottiin	VERB	katsoa
katsottu	VERB	katsoa
katsottuna	VERB	katsoa
katsotuimpia	ADJ	katsottu
katsotuin	ADJ	katsottu
katsovat	VERB	katsoa
katsovien	VERB	katsoa
kattaisi	VERB	kattaa
kattamalla	VERB	kattaa
kattamiseen	NOUN	kattaminen
kattamisesta	NOUN	kattaminen
kattaukseen	NOUN	kattaus
kattava	VERB	kattaa
kattavan	VERB	kattaa
kattavasta	VERB	kattaa
kattavat	ADJ	kattava
kattavat	VERB	kattaa
kattavia	ADJ	kattava
kattavista	ADJ	kattava
kattavuuden	NOUN	kattavuus
kattavuuteen	NOUN	kattavuus
katteli	VERB	katsella
kattelin	VERB	katsella
kattilassa	NOUN	kattila
kattoa	NOUN	katto
kattoa	VERB	katsoa
kattoi	VERB	kattaa
kattoon	NOUN	katto
kattotikkaiden	NOUN	katto#tikas
kattovaloa	NOUN	katto#valo
katua	NOUN	katu
katuja	NOUN	katu
katukorissäännöin	NOUN	katu#koris#sääntö
katukäyttöisiin	ADJ	katu#käyttöinen
katukäyttöön	NOUN	katu#käyttö
katukäytävälle	NOUN	katu#käytävä
katulamppujen	NOUN	katu#lamppu
katulampun	NOUN	katu#lamppu
katulapset	NOUN	katu#lapsi
katuu	VERB	katua
katuuki	NOUN	katu
katuvalojen	NOUN	katu#valo
kauanko	ADV	kauan
kaudeksi	NOUN	kausi
kaudella	NOUN	kausi
kauden	NOUN	kausi
kaudesta	NOUN	kausi
kauheaa	ADJ	kauhea
kauheampaa	ADJ	kauhea
kauhean	ADJ	kauhea
kauheen	ADJ	kauhea
kauheesti	ADV	kauheasti
kauheita	ADJ	kauhea
kauhistelemaan	VERB	kauhistella
kauhistuksesta	NOUN	kauhistus
kauhistuttavan	ADJ	kauhistuttava
kauhuissaan	NOUN	kauhu
kauhun	NOUN	kauhu
kaukaakin	ADV	kaukaa
kaukaisiin	ADJ	kaukainen
kaukaista	ADJ	kaukainen
kaukakorvessa	NOUN	kaukakorpi
kaukalon	NOUN	kaukalo
kaukalopalloa	NOUN	kaukalo#pallo
kaukalopallojoukkuetta	NOUN	kaukalo#pallo#joukkue
kaukalopallosta	NOUN	kaukalo#pallo
kaukalosta	NOUN	kaukalo
kaukaluoto-nimi	NOUN	Kaukaluoto#nimi
kaukasialaisten	ADJ	kaukasialainen
kaukasian	PROPN	Kaukasia
kaukokäytöllä	NOUN	kauko#käyttö
kaulakorun	NOUN	kaula#koru
kaulan	NOUN	kaula
kaulassa	NOUN	kaula
kauluksen	NOUN	kaulus
kaunasin	PROPN	Kaunas
kauneuden	NOUN	kauneus
kauneudesta	NOUN	kauneus
kauneutensa	NOUN	kauneus
kauneutta	NOUN	kauneus
kauniaisissa	PROPN	Kauniainen
kauniiksi	ADJ	kaunis
kauniilla	ADJ	kaunis
kauniin	ADJ	kaunis
kauniista	ADJ	kaunis
kauniit	ADJ	kaunis
kaunispään	PROPN	Kaunispää
kaunista	ADJ	kaunis
kaunistamiseen	NOUN	kaunistaminen
kaunokirjallista	ADJ	kauno#kirjallinen
kaunokirjallisuutta	NOUN	kauno#kirjallisuus
kaunotarta	NOUN	kaunotar
kaunottaria	NOUN	kaunotar
kaupalliseen	ADJ	kaupallinen
kaupallisen	ADJ	kaupallinen
kaupallisesta	ADJ	kaupallinen
kaupallisiin	ADJ	kaupallinen
kaupallisilla	ADJ	kaupallinen
kaupallisille	ADJ	kaupallinen
kaupallista	ADJ	kaupallinen
kaupallisten	ADJ	kaupallinen
kaupallisuuteen	NOUN	kaupallisuus
kaupan	NOUN	kauppa
kaupankäynnin	NOUN	kaupan#käynti
kaupankäynnissä	NOUN	kaupan#käynti
kaupasta	NOUN	kauppa
kaupoissa	NOUN	kauppa
kauppa-	NOUN	kauppa
kauppa-apulaisena	NOUN	kauppa#apulainen
kauppa-autoja	NOUN	kauppa#auto
kauppaa	NOUN	kauppa
kauppaamaan	VERB	kaupata
kauppaan	NOUN	kauppa
kauppagallerioita	NOUN	kauppa#galleria
kauppahintaa	NOUN	kauppa#hinta
kauppajonossa	NOUN	kauppa#jono
kauppajärjestön	NOUN	kauppa#järjestö
kauppajärjestöön	NOUN	kauppa#järjestö
kauppakamarin	NOUN	kauppa#kamari
kauppakamarista	NOUN	kauppa#kamari
kauppakorkeakoulun	NOUN	kauppa#korkea#koulu
kauppakorkeakoulussa	NOUN	kauppa#korkea#koulu
kauppakorkeakoulusta	NOUN	kauppa#korkea#koulu
kauppakorkeakouluun	NOUN	kauppa#korkea#koulu
kauppakumppaneita	NOUN	kauppa#kumppani
kauppakumppanien	NOUN	kauppa#kumppani
kauppakumppanit	NOUN	kauppa#kumppani
kauppamatkalla	NOUN	kauppa#matka
kauppana	NOUN	kauppa
kauppaneuvottelut	NOUN	kauppa#neuvottelu
kauppapoliittisen	ADJ	kauppa#poliittinen
kauppapoliittista	ADJ	kauppa#poliittinen
kauppapolitiikasta	NOUN	kauppa#politiikka
kauppareissun	NOUN	kauppa#reissu
kauppareittejä	NOUN	kauppa#reitti
kauppasi	VERB	kaupata
kauppasuhteemme	NOUN	kauppa#suhde
kauppatavaran	NOUN	kauppa#tavara
kauppatieteiden	NOUN	kauppa#tiede
kauppatieteitä	NOUN	kauppa#tiede
kauppatorin	PROPN	Kauppatori
kauppia	PROPN	Kauppi
kauppiaalta	NOUN	kauppias
kauppiaat	NOUN	kauppias
kauppiaita	NOUN	kauppias
kauppoihin	NOUN	kauppa
kauppoja	NOUN	kauppa
kauppojen	NOUN	kauppa
kaupthingin	PROPN	Kaupthing
kaupungeissa	NOUN	kaupunki
kaupungeissamme	NOUN	kaupunki
kaupungeista	NOUN	kaupunki
kaupungilla	NOUN	kaupunki
kaupungille	NOUN	kaupunki
kaupungilta	NOUN	kaupunki
kaupungin	NOUN	kaupunki
kaupunginjohtajaa	NOUN	kaupungin#johtaja
kaupunginjohtajan	NOUN	kaupungin#johtaja
kaupunginlahteen	NOUN	kaupungin#lahti
kaupunginosaan	NOUN	kaupungin#osa
kaupunginosassa	NOUN	kaupungin#osa
kaupunginteatterilla	NOUN	kaupungin#teatteri
kaupunginteatterin	NOUN	kaupungin#teatteri
kaupunginteatterissa	NOUN	kaupungin#teatteri
kaupunginvaltuuston	NOUN	kaupungin#valtuusto
kaupungissa	NOUN	kaupunki
kaupungista	NOUN	kaupunki
kaupungistumisen	NOUN	kaupungistuminen
kaupungistuvassa	VERB	kaupungistua
kaupungit	NOUN	kaupunki
kaupunkeja	NOUN	kaupunki
kaupunki-ilman	NOUN	kaupunki#ilma
kaupunkia	NOUN	kaupunki
kaupunkiasumisen	NOUN	kaupunki#asuminen
kaupunkiautoihin	NOUN	kaupunki#auto
kaupunkiautot	NOUN	kaupunki#auto
kaupunkien	NOUN	kaupunki
kaupunkihallinnosta	NOUN	kaupunki#hallinto
kaupunkiin	NOUN	kaupunki
kaupunkikulttuuriin	NOUN	kaupunki#kulttuuri
kaupunkikuvaan	NOUN	kaupunki#kuva
kaupunkilaisia	NOUN	kaupunkilainen
kaupunkilaisten	NOUN	kaupunkilainen
kaupunkipalolta	NOUN	kaupunki#palo
kaupunkisuunnittelun	NOUN	kaupunki#suunnittelu
kaupunkisuunnittelusta	NOUN	kaupunki#suunnittelu
kaupunkisuunnitteluun	NOUN	kaupunki#suunnittelu
kaupunkiväestön	NOUN	kaupunki#väestö
kausiksi	NOUN	kausi
kausiluonteisista	ADJ	kausi#luonteinen
kausina	NOUN	kausi
kauteen	NOUN	kausi
kautena	NOUN	kausi
kauteni	NOUN	kausi
kautta	NOUN	kausi
kavahti	VERB	kavahtaa
kavallettu	VERB	kavaltaa
kavallukset	NOUN	kavallus
kavaltanut	VERB	kavaltaa
kavantsaaressa	PROPN	Kavantsaari
kaventui	VERB	kaventua
kavereiden	NOUN	kaveri
kavereidesi	NOUN	kaveri
kavereille	NOUN	kaveri
kavereita	NOUN	kaveri
kavereitakin	NOUN	kaveri
kavereitani	NOUN	kaveri
kaveria	NOUN	kaveri
kaverien	NOUN	kaveri
kaverikeskeistä	ADJ	kaveri#keskeinen
kaverini	NOUN	kaveri
kaverinsa	NOUN	kaveri
kaveripiiriin	NOUN	kaveri#piiri
kaveriporukassa	NOUN	kaveri#porukka
kazakin	NOUN	kazakki
kazakstanin	PROPN	Kazakstan
kazanin	PROPN	Kazan
kebab-illalliselle	NOUN	kebab#illallinen
kebab-ravintolaan	NOUN	kebab#ravintola
keenen	PROPN	Keene
kehdannut	VERB	kehdata
kehdoksi	NOUN	kehto
kehitellyt	VERB	kehitellä
kehitelty	VERB	kehitellä
kehitettiin	VERB	kehittää
kehitetty	VERB	kehittää
kehitettyjä	VERB	kehittää
kehitettyä	VERB	kehittää
kehitettävä	VERB	kehittää
kehitettävää	NOUN	kehitettävä
kehitetyn	VERB	kehittää
kehitetään	VERB	kehittää
kehitti	VERB	kehittää
kehittivät	VERB	kehittää
kehittyi	VERB	kehittyä
kehittyivät	VERB	kehittyä
kehittymiseensä	NOUN	kehittyminen
kehittymisestä	NOUN	kehittyminen
kehittymissä	NOUN	kehittymä
kehittymistä	NOUN	kehittyminen
kehittymässä	VERB	kehittyä
kehittymättömän	ADJ	kehittymätön
kehittyneemmissä	ADJ	kehittynyt
kehittyneet	VERB	kehittyä
kehittyneissä	ADJ	kehittynyt
kehittyneitä	VERB	kehittyä
kehittynyt	VERB	kehittyä
kehittyvissä	VERB	kehittyä
kehittyvä	VERB	kehittyä
kehittäjiltä	NOUN	kehittäjä
kehittäjälle	NOUN	kehittäjä
kehittäjän	NOUN	kehittäjä
kehittäjänä	NOUN	kehittäjä
kehittäjät	NOUN	kehittäjä
kehittämiseen	NOUN	kehittäminen
kehittämisehdotuksissa	NOUN	kehittämis#ehdotus
kehittämiselle	NOUN	kehittäminen
kehittämisen	NOUN	kehittäminen
kehittämisessä	NOUN	kehittäminen
kehittämiskeskuksen	NOUN	kehittämis#keskus
kehittämisseminaarin	NOUN	kehittämis#seminaari
kehittämisstrategian	NOUN	kehittämis#strategia
kehittämistyössä	NOUN	kehittämis#työ
kehittämistä	NOUN	kehittäminen
kehittämisyksikön	NOUN	kehittämis#yksikkö
kehittämä	VERB	kehittää
kehittämällä	VERB	kehittää
kehittämässä	VERB	kehittää
kehittämään	VERB	kehittää
kehittänyt	VERB	kehittää
kehittävälle	VERB	kehittää
kehittävään	ADJ	kehittävä
kehitykseen	NOUN	kehitys
kehityksen	NOUN	kehitys
kehityksestä	NOUN	kehitys
kehityslinjat	NOUN	kehitys#linja
kehitysmahdollisuuksille	NOUN	kehitys#mahdollisuus
kehitysmaissa	NOUN	kehitys#maa
kehitysmaista	NOUN	kehitys#maa
kehitysohjelman	NOUN	kehitys#ohjelma
kehitystyön	NOUN	kehitys#työ
kehitystä	NOUN	kehitys
kehitysyhteistyön	NOUN	kehitys#yhteis#työ
kehitä	VERB	kehittää
kehitämme	VERB	kehittää
kehnommaksi	ADJ	kehno
kehoaan	NOUN	keho
kehoitettu	VERB	kehottaa
kehoitusta	NOUN	kehotus
keholle	NOUN	keho
kehooni	NOUN	keho
kehotamme	VERB	kehottaa
kehotan	VERB	kehottaa
kehotetaan	VERB	kehottaa
kehotettiin	VERB	kehottaa
kehotettu	VERB	kehottaa
kehottamaan	VERB	kehottaa
kehottanut	VERB	kehottaa
kehotti	VERB	kehottaa
kehotuksen	NOUN	kehotus
kehtaa	VERB	kehdata
kehui	VERB	kehua
kehuja	NOUN	kehu
kehujen	NOUN	kehu
kehumista	NOUN	kehuminen
kehumme	VERB	kehua
kehuvan	VERB	kehua
kehuvat	VERB	kehua
kehyksen	NOUN	kehys
kehystä	NOUN	kehys
kehää	NOUN	kehä
keikkaili	VERB	keikkailla
keikkailun	NOUN	keikkailu
keikkansa	NOUN	keikka
keikkuen	VERB	keikkua
keikkuessaan	VERB	keikkua
keikoilla	NOUN	keikka
keikyän	PROPN	Keikyä
keinoa	NOUN	keino
keinoin	NOUN	keino
keinoja	NOUN	keino
keinojen	NOUN	keino
keinolta	NOUN	keino
keinon	NOUN	keino
keinona	NOUN	keino
keinot	NOUN	keino
keinun	NOUN	keinu
keinutti	VERB	keinuttaa
keinuu	VERB	keinua
keisariajan	NOUN	keisari#aika
keisariin	NOUN	keisari
keisariksi	NOUN	keisari
keisarikunnan	NOUN	keisari#kunta
keisarillisen	ADJ	keisarillinen
keisarillisena	ADJ	keisarillinen
keisarin	NOUN	keisari
keitetty	VERB	keittää
keitettyjen	VERB	keittää
keitettyä	VERB	keittää
keitin	VERB	keittää
keitit	VERB	keittää
keiton	NOUN	keitto
keittiön	NOUN	keittiö
keittiössä	NOUN	keittiö
keittiössäni	NOUN	keittiö
keittiöstä	NOUN	keittiö
keittiöön	NOUN	keittiö
keitto-ohjeet	NOUN	keitto#ohje
keittoa	NOUN	keitto
keittokirjaa	NOUN	keitto#kirja
keittolevylle	NOUN	keitto#levy
keittoon	NOUN	keitto
keittäessä	VERB	keittää
keittämällä	VERB	keittää
keittänyt	VERB	keittää
keittääkin	VERB	keittää
keiturin	PROPN	Keituri
keitä	PRON	kuka
keitä	VERB	keittää
kekseliäimmät	ADJ	kekseliäs
keksi	VERB	keksiä
keksimään	VERB	keksiä
keksintönä	NOUN	keksintö
keksinyt	VERB	keksiä
keksisi	VERB	keksiä
keksit	NOUN	keksi
keksit	VERB	keksiä
keksittiin	VERB	keksiä
keksitäkään	VERB	keksiä
keksivät	VERB	keksiä
kelaa	VERB	kelata
kelaatteja	NOUN	kelaatti
kelaattien	NOUN	kelaatti
kelannu	VERB	kelata
kelautuivat	VERB	kelautua
kelistä	NOUN	keli
keliä	NOUN	keli
kelkkansa	NOUN	kelkka
kellariin	NOUN	kellari
kellarin	NOUN	kellari
kellarissa	NOUN	kellari
kellastuvat	VERB	kellastua
kellertävän	ADJ	kellertävä
kelloa	NOUN	kello
kelloja	NOUN	kello
kellon	NOUN	kello
kellonajan	NOUN	kello#aika
kellonlyömällä	NOUN	kellon#lyömä
kellonsoittoa	NOUN	kellon#soitto
kelloo	NOUN	kello
kelloos	NOUN	kello
kellos	NOUN	kello
kellot	NOUN	kello
kelluu	VERB	kellua
kelluva	VERB	kellua
kellään	PRON	kukaan
kelpaa	VERB	kelvata
kelpoisuuden	NOUN	kelpoisuus
kelpuuttamisesta	NOUN	kelpuuttaminen
kelpuuttanut	VERB	kelpuuttaa
keltaiseen	ADJ	keltainen
keltaiseksi	ADJ	keltainen
keltaisesta	NOUN	keltainen
keltaiset	ADJ	keltainen
keltaisia	ADJ	keltainen
keltaisiin	ADJ	keltainen
keltaista	ADJ	keltainen
keltaisten	ADJ	keltainen
keltuaiset	NOUN	keltuainen
kelvanneet	VERB	kelvata
kelvollisen	ADJ	kelvollinen
kelvottomaksi	ADJ	kelvoton
kemiaan	NOUN	kemia
kemian	NOUN	kemia
kemianliitto	NOUN	kemia#liitto
kemianteollisuuden	NOUN	kemian#teollisuus
kemianteollisuudessa	NOUN	kemian#teollisuus
kemikaaleilla	NOUN	kemikaali
kemikaaliseokseen	NOUN	kemikaali#seos
kemikaalit	NOUN	kemikaali
kemistien	NOUN	kemisti
kemistit	NOUN	kemisti
kenellekään	PRON	kukaan
kenellä	PRON	kuka
kenelläkään	PRON	kukaan
keneltä	PRON	kuka
kenen	PRON	kuka
kenenkään	PRON	kukaan
kenestä	PRON	kuka
kenestäkään	PRON	kukaan
kenet	PRON	kuka
kengissä	NOUN	kenkä
kengän	NOUN	kenkä
kengänjälkiä	NOUN	kenkä#jälki
kengänkärjelläni	NOUN	kengän#kärki
kengänkärjellään	NOUN	kengän#kärki
kengänkärkiesi	NOUN	kengän#kärki
kengässä	NOUN	kenkä
kengät	NOUN	kenkä
kengätkin	NOUN	kenkä
kenkien	NOUN	kenkä
kenkiä	NOUN	kenkä
kenkäkauppoja	NOUN	kenkä#kauppa
kenkäkoon	NOUN	kenkä#koko
kenkälaatikosta	NOUN	kenkä#laatikko
kenkänsä	NOUN	kenkä
kenkäostoksille	NOUN	kenkä#ostos
kenkäpariin	NOUN	kenkä#pari
kennedyn	PROPN	Kennedy
kenraalikuvernöörin	NOUN	kenraali#kuvernööri
kenraalimajuriksi	NOUN	kenraali#majuri
kentistä	NOUN	kenttä
kenttäretkeilyille	NOUN	kenttä#retkeily
kenttää	NOUN	kenttä
kentälle	NOUN	kenttä
kentällisen	NOUN	kentällinen
kentällistä	NOUN	kentällinen
kentällä	NOUN	kenttä
kentän	NOUN	kenttä
keplottelemassa	VERB	keplotella
kepposet	NOUN	kepponen
keraamiselle	ADJ	keraaminen
keravan	PROPN	Kerava
kerenny	VERB	keretä
kerhoa	NOUN	kerho
kerhon	NOUN	kerho
kerhona	NOUN	kerho
kerhoon	NOUN	kerho
kerhosta	NOUN	kerho
kerkee	VERB	keretä
kerkiää	VERB	keritä
kerma-munaseos	NOUN	kerma#muna#seos
kermaa	NOUN	kerma
kerman	NOUN	kerma
kermaviiliä	NOUN	kerma#viili
kerralla	NOUN	kerta
kerrallaan	NOUN	kerta
kerran	NOUN	kerta
kerrankin	ADV	kerran
kerrasta	NOUN	kerta
kerrat	NOUN	kerta
kerro	VERB	kertoa
kerroin	VERB	kertoa
kerroit	VERB	kertoa
kerrokseen	NOUN	kerros
kerroksellisuudesta	NOUN	kerroksellisuus
kerroksen	NOUN	kerros
kerroksessa	NOUN	kerros
kerron	VERB	kertoa
kerros-	NOUN	kerros
kerrosta	NOUN	kerros
kerrostaloasunnon	NOUN	kerros#talo#asunto
kerrostalojen	NOUN	kerros#talo
kerrostalon	NOUN	kerros#talo
kerrostaloon	NOUN	kerros#talo
kerrostaluyksiö	NOUN	kerros#talo#yksiö
kerrosten	NOUN	kerros
kerrotaan	VERB	kertoa
kerrotaankin	VERB	kertoa
kerrottako	VERB	kertoa
kerrottakoon	VERB	kertoa
kerrottavaa	NOUN	kerrottava
kerrottiin	VERB	kertoa
kerrottu	VERB	kertoa
kerrottuani	VERB	kertoa
kerry	VERB	kertyä
kersantin	NOUN	kersantti
kertaa	NOUN	kerta
kertaakaan	NOUN	kerta
kertaamme	VERB	kerrata
kertaan	NOUN	kerta
kertaeriä	NOUN	kerta#erä
kertakaikkisen	ADJ	kerta#kaikkinen
kertakäyttökusipäät-	NOUN	kertakäyttö#kusipää#-
kertasi	VERB	kerrata
kertoakseen	VERB	kertoa
kertoessani	VERB	kertoa
kertoi	VERB	kertoa
kertoilee	VERB	kertoilla
kertoili	VERB	kertoilla
kertoisimme	VERB	kertoa
kertoisitte	VERB	kertoa
kertoivat	VERB	kertoa
kertoja	NOUN	kerta
kertokaa	VERB	kertoa
kertoko	VERB	kertoa
kertomaan	VERB	kertoa
kertomalla	VERB	kertoa
kertoman	VERB	kertoa
kertomiseen	NOUN	kertominen
kertomista	NOUN	kertominen
kertomuksen	NOUN	kertomus
kertomukset	NOUN	kertomus
kertomuksiin	NOUN	kertomus
kertone	VERB	kertoa
kertoneet	VERB	kertoa
kertonu	VERB	kertoa
kertonut	VERB	kertoa
kertoo	VERB	kertoa
kertovalle	VERB	kertoa
kertovat	VERB	kertoa
kertyi	VERB	kertyä
kertymisen	NOUN	kertyminen
kertynyt	VERB	kertyä
kertyvät	VERB	kertyä
keruu-	NOUN	keruu
keruumenetelmien	NOUN	keruu#menetelmä
keruussa	NOUN	keruu
keruusta	NOUN	keruu
keräilytalouden	NOUN	keräily#talous
keräkaalin	NOUN	kerä#kaali
keränneet	VERB	kerätä
kerännyt	VERB	kerätä
keräsi	VERB	kerätä
keräsin	VERB	kerätä
keräsivät	VERB	kerätä
keräten	VERB	kerätä
kerättiin	VERB	kerätä
kerättyjen	VERB	kerätä
kerättyjä	VERB	kerätä
kerättävä	VERB	kerätä
kerätyillä	VERB	kerätä
kerätyistä	VERB	kerätä
kerätään	VERB	kerätä
keräyksestä	NOUN	keräys
keräystä	NOUN	keräys
kerää	VERB	kerätä
keräämiseksi	NOUN	kerääminen
keräämisen	NOUN	kerääminen
keräämisestä	NOUN	kerääminen
keräämistä	NOUN	kerääminen
keräämällä	VERB	kerätä
keräämässä	VERB	kerätä
keräämään	VERB	kerätä
kerään	VERB	kerätä
kerääntynyt	VERB	kerääntyä
keräävät	VERB	kerätä
keskeisellä	ADJ	keskeinen
keskeisen	ADJ	keskeinen
keskeisessä	ADJ	keskeinen
keskeisestä	ADJ	keskeinen
keskeiset	ADJ	keskeinen
keskeisimmin	ADV	keskeisesti
keskeisimpiä	ADJ	keskeinen
keskeisin	ADJ	keskeinen
keskeisintä	ADJ	keskeinen
keskeisinä	ADJ	keskeinen
keskeisiä	ADJ	keskeinen
keskeisten	ADJ	keskeinen
keskeistä	ADJ	keskeinen
keskeneräisiä	ADJ	kesken#eräinen
keskeneräistä	ADJ	keskeneräinen
keskeytettiin	VERB	keskeyttää
keskeytettyjä	VERB	keskeyttää
keskeytettävä	VERB	keskeyttää
keskeytetyn	VERB	keskeyttää
keskeytti	VERB	keskeyttää
keskeyttivät	VERB	keskeyttää
keskeyttämiseksi	NOUN	keskeyttäminen
keskeyttämisestä	NOUN	keskeyttäminen
keskeyttämään	VERB	keskeyttää
keskeyttänyt	VERB	keskeyttää
keskeyttävät	VERB	keskeyttää
keskeytyneen	VERB	keskeytyä
keski-	ADJ	keski
keski-	NOUN	keski
keski-aasian	PROPN	Keski-Aasia
keski-aasiassa	PROPN	Keski-Aasia
keski-amerikan	PROPN	Keski-Amerikka
keski-brasiliasta	PROPN	Keski-Brasilia
keski-euroopan	PROPN	Keski-Eurooppa
keski-euroopassa	PROPN	Keski-Eurooppa
keski-ikäinen	ADJ	keski#ikäinen
keski-ikäisille	ADJ	keski#ikäinen
keski-ikäisten	ADJ	keski#ikäinen
keski-ruotsissa	PROPN	Keski-Ruotsi
keski-sulawesilla	PROPN	Keski-Sulawesi
keski-sulawesin	PROPN	Keski-Sulawesi
keski-suomen	PROPN	Keski-Suomi
keski-suomessa	PROPN	Keski-Suomi
keskiaasialaisen	ADJ	keski#aasialainen
keskiaikaharrastajat	NOUN	keski#aika#harrastaja
keskiaikaisiin	ADJ	keski#aikainen
keskiajalla	NOUN	keski#aika
keskiajalta	NOUN	keski#aika
keskiajan	NOUN	keski#aika
keskiakseliperävaunusta	NOUN	keski#akseli#perä#vaunu
keskiarvoltaan	NOUN	keski#arvo
keskiarvon	NOUN	keski#arvo
keskiarvosta	NOUN	keski#arvo
keskiasteen	NOUN	keski#aste
keskieurooppalaiset	ADJ	keski#eurooppalainen
keskikesän	NOUN	keski#kesä
keskikohdalla	NOUN	keski#kohta
keskiluokan	NOUN	keski#luokka
keskimatkan	NOUN	keski#matka
keskimääräiseen	ADJ	keski#määräinen
keskimääräisen	ADJ	keski#määräinen
keskimääräiset	ADJ	keski#määräinen
keskimääräisiin	ADJ	keski#määräinen
keskimääräisiä	ADJ	keski#määräinen
keskimääräistä	ADJ	keski#määräinen
keskinkertaiseen	ADJ	keskinkertainen
keskinkertaista	ADJ	keskinkertainen
keskinäiseen	ADJ	keskinäinen
keskinäisessä	ADJ	keskinäinen
keskinäiset	ADJ	keskinäinen
keskinäistä	ADJ	keskinäinen
keskiosan	NOUN	keski#osa
keskiosassa	NOUN	keski#osa
keskipisteistä	NOUN	keski#piste
keskipistettä	NOUN	keski#piste
keskipitkällä	ADJ	keski#pitkä
keskiplatonismia	NOUN	keski#platonismi
keskipäivän	NOUN	keski#päivä
keskiseltä	PROPN	Keskinen
keskisormillani	NOUN	keski#sormi
keskisuomalaisen	NOUN	keski#suomalainen
keskisuuret	ADJ	keski#suuri
keskisuurien	ADJ	keski#suuri
keskisuurten	ADJ	keski#suuri
keskitasolla	NOUN	keski#taso
keskitettävä	VERB	keskittää
keskittyi	VERB	keskittyä
keskittyivät	VERB	keskittyä
keskittymisen	NOUN	keskittyminen
keskittymistä	NOUN	keskittyminen
keskittymällä	VERB	keskittyä
keskittyneet	VERB	keskittyä
keskittynyt	VERB	keskittyä
keskittyviä	VERB	keskittyä
keskittyy	VERB	keskittyä
keskittyykin	VERB	keskittyä
keskittämään	VERB	keskittää
keskituloisten	ADJ	keski#tuloinen
keskitymme	VERB	keskittyä
keskitysleireille	NOUN	keskitys#leiri
keskityspalloista	NOUN	keskitys#pallo
keskityttiin	VERB	keskittyä
keskitytään	VERB	keskittyä
keskiveroa	NOUN	keski#vero
keskiviikkoaamuna	NOUN	keski#viikko#aamu
keskiviikkona	NOUN	keski#viikko
keskiyötä	NOUN	keski#yö
keskon	PROPN	Kesko
keskuksen	NOUN	keskus
keskuksena	NOUN	keskus
keskukset	NOUN	keskus
keskuksia	NOUN	keskus
keskus-	NOUN	keskus
keskuskunnalla	NOUN	keskus#kunta
keskuskunnassa	NOUN	keskus#kunta
keskuskuntaan	NOUN	keskus#kunta
keskuslaaksossa	NOUN	keskus#laakso
keskusliiton	NOUN	keskus#liitto
keskuslukitsemattomista	ADJ	keskuslukitsematon
keskuslukitukseen	NOUN	keskus#lukitus
keskuslukitusta	NOUN	keskus#lukitus
keskuspankeilla	NOUN	keskus#pankki
keskuspankeille	NOUN	keskus#pankki
keskuspankille	NOUN	keskus#pankki
keskuspankin	NOUN	keskus#pankki
keskuspankit	NOUN	keskus#pankki
keskuspankkien	NOUN	keskus#pankki
keskuspankkijärjestelmän	NOUN	keskus#pankki#järjestelmä
keskuspuolustajaksi	NOUN	keskus#puolustaja
keskusta-alueella	NOUN	keskusta#alue
keskusta-oikeistolainen	ADJ	keskusta#oikeistolainen
keskustaan	NOUN	keskusta
keskustalaisiksi	ADJ	keskustalainen
keskustalle	NOUN	keskusta
keskustan	NOUN	keskusta
keskustapuolueen	NOUN	keskusta#puolue
keskustassa	NOUN	keskusta
keskustasta	NOUN	keskusta
keskustasta	PROPN	Keskusta
keskustelemaan	VERB	keskustella
keskustelemme	VERB	keskustella
keskustelette	VERB	keskustella
keskustelevan	VERB	keskustella
keskustelevat	VERB	keskustella
keskustelimme	VERB	keskustella
keskustelisimme	VERB	keskustella
keskustellaan	VERB	keskustella
keskustellakseen	VERB	keskustella
keskustelleet	VERB	keskustella
keskustellut	VERB	keskustella
keskusteltiin	VERB	keskustella
keskusteltu	VERB	keskustella
keskusteltuamme	VERB	keskustella
keskustelua	NOUN	keskustelu
keskustelufoorumia	NOUN	keskustelu#foorumi
keskustelufoorumin	NOUN	keskustelu#foorumi
keskusteluissa	NOUN	keskustelu
keskusteluja	NOUN	keskustelu
keskustelumme	NOUN	keskustelu
keskustelun	NOUN	keskustelu
keskustelunaiheeksi	NOUN	keskustelun#aihe
keskustelunsa	NOUN	keskustelu
keskustelussa	NOUN	keskustelu
keskustelut	NOUN	keskustelu
keskustelutilaisuuksia	NOUN	keskustelu#tilaisuus
keskusteluun	NOUN	keskustelu
keskustorin	NOUN	keskus#tori
keskustukena	NOUN	keskus#tuki
keskustähteä	NOUN	keskus#tähti
keskuudessamme	ADV	keskuudessa
kesteillä	NOUN	kesti
kesti	VERB	kestää
kestivät	VERB	kestää
kestot	NOUN	kesto
kestä	VERB	kestää
kestämättömälle	ADJ	kestämätön
kestämättömällä	ADJ	kestämätön
kestämään	VERB	kestää
kestäneen	VERB	kestää
kestäneeseen	VERB	kestää
kestäneiden	VERB	kestää
kestäneissä	VERB	kestää
kestänyt	VERB	kestää
kestänyttä	VERB	kestää
kestäviä	ADJ	kestävä
kestävän	VERB	kestää
kestävät	ADJ	kestävä
kestävää	ADJ	kestävä
kesä-	NOUN	kesä
kesäduunareille	NOUN	kesä#duunari
kesäillan	NOUN	kesä#ilta
kesäisempiä	ADJ	kesäinen
kesäksi	NOUN	kesä
kesäkuisessa	ADJ	kesä#kuinen
kesäkuun	NOUN	kesäkuu
kesäkuussa	NOUN	kesäkuu
kesäkuuta	NOUN	kesäkuu
kesällä	NOUN	kesä
kesälomaansa	NOUN	kesä#loma
kesälomansa	NOUN	kesä#loma
kesälomien	NOUN	kesä#loma
kesältäsi	NOUN	kesä
kesälän	PROPN	Kesälä
kesämökin	NOUN	kesä#mökki
kesämökkiasutusta	NOUN	kesä#mökki#asutus
kesämökkien	NOUN	kesä#mökki
kesämökkikiinteistön	NOUN	kesä#mökki#kiinteistö
kesämökkikiinteistöä	NOUN	kesä#mökki#kiinteistö
kesämökkitonttia	NOUN	kesä#mökki#tontti
kesämökkiä	NOUN	kesä#mökki
kesän	NOUN	kesä
kesäni	NOUN	kesä
kesänä	NOUN	kesä
kesästä	NOUN	kesä
kesäsuunnitelmat	NOUN	kesä#suunnitelma
kesät	NOUN	kesä
kesätauolle	NOUN	kesä#tauko
kesäteatterista	NOUN	kesä#teatteri
kesätyön	NOUN	kesä#työ
kesätyönäkymät	NOUN	kesä#työ#näkymä
kesätöiden	NOUN	kesä#työ
kesätöitä	NOUN	kesä#työ
kesäyliopistoihin	NOUN	kesä#yli#opisto
kesäyliopistoista	NOUN	kesä#yli#opisto
kesäyliopistoja	NOUN	kesä#yli#opisto
kesäyliopiston	NOUN	kesä#yli#opisto
kesäyliopistoon	NOUN	kesä#yli#opisto
kesäyönä	NOUN	kesä#yö
kesää	NOUN	kesä
ketjuja	NOUN	ketju
ketjujen	NOUN	ketju
ketjut	NOUN	ketju
ketkä	PRON	kuka
ketolaa	PROPN	Ketola
ketterämpi	ADJ	ketterä
kettää	PRON	kukaan
ketunkin	NOUN	kettu
ketä	PRON	kuka
ketää	PRON	kukaan
ketään	PRON	kukaan
keuhkoihin	NOUN	keuhko
keuhkoihinsa	NOUN	keuhko
keuhkoissani	NOUN	keuhko
keuhkoni	NOUN	keuhko
keulaan	NOUN	keula
keulaportin	NOUN	keula#portti
keuruulla	PROPN	Keuruu
keveinä	ADJ	keveä
kevenisivät	VERB	kevetä
keventävät	VERB	keventää
kevyeltä	ADJ	kevyt
kevyen	ADJ	kevyt
kevyiden	ADJ	kevyt
kevyin	ADJ	kevyt
kevyttä	ADJ	kevyt
kevätalvelle	NOUN	kevät#talvi
kevätkaudella	NOUN	kevät#kausi
kevätkaudellakin	NOUN	kevät#kausi
kevätkokouksessa	NOUN	kevät#kokous
kevätkuukaudet	NOUN	kevät#kuukausi
kevätliikehdinnän	NOUN	kevät#liikehdintä
kevätsiivouksen	NOUN	kevät#siivous
kevätsipulia	NOUN	kevät#sipuli
kevätsipulit	NOUN	kevät#sipuli
kevättalven	NOUN	kevät#talvi
kevättä	NOUN	kevät
kevääksi	NOUN	kevät
keväällä	NOUN	kevät
kevään	NOUN	kevät
keväänä	NOUN	kevät
kevääseen	NOUN	kevät
keväästä	NOUN	kevät
kg:ksi	NOUN	kilo#gramma
khadraouita	PROPN	Khadraoui
khersonesokselta	PROPN	Khersonesos
khersonesoksen	PROPN	Khersonesos
khosro[v]iani-dynastia	NOUN	Khosro[v]iani#dynastia
khosroiani-dynastia	NOUN	Khosroiani#dynastia
khosroiani-dynastian	NOUN	Khosroiani#dynastia
khosroiani-haara	NOUN	Khosroiani#haara
khosroiani-kuninkaat	NOUN	Khosroiani#kuningas
khosroiani-kuninkaista	NOUN	Khosroiani#kuningas
khosroiani-ruhtinaalle	NOUN	Khosroiani#ruhtinas
khosroianit	NOUN	khosroiani
khosroidien	NOUN	khosroidi
khosroidikuninkaan	NOUN	khosroidi#kuningas
khosroidit	NOUN	khosroidi
kiboililla	PROPN	Kiboil
kidnappauksesta	NOUN	kidnappaus
kiedoin	VERB	kietoa
kiehtoi	VERB	kiehtoa
kiehtoo	VERB	kiehtoa
kiehtovia	ADJ	kiehtova
kiehui	VERB	kiehua
kiehumaan	VERB	kiehua
kiehuvaksi	ADJ	kiehuva
kiekkoa	NOUN	kiekko
kiekkoleijonia	NOUN	kiekko#leijona
kiekkoon	NOUN	kiekko
kiekolla	NOUN	kiekko
kiekot	NOUN	kiekko
kielelle	NOUN	kieli
kielellistä	ADJ	kielellinen
kielellä	NOUN	kieli
kielen	NOUN	kieli
kielenkantoja	NOUN	kielen#kanta
kielenväännöksi	NOUN	kieli#vääntö
kielenä	NOUN	kieli
kielessä	NOUN	kieli
kielestä	NOUN	kieli
kielet	NOUN	kieli
kieliasioiden	NOUN	kieli#asia
kieliin	NOUN	kieli
kielikoulutuksen	NOUN	kieli#koulutus
kieliksi	NOUN	kieli
kielikursseja	NOUN	kieli#kurssi
kielille	NOUN	kieli
kielillä	NOUN	kieli
kielin	PROPN	Kiel
kieliopillista	ADJ	kieli#opillinen
kieliopissa	NOUN	kieli#oppi
kielioppeihin	NOUN	kieli#oppi
kielioppia	NOUN	kieli#oppi
kieliryhmän	NOUN	kieli#ryhmä
kielistä	NOUN	kieli
kieliteknologiaa	NOUN	kieli#teknologia
kielitieteellistä	ADJ	kieli#tieteellinen
kielitieteen	NOUN	kieli#tiede
kielityökaluja	NOUN	kieli#työ#kalu
kieliviä	VERB	kieliä
kieliä	NOUN	kieli
kiellettiin	VERB	kieltää
kielletty	VERB	kieltää
kielletään	VERB	kieltää
kielloilla	NOUN	kielto
kiellolla	NOUN	kielto
kiellon	NOUN	kielto
kiellä	VERB	kieltää
kielteisen	ADJ	kielteinen
kielteiset	ADJ	kielteinen
kielteisiin	ADJ	kielteinen
kielteisiä	ADJ	kielteinen
kielteistä	ADJ	kielteinen
kielten	NOUN	kieli
kieltenopettajaa	NOUN	kieli#opettaja
kieltenopettajan	NOUN	kieli#opettaja
kieltenopettajien	NOUN	kieli#opettaja
kieltenopettajille	NOUN	kieli#opettaja
kieltenopettajista	NOUN	kieli#opettaja
kieltolassa	NOUN	kieltola
kieltä	NOUN	kieli
kieltämiseksi	NOUN	kieltäminen
kieltämisen	NOUN	kieltäminen
kieltämistä	NOUN	kieltäminen
kieltämällä	VERB	kieltää
kieltämään	VERB	kieltää
kieltänyt	VERB	kieltää
kieltävät	VERB	kieltää
kieltäydyin	VERB	kieltäytyä
kieltäydymme	VERB	kieltäytyä
kieltäytyi	VERB	kieltäytyä
kieltäytyneen	VERB	kieltäytyä
kieltäytyy	VERB	kieltäytyä
kieltääkin	VERB	kieltää
kiemurtelevat	VERB	kiemurrella
kieriessämme	VERB	kieriä
kierinyt	VERB	kieriä
kieroon	ADJ	kiero
kieroutuneet	ADJ	kieroutunut
kierroksella	NOUN	kierros
kierrokselle	NOUN	kierros
kierrokselta	NOUN	kierros
kierroksen	NOUN	kierros
kierrosta	NOUN	kierros
kierrätettiin	VERB	kierrättää
kierrätetään	VERB	kierrättää
kierrätyskeskuksen	NOUN	kierrätys#keskus
kierrätyskirjeitä	NOUN	kierrätys#kirje
kierrätyssohvalla	NOUN	kierrätys#sohva
kiersi	VERB	kiertää
kiersin	VERB	kiertää
kiersivät	VERB	kiertää
kierteen	NOUN	kierre
kierteeseen	NOUN	kierre
kiertelevä	VERB	kierrellä
kiertelevät	VERB	kierrellä
kiertelimme	VERB	kierrellä
kiertokirjeet	NOUN	kierto#kirje
kiertokäynnin	NOUN	kierto#käynti
kiertoradalla	NOUN	kierto#rata
kiertoradalle	NOUN	kierto#rata
kiertotietä	NOUN	kierto#tie
kiertueelleen	NOUN	kiertue
kiertueensa	NOUN	kiertue
kiertueita	NOUN	kiertue
kiertäen	VERB	kiertää
kiertäjät	NOUN	kiertäjä
kiertämisen	NOUN	kiertäminen
kiertämisestä	NOUN	kiertäminen
kiertämällä	VERB	kiertää
kiertämään	VERB	kiertää
kiertäneensä	VERB	kiertää
kiertänyt	VERB	kiertää
kieseritzkyn	PROPN	Kieseritzky
kietoi	VERB	kietoa
kietoutuvat	VERB	kietoutua
kievarissa	NOUN	kievari
kiharan	NOUN	kihara
kiharat	NOUN	kihara
kihartamat	VERB	kihartaa
kihisi	VERB	kihistä
kii	ADV	kiinni
kiidätettiin	VERB	kiidättää
kiihdytti	VERB	kiihdyttää
kiihkeätempoisempaa	ADJ	kiihkeä#tempoinen
kiihottavaa	ADJ	kiihottava
kiihtyi	VERB	kiihtyä
kiihtyivät	VERB	kiihtyä
kiihtyneet	ADJ	kiihtynyt
kiihtynyt	VERB	kiihtyä
kiihtyvän	ADJ	kiihtyvä
kiihtyvää	ADJ	kiihtyvä
kiikalan	PROPN	Kiikala
kiikalassa	PROPN	Kiikala
kiikalasta	PROPN	Kiikala
kiikan	PROPN	Kiikka
kiikkerästä	ADJ	kiikkerä
kiilasi	VERB	kiilata
kiiltokuvamaiset	ADJ	kiilto#kuva#mainen
kiiltävin	ADJ	kiiltävä
kiiluu	VERB	kiilua
kiimaisen	ADJ	kiimainen
kiimingin	PROPN	Kiiminki
kiin.	NOUN	kiina
kiinalaisesta	ADJ	kiinalainen
kiinalaiset	ADJ	kiinalainen
kiinalaiset	NOUN	kiinalainen
kiinalaisten	ADJ	kiinalainen
kiinalaisyritystä	NOUN	kiinalais#yritys
kiinalle	PROPN	Kiina
kiinan	PROPN	Kiina
kiinankaalin	NOUN	kiinan#kaali
kiinassa	PROPN	Kiina
kiinasta	PROPN	Kiina
kiinnekohtaa	NOUN	kiinne#kohta
kiinnijäämisen	NOUN	kiinni#jääminen
kiinnit	ADV	kiinni
kiinnitettynä	VERB	kiinnittää
kiinnitettävä	VERB	kiinnittää
kiinnitetään	VERB	kiinnittää
kiinnitin	VERB	kiinnittää
kiinnitti	VERB	kiinnittää
kiinnittyi	VERB	kiinnittyä
kiinnittämään	VERB	kiinnittää
kiinnittänyt	VERB	kiinnittää
kiinnittävän	VERB	kiinnittää
kiinnitämme	VERB	kiinnittää
kiinnosta	VERB	kiinnostaa
kiinnostaisi	VERB	kiinnostaa
kiinnostavaa	ADJ	kiinnostava
kiinnostavalta	ADJ	kiinnostava
kiinnostavia	VERB	kiinnostaa
kiinnostavimpana	ADJ	kiinnostava
kiinnostavuuttaan	NOUN	kiinnostavuus
kiinnosti	VERB	kiinnostaa
kiinnostivat	VERB	kiinnostaa
kiinnostui	VERB	kiinnostua
kiinnostuin	VERB	kiinnostua
kiinnostuisin	VERB	kiinnostua
kiinnostuksen	NOUN	kiinnostus
kiinnostuksensa	NOUN	kiinnostus
kiinnostumaan	VERB	kiinnostua
kiinnostuneet	VERB	kiinnostua
kiinnostuneiden	NOUN	kiinnostunut
kiinnostuneille	NOUN	kiinnostunut
kiinnostuneina	VERB	kiinnostua
kiinnostuneita	ADJ	kiinnostunut
kiinnostuneita	VERB	kiinnostua
kiinnostunut	VERB	kiinnostua
kiinnostunutta	NOUN	kiinnostunut
kiinnostunutta	VERB	kiinnostua
kiinnostusta	NOUN	kiinnostus
kiinteistöalalle	NOUN	kiinteistö#ala
kiinteistöalalta	NOUN	kiinteistö#ala
kiinteistöalan	NOUN	kiinteistö#ala
kiinteistöhallinnon	NOUN	kiinteistö#hallinto
kiinteistöjen	NOUN	kiinteistö
kiinteistöjä	NOUN	kiinteistö
kiinteistön	NOUN	kiinteistö
kiinteistönhoitoa	NOUN	kiinteistö#hoito
kiinteistöpäällikkönä	NOUN	kiinteistö#päällikkö
kiinteistöteknisestä	ADJ	kiinteistö#tekninen
kiinteistöyhtiöissä	NOUN	kiinteistö#yhtiö
kiinteäksi	ADJ	kiinteä
kiinteämpi	ADJ	kiinteä
kiinteämpää	ADJ	kiinteä
kiinteät	ADJ	kiinteä
kiinteää	ADJ	kiinteä
kiinteään	ADJ	kiinteä
kiipesin	VERB	kiivetä
kiipeämiseen	NOUN	kiipeäminen
kiipeää	VERB	kiivetä
kiipijäksi	NOUN	kiipijä
kiireelliseen	ADJ	kiireellinen
kiireellisyyden	NOUN	kiireellisyys
kiireellä	NOUN	kiire
kiireen	NOUN	kiire
kiireessä	NOUN	kiire
kiireestä	NOUN	kiire
kiirehdin	VERB	kiirehtiä
kiirehti	VERB	kiirehtiä
kiirehtimässä	VERB	kiirehtiä
kiireisemmin	ADV	kiireisesti
kiireisintä	ADJ	kiireinen
kiireistä	ADJ	kiireinen
kiirettä	NOUN	kiire
kiistaa	NOUN	kiista
kiistaan	NOUN	kiista
kiistellystä	VERB	kiistellä
kiistetään	VERB	kiistää
kiisti	VERB	kiistää
kiistoja	NOUN	kiista
kiistämättömiä	ADJ	kiistämätön
kiistäneet	VERB	kiistää
kiitettävän	ADJ	kiitettävä
kiitoksia	NOUN	kiitos
kiitollisuuden	NOUN	kiitollisuus
kiitoradalta	NOUN	kiito#rata
kiitoradasta	NOUN	kiito#rata
kiitosta	NOUN	kiitos
kiitotieltä	NOUN	kiito#tie
kiittelee	VERB	kiitellä
kiittelevät	VERB	kiitellä
kiitteli	VERB	kiitellä
kiitti	VERB	kiittää
kiittänyt	VERB	kiittää
kiitän	VERB	kiittää
kiivaammin	ADV	kiivaasti
kiivainta	ADJ	kiivas
kiivetessäni	VERB	kiivetä
kiivetään	VERB	kiivetä
kikkani	NOUN	kikka
kilisevin	ADJ	kilisevä
kiljahtelun	NOUN	kiljahtelu
kiljuen	VERB	kiljua
kiljuivat	VERB	kiljua
kiljuu	VERB	kiljua
killan	NOUN	kilta
killersistä	PROPN	Killers
killersiä	PROPN	Killers
kiloa	NOUN	kilo
kilometrejä	NOUN	kilo#metri
kilometrien	NOUN	kilo#metri
kilometrin	NOUN	kilo#metri
kilometriä	NOUN	kilo#metri
kiloo	NOUN	kilo
kilovoltin	NOUN	kilo#voltti
kilpa-ajoissa	NOUN	kilpa#ajo
kilpailee	VERB	kilpailla
kilpailemaan	VERB	kilpailla
kilpailevan	ADJ	kilpaileva
kilpailevien	VERB	kilpailla
kilpailijaa	NOUN	kilpailija
kilpailijansa	NOUN	kilpailija
kilpailijat	NOUN	kilpailija
kilpailijoiden	NOUN	kilpailija
kilpailijoillekaan	NOUN	kilpailija
kilpaillaan	VERB	kilpailla
kilpailleista	VERB	kilpailla
kilpailua	NOUN	kilpailu
kilpailuehdotuksen	NOUN	kilpailu#ehdotus
kilpailuetuja	NOUN	kilpailu#etu
kilpailuissa	NOUN	kilpailu
kilpailukykyiseksi	ADJ	kilpailu#kykyinen
kilpailukykyisemmän	ADJ	kilpailu#kykyinen
kilpailukykyisempi	ADJ	kilpailu#kykyinen
kilpailukykyisempiä	ADJ	kilpailu#kykyinen
kilpailukykyisempää	ADJ	kilpailu#kykyinen
kilpailukykyistä	ADJ	kilpailu#kykyinen
kilpailukykyä	NOUN	kilpailu#kyky
kilpailukyvylle	NOUN	kilpailu#kyky
kilpailukyvyn	NOUN	kilpailu#kyky
kilpailukyvystä	NOUN	kilpailu#kyky
kilpailulle	NOUN	kilpailu
kilpailulta	NOUN	kilpailu
kilpailun	NOUN	kilpailu
kilpailunvastaiseen	ADJ	kilpailu#vastainen
kilpailupolitiikan	NOUN	kilpailu#politiikka
kilpailupolitiikasta	NOUN	kilpailu#politiikka
kilpailussa	NOUN	kilpailu
kilpailusta	NOUN	kilpailu
kilpailusääntöjen	NOUN	kilpailu#sääntö
kilpailut	NOUN	kilpailu
kilpailutuomarit	NOUN	kilpailu#tuomari
kilpailutyötä	NOUN	kilpailu#työ
kilpailuun	NOUN	kilpailu
kilpailuvalttinaan	NOUN	kilpailu#valtti
kilpailuvastauksessaan	NOUN	kilpailu#vastaus
kilparadastaan	NOUN	kilpa#rata
kilpirauhasen	NOUN	kilpi#rauhanen
kiltahuoneen	NOUN	kilta#huone
kiltikselle	NOUN	kiltis
kiltojen	NOUN	kilta
kilttejä	ADJ	kiltti
kiltteydelle	NOUN	kiltteys
kilvan	NOUN	kilpa
kimalaiset	NOUN	kimalainen
kimalaislajista	NOUN	kimalais#laji
kimaltavat	VERB	kimaltaa
kimbrisotia	NOUN	kimbri#sota
kimpaannuin	VERB	kimpaantua
kimpaantui	VERB	kimpaantua
kimppakyytien	NOUN	kimppa#kyyti
kingiä	PROPN	King
kinky-bileitä	NOUN	kinky#bileet
kinky-klubin	NOUN	kinky#klubi
kinkyn	NOUN	kinky
kintaalla	NOUN	kinnas
kinuskikastiketta	NOUN	kinuski#kastike
kinuskikermavaahtoa	NOUN	kinuski#kerma#vaahto
kioton	PROPN	Kioto
kipeiksi	ADJ	kipeä
kipeillessä	VERB	kipeillä
kipeää	ADJ	kipeä
kipitin	VERB	kipittää
kipitän	VERB	kipittää
kippoja	NOUN	kippo
kiptšakkilais-oguusilaiseksi	ADJ	kiptšakkilais#oguusilainen
kiptšakkilaiset	ADJ	kiptšakkilainen
kipuja	NOUN	kipu
kirgisian	PROPN	Kirgisia
kiri	VERB	kiriä
kirinyt	VERB	kiriä
kiristelen	VERB	kiristellä
kiristykselle	NOUN	kiristys
kiristymiseen	NOUN	kiristyminen
kiristämättä	VERB	kiristää
kiristän	VERB	kiristää
kirjaa	NOUN	kirja
kirjaa	VERB	kirjata
kirjaamatonta	ADJ	kirjaamaton
kirjaamisesta	NOUN	kirjaaminen
kirjaan	NOUN	kirja
kirjahyllyyni	NOUN	kirja#hylly
kirjailijanalku	NOUN	kirjailija#alku
kirjaimeen	NOUN	kirjain
kirjaimen	NOUN	kirjain
kirjaimilla	NOUN	kirjain
kirjaimiston	NOUN	kirjaimisto
kirjaimistoon	NOUN	kirjaimisto
kirjainmerkein	NOUN	kirjain#merkki
kirjainyhdistelmää	NOUN	kirjain#yhdistelmä
kirjakammoineen	NOUN	kirja#kammo
kirjakauppojen	NOUN	kirja#kauppa
kirjakieleksi	NOUN	kirja#kieli
kirjakielen	NOUN	kirja#kieli
kirjakielenä	NOUN	kirja#kieli
kirjakielestä	NOUN	kirja#kieli
kirjakielet	NOUN	kirja#kieli
kirjakielistä	NOUN	kirja#kieli
kirjakieltä	NOUN	kirja#kieli
kirjallisen	ADJ	kirjallinen
kirjallisena	ADJ	kirjallinen
kirjalliset	ADJ	kirjallinen
kirjallisuuden	NOUN	kirjallisuus
kirjallisuudessa	NOUN	kirjallisuus
kirjallisuuksista	NOUN	kirjallisuus
kirjan	NOUN	kirja
kirjanpidon	NOUN	kirjan#pito
kirjanpitomerkintöjen	NOUN	kirjan#pito#merkintä
kirjanpitoperiaatteiden	NOUN	kirjan#pito#periaate
kirjanpitäjäksi	NOUN	kirjan#pitäjä
kirjassa	NOUN	kirja
kirjassaan	NOUN	kirja
kirjastoa	NOUN	kirjasto
kirjastokin	NOUN	kirjasto
kirjaston	NOUN	kirjasto
kirjastossa	NOUN	kirjasto
kirjastosta	NOUN	kirjasto
kirjataan	VERB	kirjata
kirjattua	VERB	kirjata
kirjavaan	ADJ	kirjava
kirjavuutta	NOUN	kirjavuus
kirjeellä	NOUN	kirje
kirjeen	NOUN	kirje
kirjeenkirjoittamispuuhassa	NOUN	kirjeen#kirjoittamis#puuha
kirjeenvaihtoa	NOUN	kirjeen#vaihto
kirjeessä	NOUN	kirje
kirjeessään	NOUN	kirje
kirjeestä	NOUN	kirje
kirjeet	NOUN	kirje
kirjeillä	NOUN	kirje
kirjeiltä	NOUN	kirje
kirjeitä	NOUN	kirje
kirjettä	NOUN	kirje
kirjoa	NOUN	kirjo
kirjoissaan	NOUN	kirja
kirjoitan	VERB	kirjoittaa
kirjoitetaan	VERB	kirjoittaa
kirjoitettiin	VERB	kirjoittaa
kirjoitettu	VERB	kirjoittaa
kirjoitettua	VERB	kirjoittaa
kirjoitettujen	VERB	kirjoittaa
kirjoitetun	VERB	kirjoittaa
kirjoitetussa	VERB	kirjoittaa
kirjoitimme	VERB	kirjoittaa
kirjoitin	VERB	kirjoittaa
kirjoittaessaan	VERB	kirjoittaa
kirjoittaisin	VERB	kirjoittaa
kirjoittajan	NOUN	kirjoittaja
kirjoittamaan	VERB	kirjoittaa
kirjoittaman	VERB	kirjoittaa
kirjoittamassa	VERB	kirjoittaa
kirjoittamat	VERB	kirjoittaa
kirjoittamiaan	VERB	kirjoittaa
kirjoittamiseen	NOUN	kirjoittaminen
kirjoittamista	NOUN	kirjoittaminen
kirjoittaneet	VERB	kirjoittaa
kirjoittanut	VERB	kirjoittaa
kirjoittele	VERB	kirjoitella
kirjoittelen	VERB	kirjoitella
kirjoittelevani	VERB	kirjoitella
kirjoitti	VERB	kirjoittaa
kirjoittivat	VERB	kirjoittaa
kirjoituksen	NOUN	kirjoitus
kirjoituksia	NOUN	kirjoitus
kirjoituksiin	NOUN	kirjoitus
kirjoituksissa	NOUN	kirjoitus
kirjoitusasuun	NOUN	kirjoitus#asu
kirjoitushetkellä	NOUN	kirjoitus#hetki
kirjoitushetkelläkään	NOUN	kirjoitus#hetki
kirjoituskoneessa	NOUN	kirjoitus#kone
kirjoitusten	NOUN	kirjoitus
kirjoitustilaan	NOUN	kirjoitus#tila
kirjoitusvirheen	NOUN	kirjoitus#virhe
kirjoitusvirhetyypit	NOUN	kirjoitus#virhe#tyyppi
kirjoitusvälinettä	NOUN	kirjoitus#väline
kirjoituttamaan	VERB	kirjoituttaa
kirjoja	NOUN	kirja
kirjojen	NOUN	kirja
kirjolohissa	NOUN	kirjo#lohi
kirjolohta	NOUN	kirjo#lohi
kirjotettua	VERB	kirjoittaa
kirjotti	VERB	kirjoittaa
kirkasta	ADJ	kirkas
kirkkaalta	ADJ	kirkas
kirkkaampaa	ADJ	kirkas
kirkkaan	ADJ	kirkas
kirkkaat	ADJ	kirkas
kirkkailla	ADJ	kirkas
kirkkain	ADJ	kirkas
kirkkainkin	ADJ	kirkas
kirkkoherrasta	NOUN	kirkko#herra
kirkkomme	NOUN	kirkko
kirkkonsa	NOUN	kirkko
kirkkonummelle	PROPN	Kirkkonummi
kirkkoon	NOUN	kirkko
kirkolla	NOUN	kirkko
kirkolle	NOUN	kirkko
kirkollemme	NOUN	kirkko
kirkon	NOUN	kirkko
kirkonkylästä	NOUN	kirkon#kylä
kirkossa	NOUN	kirkko
kirkosta	NOUN	kirkko
kirkui	VERB	kirkua
kiroillen	VERB	kiroilla
kirosi	VERB	kirota
kirosin	VERB	kirota
kirotakin	VERB	kirota
kirpakkuutta	NOUN	kirpakkuus
kirpeän	ADJ	kirpeä
kirppistavaraa	NOUN	kirppis#tavara
kirsilla	NOUN	kirsikka
kirurgeilla	NOUN	kirurgi
kirurgian	NOUN	kirurgia
kirvelee	VERB	kirvellä
kirvelyltä	NOUN	kirvely
kirvesperseiden	PROPN	Kirvesperseet
kirvisteli	VERB	kirvistellä
kirvoittamista	VERB	kirvoittaa
kirvoitti	VERB	kirvoittaa
kirvoittivat	VERB	kirvoittaa
kisaa	NOUN	kisa
kisakatsomoon	NOUN	kisa#katsomo
kisan	NOUN	kisa
kisassa	NOUN	kisa
kisastudion	NOUN	kisa#studio
kisat	NOUN	kisa
kisbockenilla	PROPN	Kisbocken
kiskoille	NOUN	kisko
kiskomaan	VERB	kiskoa
kiskon	VERB	kiskoa
kiskoo	VERB	kiskoa
kiskottiin	VERB	kiskoa
kisoihin	NOUN	kisa
kisoissa	NOUN	kisa
kissan	NOUN	kissa
kissanhännän	NOUN	kissan#häntä
kissanhännänhuippuyliopisto	NOUN	kissa#hännän#huippu#yli#opisto
kissani	NOUN	kissa
kissat	NOUN	kissa
kissin	PROPN	KISS
kitalakeen	NOUN	kita#laki
kitaraa	NOUN	kitara
kitaransa	NOUN	kitara
kitaristina	NOUN	kitaristi
kiteytyivät	VERB	kiteytyä
kitisivät	VERB	kitistä
kitkan	NOUN	kitka
kitkenyt	VERB	kitkeä
kitkerää	ADJ	kitkerä
kitkuttelevan	VERB	kitkutella
kiukkua	NOUN	kiukku
kiukkuiseksi	ADJ	kiukkuinen
kiukustui	VERB	kiukustua
kiukuttelemaan	VERB	kiukutella
kiukutteleva	VERB	kiukutella
kiusallisen	ADJ	kiusallinen
kiusallista	ADJ	kiusallinen
kiusoittelevan	VERB	kiusoitella
kivaa	ADJ	kiva
kivalta	ADJ	kiva
kivassa	ADJ	kiva
kivellä	NOUN	kivi
kiveltä	NOUN	kivi
kiven	NOUN	kivi
kivennavan	PROPN	Kivennapa
kivennäisvesien	NOUN	kivennäis#vesi
kivenä	NOUN	kivi
kivessä	NOUN	kivi
kivesten	NOUN	kives
kivestä	NOUN	kivi
kivetysten	NOUN	kivetys
kiveä	NOUN	kivi
kiviaidalle	NOUN	kivi#aita
kiviaidan	NOUN	kivi#aita
kivien	NOUN	kivi
kivierämaata	NOUN	kivi#erä#maa
kivihiiltä	NOUN	kivi#hiili
kivikasoja	NOUN	kivi#kasa
kivikasvoille	PROPN	Kivikasvot
kivikkoisia	ADJ	kivikkoinen
kivikkokimalaisen	NOUN	kivikko#kimalainen
kivikkopuutarhoja	NOUN	kivikko#puu#tarha
kivilinnasta	NOUN	kivi#linna
kivimiehineen	NOUN	kivi#mies
kivimuurin	NOUN	kivi#muuri
kivirakenteilla	NOUN	kivi#rakenne
kivisillä	ADJ	kivinen
kiviuuniin	NOUN	kivi#uuni
kiviuunit	NOUN	kivi#uuni
kiviä	NOUN	kivi
kivointa	ADJ	kiva
kivoja	ADJ	kiva
kivuliaaksi	ADJ	kivulias
kivuliaan	ADJ	kivulias
kivun	NOUN	kipu
kiärtämää	VERB	kiertää
klardžetiin	PROPN	Klardžet
klassikoita	NOUN	klassikko
klassikon	NOUN	klassikko
klassisemmissa	ADJ	klassinen
klassisen	ADJ	klassinen
klassista	ADJ	klassinen
kleopatranenät	NOUN	Kleopatra#nenä
kliiniseen	ADJ	kliininen
kliinisen	ADJ	kliininen
kliinisestä	ADJ	kliininen
klinikoissa	NOUN	klinikka
klompsuttaen	VERB	klompsuttaa
klooniarmeijan	NOUN	klooni#armeija
kloonien	NOUN	klooni
klubillekin	PROPN	Klubi
klubin	NOUN	klubi
klusterille	PROPN	Klusteri
km:llä	NOUN	kilo#metri
knifen	PROPN	Knife
ko	ADV	kun
kodikasta	ADJ	kodikas
kodin	NOUN	koti
kodinhoitohuoneesta	NOUN	kodin#hoito#huone
kodinkoneiden	NOUN	kodin#kone
kodinkoneita	NOUN	kodin#kone
kodissa	NOUN	koti
kodissani	NOUN	koti
kodista	NOUN	koti
kodistamme	NOUN	koti
koe	VERB	kokea
koe-eläimenä	NOUN	koe#eläin
koeaikana	NOUN	koe#aika
koeajaksi	NOUN	koe#aika
koeajan	NOUN	koe#aika
koeajoin	NOUN	koe#aika
koealueena	NOUN	koe#alue
koekaivauksia	NOUN	koe#kaivaus
koekytkentälevylle	NOUN	koe#kytkentä#levy
koekäytössä	NOUN	koe#käyttö
koemme	VERB	kokea
koen	VERB	kokea
koetaan	VERB	kokea
koeteltiin	VERB	koetella
koetin	VERB	koettaa
koetta	NOUN	koe
koettaneet	VERB	koettaa
koettelisi	VERB	koetella
koettiin	VERB	kokea
koettivat	VERB	koettaa
koettu	VERB	kokea
koetuista	VERB	kokea
kofeiinin	NOUN	kofeiini
kofeiinipitoisen	ADJ	kofeiini#pitoinen
kofeiinitableteilla	NOUN	kofeiini#tabletti
kognitiivisiin	ADJ	kognitiivinen
kohautin	VERB	kohauttaa
kohautti	VERB	kohauttaa
kohdalla	NOUN	kohta
kohdallaan	NOUN	kohta
kohdallani	NOUN	kohta
kohdalle	NOUN	kohta
kohdalleen	NOUN	kohta
kohdalta	NOUN	kohta
kohdan	NOUN	kohta
kohdanneensa	VERB	kohdata
kohdannut	VERB	kohdata
kohdassa	NOUN	kohta
kohdasta	NOUN	kohta
kohdat	NOUN	kohta
kohdataan	VERB	kohdata
kohdatessa	VERB	kohdata
kohdekudokselle	NOUN	kohde#kudos
kohdellaan	VERB	kohdella
kohdelleet	VERB	kohdella
kohdelluiksi	VERB	kohdella
kohdeltava	VERB	kohdella
kohdeltu	VERB	kohdella
kohdemaahan	NOUN	kohde#maa
kohdemaassa	NOUN	kohde#maa
kohdennettuja	VERB	kohdentaa
kohdennetulla	VERB	kohdentaa
kohdentamisessa	NOUN	kohdentaminen
kohdentamisjärjestelmää	NOUN	kohdentamis#järjestelmä
kohdentamissääntöjen	NOUN	kohdentamis#sääntö
kohdentamista	NOUN	kohdentaminen
kohdetta	NOUN	kohde
kohdettaan	NOUN	kohde
kohdilleen	NOUN	kohta
kohdin	NOUN	kohta
kohdista	NOUN	kohta
kohdistamaa	VERB	kohdistaa
kohdistamalla	VERB	kohdistaa
kohdistavat	VERB	kohdistaa
kohdistettu	VERB	kohdistaa
kohdistui	VERB	kohdistua
kohdistuu	VERB	kohdistua
kohdistuvaan	VERB	kohdistua
kohdistuvan	VERB	kohdistua
kohdistuvat	VERB	kohdistua
kohdistuviin	VERB	kohdistua
kohdistuvista	VERB	kohdistua
koheesiopolitiikan	NOUN	koheesio#politiikka
koheesiopolitiikkaa	NOUN	koheesio#politiikka
koheni	VERB	koheta
kohensi	VERB	kohentaa
koherenttia	ADJ	koherentti
kohkausaikaa	NOUN	kohkaus#aika
kohmeessa	NOUN	kohme
kohoaa	VERB	kohota
kohoamisessa	NOUN	kohoaminen
kohoavan	VERB	kohota
kohoavat	VERB	kohota
kohokohtaa	NOUN	koho#kohta
kohokohtia	NOUN	koho#kohta
kohonneeseen	VERB	kohota
kohonneina	VERB	kohota
kohonnut	VERB	kohota
kohosi	VERB	kohota
kohota	VERB	kohottaa
kohtaa	NOUN	kohta
kohtaa	VERB	kohdata
kohtaamaan	VERB	kohdata
kohtaamat	VERB	kohdata
kohtaamiseen	NOUN	kohdaaminen
kohtaamisesta	NOUN	kohtaaminen
kohtaan	NOUN	kohta
kohtalaisen	ADJ	kohtalainen
kohtaloa	NOUN	kohtalo
kohtaloaan	NOUN	kohtalo
kohtaloista	NOUN	kohtalo
kohtalonsa	NOUN	kohtalo
kohtalosta	NOUN	kohtalo
kohtasi	VERB	kohdata
kohtasivat	VERB	kohdata
kohtauksesta	NOUN	kohtaus
kohtauspaikalle	NOUN	kohtaus#paikka
kohteekseen	NOUN	kohde
kohteeksi	NOUN	kohde
kohteen	NOUN	kohde
kohteena	NOUN	kohde
kohteet	NOUN	kohde
kohteiden	NOUN	kohde
kohteisiin	NOUN	kohde
kohteissa	NOUN	kohde
kohtelee	VERB	kohdella
kohtelemme	VERB	kohdella
kohteliaisuuden	NOUN	kohteliaisuus
kohtelun	NOUN	kohtelu
kohtia	NOUN	kohta
kohtien	NOUN	kohta
kohtuudella	NOUN	kohtuus
kohtuullisella	ADJ	kohtuullinen
kohtuullisen	ADJ	kohtuullinen
kohtuulliset	ADJ	kohtuullinen
kohtuullisin	ADJ	kohtuullinen
kohtuullistajiksi	NOUN	kohtuullistaja
kohtuullistamisessa	NOUN	kohtuullistaminen
kohtuutonta	ADJ	kohtuuton
kohtuuttomuuteen	NOUN	kohtuuttomuus
koijärven	PROPN	Koijärvi
koillis-iranissa	PROPN	Koillis-Iran
koilliseen	NOUN	koillinen
koillisesta	NOUN	koillinen
koinkin	VERB	kokea
koipeni	NOUN	koipi
koiraan	NOUN	koiras
koiraat	NOUN	koiras
koiran	NOUN	koira
koiranulkoiluttajat	NOUN	koira#ulkoiluttaja
koirasta	NOUN	koira
koirat	NOUN	koira
koiria	NOUN	koira
koirun	NOUN	koira
koitat	VERB	koittaa
koitin	VERB	koittaa
koitoksiin	NOUN	koitos
koittaisi	VERB	koittaa
koittamista	NOUN	koittaminen
koitti	VERB	koittaa
koituneen	VERB	koitua
koituu	VERB	koitua
koivet	NOUN	koipi
koivistoa	PROPN	Koivisto
koivistolla	PROPN	Koivisto
koivuista	NOUN	koivu
koivulla	PROPN	Koivu
koivunlehdet	NOUN	koivun#lehti
kojulla	NOUN	koju
kojun	NOUN	koju
kok.	NOUN	kokoomus
kok.	PROPN	Kokoomus
kokee	VERB	kokea
kokeeksi	NOUN	koe
kokeelliselta	ADJ	kokeellinen
kokeellisen	ADJ	kokeellinen
kokeellisia	ADJ	kokeellinen
kokeellista	ADJ	kokeellinen
kokeessa	NOUN	koe
kokeet	NOUN	koe
kokeile	VERB	kokeilla
kokeilemaan	VERB	kokeilla
kokeilemassa	VERB	kokeilla
kokeilemme	VERB	kokeilla
kokeilin	VERB	kokeilla
kokeillut	VERB	kokeilla
kokeiltiin	VERB	kokeilla
kokeiluhanketta	NOUN	kokeilu#hanke
kokeilukuntiin	NOUN	kokeilu#kunta
kokeilun	NOUN	kokeilu
kokeilunhalusta	NOUN	kokeilun#halu
kokemaan	VERB	kokea
kokemattomuutta	NOUN	kokemattomuus
kokemuksellisessa	ADJ	kokemuksellinen
kokemuksen	NOUN	kokemus
kokemuksena	NOUN	kokemus
kokemuksesta	NOUN	kokemus
kokemukset	NOUN	kokemus
kokemuksia	NOUN	kokemus
kokemuksista	NOUN	kokemus
kokemuksistaan	NOUN	kokemus
kokemusta	NOUN	kokemus
kokemusten	NOUN	kokemus
kokemustensa	NOUN	kokemus
kokemusvarastooni	NOUN	kokemus#varasto
kokemäenjoen	PROPN	Kokemäenjoki
kokemäenjoessa	PROPN	Kokemäenjoki
kokeneen	ADJ	kokenut
kokeneet	NOUN	kokenut
kokeneet	VERB	kokea
kokeneetkaan	VERB	kokea
kokenut	VERB	kokea
kokenutta	ADJ	kokenut
kokevat	VERB	kokea
kokevatko	VERB	kokea
koki	VERB	kokea
kokijan	NOUN	kokija
kokin	PROPN	Kok
kokisin	VERB	kokea
kokkareina	NOUN	kokkare
kokkaritilaisuutta	NOUN	kokkarit#tilaisuus
kokkidiostaattien	PROPN	kokkidiostaatti
kokkien	NOUN	kokki
kokkobasillien	NOUN	kokko#basilli
kokkolan	PROPN	Kokkola
koko-ongelma	NOUN	koko#ongelma
kokoa	NOUN	koko
kokoajan	NOUN	koko#aika
kokoamaan	VERB	koota
kokoaman	VERB	koota
kokoamisen	NOUN	kokoaminen
kokoelma-albumi	NOUN	kokoelma#albumi
kokoelmista	NOUN	kokoelma
kokoisella	ADJ	kokoinen
kokoiset	ADJ	kokoinen
kokoisia	ADJ	kokoinen
kokoluokkaa	NOUN	koko#luokka
kokon	PROPN	Kokko
kokonaisen	ADJ	kokonainen
kokonaisia	ADJ	kokonainen
kokonaisiksi	ADJ	kokonainen
kokonaisista	ADJ	kokonainen
kokonaiskaistan	NOUN	kokonais#kaista
kokonaiskuunteluaikaa	NOUN	kokonais#kuuntelu#aika
kokonaiskuvaa	NOUN	kokonais#kuva
kokonaiskuvan	NOUN	kokonais#kuva
kokonaislukumäärän	NOUN	kokonais#luku#määrä
kokonaismäärään	NOUN	kokonais#määrä
kokonaisratkaisussa	NOUN	kokonais#ratkaisu
kokonaista	ADJ	kokonainen
kokonaisuudeksi	NOUN	kokonaisuus
kokonaisuudelle	NOUN	kokonaisuus
kokonaisuuden	NOUN	kokonaisuus
kokonaisuudessaan	NOUN	kokonaisuus
kokonaisuuteen	NOUN	kokonaisuus
kokonaisvaltaisen	ADJ	kokonais#valtainen
kokonsa	NOUN	koko
kokoomukselle	NOUN	kokoomus
kokoomuksen	NOUN	kokoomus
kokoomuksen	PROPN	Kokoomus
kokoomusta	PROPN	Kokoomus
kokoonpanoissa	NOUN	kokoon#pano
kokoonpanossa	NOUN	kokoonpano
kokoontui	VERB	kokoontua
kokoontuivat	VERB	kokoontua
kokoontuneen	VERB	kokoontua
kokoontuneet	VERB	kokoontua
kokoontunut	VERB	kokoontua
kokoontuu	VERB	kokoontua
kokoontuvat	VERB	kokoontua
kokosi	VERB	koota
kokoukseen	NOUN	kokous
kokouksen	NOUN	kokous
kokouksessa	NOUN	kokous
kokouksessaan	NOUN	kokous
kokouksesta	NOUN	kokous
kokoukset	NOUN	kokous
kokouksia	NOUN	kokous
kokouksissa	NOUN	kokous
kokouksista	NOUN	kokous
kokousta	NOUN	kokous
kokousten	NOUN	kokous
kokovuotisen	ADJ	koko#vuotinen
kolahtavat	VERB	kolahtaa
kolaningenilla	PROPN	Kolaningen
kolarissa	NOUN	kolari
kolavaa	PROPN	Kolava
kolavalle	PROPN	Kolava
kolavan	PROPN	Kolava
kolikkoautomaateilla	NOUN	kolikko#automaatti
kolikkoja	NOUN	kolikko
kolikoita	NOUN	kolikko
kolikon	NOUN	kolikko
kolkhiksen	PROPN	Kolkhis
kolkhiksesta	PROPN	Kolkhiks
kolkuttaen	VERB	kolkuttaa
kollegalleen	NOUN	kollega
kollegani	NOUN	kollega
kollegat	NOUN	kollega
kollegiona	NOUN	kollegio
kollegiumia	NOUN	kollegium
kollegiumien	NOUN	kollegium
kollegiumin	NOUN	kollegium
kollegiumit	NOUN	kollegium
kollegiumtutkijaa	NOUN	kollegium#tutkija
kollegiumtutkijalla	NOUN	kollegium#tutkija
kollegoilleen	NOUN	kollega
kollegoilleni	NOUN	kollega
kollegoista	NOUN	kollega
kollegoistaan	NOUN	kollega
kollegojani	NOUN	kollega
kollektiivista	ADJ	kollektiivinen
kolmanenta	ADJ	kolmas
kolmanneksen	NOUN	kolmannes
kolmanneksi	ADJ	kolmas
kolmanneksina	NOUN	kolmannes
kolmannella	ADJ	kolmas
kolmannelle	ADJ	kolmas
kolmannen	ADJ	kolmas
kolmannessa	ADJ	kolmas
kolmannesta	ADJ	kolmas
kolmannet	ADJ	kolmas
kolmansien	ADJ	kolmas
kolmansissa	ADJ	kolmas
kolmansista	ADJ	kolmas
kolmanteen	ADJ	kolmas
kolmantena	ADJ	kolmas
kolmasosan	NOUN	kolmas#osa
kolmasosassa	NOUN	kolmasosa
kolmatta	ADJ	kolmas
kolmea	NUM	kolme
kolmee	NUM	kolme
kolmeen	NUM	kolme
kolmeksi	NUM	kolme
kolmekymmentä	NUM	kolme#kymmenen
kolmekymmentäkaksi	NUM	kolme#kymmenen#kaksi
kolmekymppisistä	ADJ	kolme#kymppinen
kolmella	NUM	kolme
kolmelta	NUM	kolme
kolmen	NUM	kolme
kolmenlaisia	ADJ	kolmenlainen
kolmessa	NUM	kolme
kolmessatoista	NUM	kolme#toista
kolmesta	NUM	kolme
kolmikantaneuvotteluissa	NOUN	kolmi#kanta#neuvottelu
kolmikantasopimuksen	NOUN	kolmi#kanta#sopimus
kolmikantasopimuksessa	NOUN	kolmi#kanta#sopimus
kolmikolla	NOUN	kolmikko
kolminkertaiseksi	ADJ	kolmin#kertainen
kolminkertaisen	ADJ	kolmin#kertainen
kolmioiksi	NOUN	kolmio
kolmipäiväisten	ADJ	kolmi#päiväinen
kolmisylinteristä	ADJ	kolmi#sylinterinen
kolmitahoista	ADJ	kolmi#tahoinen
kolmoseksi	NOUN	kolmonen
kolmosen	NOUN	kolmonen
kolmosluokan	NOUN	kolmos#luokka
kolmossijaa	NOUN	kolmos#sija
koloistaan	NOUN	kolo
kolossaaliset	ADJ	kolossaalinen
kolumbian	PROPN	Kolumbia
kolumneja	NOUN	kolumni
koluttavaa	VERB	koluta
kolvasin	VERB	kolvata
kolvattu	VERB	kolvata
komeaa	ADJ	komea
komeammin	ADV	komeasti
komeat	ADJ	komea
komediaelokuvan	NOUN	komedia#elo#kuva
komediallisia	ADJ	komediallinen
komediassa	NOUN	komedia
komeetat	NOUN	komeetta
komennettaisiin	VERB	komentaa
komennoiksi	NOUN	komento
komennolla	NOUN	komento
komennossa	NOUN	komento
komensin	VERB	komentaa
komentajaa	NOUN	komentaja
komentamassa	VERB	komentaa
komentotilaan	NOUN	komento#tila
komentotilassa	NOUN	komento#tila
komeroissa	NOUN	komero
komeron	NOUN	komero
komerostaan	NOUN	komero
komeudessaan	NOUN	komeus
komissiolla	NOUN	komissio
komissiolle	NOUN	komissio
komission	NOUN	komissio
komissioon	NOUN	komissio
komissiossa	NOUN	komissio
komissiota	NOUN	komissio
komistamien	VERB	komistaa
komiteaa	NOUN	komitea
komitealle	NOUN	komitea
komiteamenettelyn	NOUN	komitea#menettely
komiteamenettelyvaltuuksia	NOUN	komitea#menettely#valtuus
komitean	NOUN	komitea
komitologiamenettelyn	NOUN	komitologia#menettely
komitologiamenettelyyn	NOUN	komitologia#menettely
kommelluksen	NOUN	kommellus
kommentaattorin	NOUN	kommentaattori
kommentaattorina	NOUN	kommentaattori
kommenteissa	NOUN	kommentti
kommentoi	VERB	kommentoida
kommentoidessaan	VERB	kommentoida
kommentoijille	NOUN	kommentoija
kommentoimaan	VERB	kommentoida
kommentointiin	NOUN	kommentointi
kommentoitu	VERB	kommentoida
kommentoituna	VERB	kommentoida
kommentteja	NOUN	kommentti
kommenttipuheenvuorossaan	NOUN	kommentti#puheen#vuoro
kommunikaatioteknologiaan	NOUN	kommunikaatio#teknologia
kommunikointikykyä	NOUN	kommunikointi#kyky
kommunistien	NOUN	kommunisti
kommunistisen	ADJ	kommunistinen
kompassiruusut	NOUN	kompassi#ruusu
kompastuin	VERB	kompastua
kompetenssista	NOUN	kompetenssi
komponenteista	NOUN	komponentti
komponentin	NOUN	komponentti
komponentit	NOUN	komponentti
komponentteja	NOUN	komponentti
komponetteja	NOUN	komponentti
kompromissia	NOUN	kompromissi
kompromissiehdotuksemme	NOUN	kompromissi#ehdotus
kompromissiin	NOUN	kompromissi
kompromissin	NOUN	kompromissi
kompromissiratkaisusta	NOUN	kompromissi#ratkaisu
kompromissistahan	NOUN	kompromissi
kompromissitarkistuksen	NOUN	kompromissi#tarkistus
kompuroiden	VERB	kompuroida
konduktööriltä	NOUN	konduktööri
konduktöörinä	NOUN	konduktööri
koneella	NOUN	kone
koneelle	NOUN	kone
koneen	NOUN	kone
koneen	PROPN	Kone
koneeseen	NOUN	kone
koneessa	NOUN	kone
koneiden	NOUN	kone
koneille	NOUN	kone
koneissa	NOUN	kone
konepaja-	NOUN	kone#paja
konepajalla	NOUN	kone#paja
konepellillä	NOUN	kone#pelti
konepellissä	NOUN	kone#pelti
koneteekkareiden	NOUN	kone#teekkari
konetyyppiin	NOUN	kone#tyyppi
konferensseissa	NOUN	konferenssi
konferenssiin	NOUN	konferenssi
konferenssin	NOUN	konferenssi
konferenssissa	NOUN	konferenssi
konflikteihin	NOUN	konflikti
konflikteja	NOUN	konflikti
konformismin	NOUN	konformismi
kongresseja	NOUN	kongressi
kongressilta	NOUN	kongressi
kongressin	NOUN	kongressi
koninginnedagia	PROPN	Koninginnedag
konjugaatioiksi	NOUN	konjugaatio
konkreettisiksi	ADJ	konkreettinen
konkreettisin	ADJ	konkreettinen
konkreettisuudessaan	NOUN	konkreettisuus
konkurssiin	NOUN	konkurssi
konkurssissa	NOUN	konkurssi
konsekutiivisia	ADJ	konsekutiivinen
konsensusta	NOUN	konsensus
konsepteja	NOUN	konsepti
konseptikotien	NOUN	konsepti#koti
konseptin	NOUN	konsepti
konsertin	NOUN	konsertti
konsertissa	NOUN	konsertti
konsertista	NOUN	konsertti
konsertteihin	NOUN	konsertti
konsertteja	NOUN	konsertti
konservatismia	NOUN	konservatismi
konservatorion	NOUN	konservatorio
konsolidoidun	VERB	konsolidoida
konsolidoidussa	VERB	konsolidoida
konsolidoidusta	VERB	konsolidoida
konsortiolle	NOUN	konsortio
konsortion	NOUN	konsortio
konsortioon	NOUN	konsortio
konsortiossa	NOUN	konsortio
konstit	NOUN	konsti
konsulin	NOUN	konsuli
konsulina	NOUN	konsuli
konsultin	NOUN	konsultti
konsultointiin	NOUN	konsultointi
konsultoitava	VERB	konsultoida
konsulttifirmaan	NOUN	konsultti#firma
kontakteja	NOUN	kontakti
kontaktia	NOUN	kontakti
kontaktin	NOUN	kontakti
kontaktit	NOUN	kontakti
konteissa	NOUN	kontti
kontiorannan	PROPN	Kontio#ranta
kontrollia	NOUN	kontrolli
kontrollijärjestelmän	NOUN	kontrolli#järjestelmä
konttoreita	NOUN	konttori
konvertoineita	VERB	konvertoida
koodaamista	NOUN	koodaaminen
koodarinkin	NOUN	koodari
koodasi	VERB	koodata
koodattua	VERB	koodata
koodauksen	NOUN	koodaus
koodausta	NOUN	koodaus
koodia	NOUN	koodi
koodiin	NOUN	koodi
koodikin	NOUN	koodi
koodin	NOUN	koodi
koodini	NOUN	koodi
koodissa	NOUN	koodi
koodista	NOUN	koodi
kookkaiden	ADJ	kookas
kookkain	ADJ	kookas
kookkaita	ADJ	kookas
kooltaan	NOUN	koko
koomaan	NOUN	kooma
koomin	ADV	koommin
koon	NOUN	koko
koordinaatteihin	NOUN	koordinaatti
koordinaattorit	NOUN	koordinaattori
koordinointia	NOUN	koordinointi
koordinointiin	NOUN	koordinointi
koosta	NOUN	koko
koostava	VERB	koostaa
koostui	VERB	koostua
koostumusta	NOUN	koostumus
koostuu	VERB	koostua
koostuvaksi	VERB	koostua
koostuvat	VERB	koostua
koottu	VERB	koota
kopareidenkin	PROPN	Koparit
kopioi	VERB	kopioida
kopioimalla	VERB	kopioida
kopioita	NOUN	kopio
kopioitu	VERB	kopioida
kopioivat	VERB	kopioida
kopiota	NOUN	kopio
kopissaan	NOUN	koppi
kopittelemaan	VERB	kopitella
kopo-koordinaattoriksi	NOUN	kopo#koordinaattori
kopo-koordinaattorin	NOUN	Kopo#koordinaattori
kopo-koordinaattorina	NOUN	kopo#koordinaattori
kopo-toimikuntien	NOUN	kopo#toimi#kunta
kopparbergiä	PROPN	Kopparberg
koputettiin	VERB	koputtaa
koputtaisi	VERB	koputtaa
koputtamisesta	NOUN	koputtaminen
koputtelemalla	VERB	koputella
koralliriuttojen	NOUN	koralli#riutta
korealaiset	ADJ	korealainen
korealaisvalmistajan	NOUN	korealais#valmistaja
korean	PROPN	Korea
koreassa	PROPN	Korea
koreja	NOUN	kori
koriin	NOUN	kori
korin	NOUN	kori
korinttolaisiin	NOUN	korinttolainen
koripalloa	NOUN	kori#pallo
koripalloilijaksi	NOUN	kori#palloilija
koripalloilijan	NOUN	kori#palloilija
koripallojoukkueessa	NOUN	kori#pallo#joukkue
koripallon	NOUN	kori#pallo
koristajiksikin	NOUN	koristaja
koristeeksi	NOUN	koriste
koristeelliset	ADJ	koristeellinen
koristeellisia	ADJ	koristeellinen
koristelin	VERB	koristella
koristellut	VERB	koristella
koristeltuja	VERB	koristella
koristelusta	NOUN	koristelu
koristeluun	NOUN	koristelu
koristeseoksessa	NOUN	koriste#seos
koristikin	VERB	koristaa
korjaa	VERB	korjata
korjaamaan	VERB	korjata
korjaamolle	NOUN	korjaamo
korjaamorakennuksessa	NOUN	korjaamo#rakennus
korjaan	VERB	korjata
korjailivat	VERB	korjailla
korjasivat	VERB	korjata
korjataan	VERB	korjata
korjattavaa	VERB	korjata
korjattavaksi	VERB	korjata
korjattavissa	VERB	korjata
korjattu	VERB	korjata
korjauksen	NOUN	korjaus
korjauksia	NOUN	korjaus
korjauksista	NOUN	korjaus
korjaussarjan	NOUN	korjaus#sarja
korjausta	NOUN	korjaus
korkea-arvoista	ADJ	korkea#arvoinen
korkeakouluasteen	NOUN	korkea#koulu#aste
korkeakouluihin	NOUN	korkea#koulu
korkeakoulujen	NOUN	korkea#koulu
korkeakoulukumppani-sivuston	NOUN	korkea#koulu#kumppani#sivusto
korkeakoulumiljööseen	NOUN	korkea#koulu#miljöö
korkeakoulun	NOUN	korkea#koulu
korkeakoulut	NOUN	korkea#koulu
korkeakoulututkinnon	NOUN	korkea#koulu#tutkinto
korkeaksi	ADJ	korkea
korkealaatuisten	ADJ	korkea#laatuinen
korkealla	ADJ	korkea
korkealle	ADJ	korkea
korkeallepa	ADJ	korkea
korkealta	ADJ	korkea
korkeammalla	ADJ	korkea
korkeammalle	ADJ	korkea
korkeammalle	ADV	korkealle
korkeampi	ADJ	korkea
korkeampia	ADJ	korkea
korkeampiin	ADJ	korkea
korkean	ADJ	korkea
korkeana	ADJ	korkea
korkeanpaikankammoiselle	ADJ	korkean#paikan#kammoinen
korkeassa	ADJ	korkea
korkeat	ADJ	korkea
korkeatasoisia	ADJ	korkea#tasoinen
korkeatasoisina	ADJ	korkea#tasoinen
korkeempaa	ADJ	korkea
korkeimmalla	ADJ	korkea
korkeimman	ADJ	korkea
korkeimmasta	ADJ	korkea
korkeimmat	ADJ	korkea
korkeimpaan	ADJ	korkea
korkein	ADJ	korkea
korkeisiin	ADJ	korkea
korkeissa	ADJ	korkea
korkeista	ADJ	korkea
korkeudeksi	NOUN	korkeus
korkeudella	NOUN	korkeus
korkeudellaan	NOUN	korkeus
korkeudelle	NOUN	korkeus
korkeudeltaan	NOUN	korkeus
korkeuden	NOUN	korkeus
korkeudessa	NOUN	korkeus
korkeuksiin	NOUN	korkeus
korkeutta	NOUN	korkeus
korkkareita	NOUN	korkkari
korkkareitani	NOUN	korkkari
korkkarit	NOUN	korkkari
korkkasimme	VERB	korkata
korkoa	NOUN	korko
korkoeron	NOUN	korko#ero
korkoja	NOUN	korko
korkojen	NOUN	korko
korkokatteen	NOUN	korko#kate
korkokulut	NOUN	korko#kulu
korkomarginaaleissa	NOUN	korko#marginaali
korkoon	NOUN	korko
korkopisteeseen	NOUN	korko#piste
korkopisteessä	NOUN	korko#piste
korkopistettä	NOUN	korko#piste
korkoprosenteilla	NOUN	korko#prosentti
korkotulon	NOUN	korko#tulo
koroissa	NOUN	korko
koroissani	NOUN	korko
korokkeellakin	NOUN	koroke
koron	NOUN	korko
koronalennus	NOUN	korko#alennus
korostaakin	VERB	korostaa
korostaen	VERB	korostaa
korostamalla	VERB	korostaa
korostamisena	NOUN	korostaminen
korostan	VERB	korostaa
korostavan	VERB	korostaa
korostetaan	VERB	korostaa
korostettava	VERB	korostaa
korostettu	VERB	korostaa
korosti	VERB	korostaa
korostusta	NOUN	korostus
korostuu	VERB	korostua
korot	NOUN	korko
korotetaan	VERB	korottaa
korotettiin	VERB	korottaa
korottamalla	VERB	korottaa
korotuksia	NOUN	korotus
korppujauhoista	NOUN	korppu#jauho
korrektiuden	NOUN	korrektius
korsetin	NOUN	korsetti
korsetteja	NOUN	korsetti
korsettia	NOUN	korsetti
korsista	NOUN	korsi
kortin	NOUN	kortti
kortinpeluuseen	NOUN	kortin#peluu
kortit	NOUN	kortti
kortteelta	PROPN	Korte
kortteja	NOUN	kortti
korttelissa	NOUN	kortteli
korttia	NOUN	kortti
korttiluottojen	NOUN	kortti#luotto
korttinsa	NOUN	kortti
korttipeliä	NOUN	kortti#peli
korukirjaimin	NOUN	koru#kirjain
korulta	NOUN	koru
korvaajaa	NOUN	korvaaja
korvaajaksi	NOUN	korvaaja
korvaamattoman	ADJ	korvaamaton
korvaava	VERB	korvata
korvalehdille	NOUN	korva#lehti
korvamerkitty	VERB	korva#merkitä
korvani	NOUN	korva
korvapuusteja	NOUN	korva#puusti
korvapuustit	NOUN	korva#puusti
korvasi	VERB	korvata
korvasta	NOUN	korva
korvataan	VERB	korvata
korvattava	VERB	korvata
korvattavien	VERB	korvata
korvattiin	VERB	korvata
korvatulppia	NOUN	korva#tulppa
korvaukseen	NOUN	korvaus
korvaukseksi	NOUN	korvaus
korvauksen	NOUN	korvaus
korvauksena	NOUN	korvaus
korvauksesta	NOUN	korvaus
korvauksia	NOUN	korvaus
korvauksina	NOUN	korvaus
korvauskanteen	NOUN	korvaus#kanne
korvauskysymykset	NOUN	korvaus#kysymys
korvausta	NOUN	korvaus
korvausvaatimuksen	NOUN	korvaus#vaatimus
korvausvaatimusta	NOUN	korvaus#vaatimus
korvausvastuujärjestelmiä	NOUN	korvaus#vastuu#järjestelmä
korvausvastuun	NOUN	korvaus#vastuu
korvausvastuuseen	NOUN	korvaus#vastuu
korvausvastuussa	NOUN	korvaus#vastuu
korvausvastuusta	NOUN	korvaus#vastuu
korvausvastuuta	NOUN	korvaus#vastuu
korvien	NOUN	korva
korvillaan	NOUN	korva
korvilleen	NOUN	korva
korvilta	NOUN	korva
korvissa	NOUN	korva
korvissaan	NOUN	korva
korvissani	NOUN	korva
koske	VERB	koskea
koskee	VERB	koskea
koskeen	NOUN	koski
koskemaan	VERB	koskea
koskematta	VERB	koskea
koskemattomuutensa	NOUN	koskemattomuus
koskenut	VERB	koskea
kosketaan	VERB	koskea
kosketan	VERB	koskettaa
koskettanut	VERB	koskettaa
kosketuksen	NOUN	kosketus
kosketusetäisyydellä	NOUN	kosketus#etäisyys
koskeva	VERB	koskea
koskevaa	VERB	koskea
koskevaan	VERB	koskea
koskevalla	VERB	koskea
koskevan	VERB	koskea
koskevassa	VERB	koskea
koskevasta	VERB	koskea
koskevat	VERB	koskea
koskevia	VERB	koskea
koskevien	VERB	koskea
koskeviin	VERB	koskea
koskevilla	VERB	koskea
koskevissa	VERB	koskea
koskevista	VERB	koskea
koski	VERB	koskea
koskisivat	VERB	koskea
koskivat	VERB	koskea
kosmetiikka-alalla	NOUN	kosmetiikka#ala
kosmetiikkanäytteisiin	NOUN	kosmetiikka#näyte
kosmokseen	NOUN	kosmos
kosmoksen	NOUN	kosmos
kosmoksessa	NOUN	kosmos
kosmoksesta	NOUN	kosmos
kosmoksestaan	NOUN	kosmos
kosmologian	NOUN	kosmologia
kosmosta	NOUN	kosmos
kostamme	VERB	kostaa
kosteaa	ADJ	kostea
kosteaan	ADJ	kostea
kosteahkossa	ADJ	kosteahko
kostean	ADJ	kostea
kosteille	ADJ	kostea
kosteilta	ADJ	kostea
kosteissa	ADJ	kostea
kostoksi	NOUN	kosto
kostromaan	PROPN	Kostromaa
kostromasta	PROPN	Kostrom
kostukkeeksi	NOUN	kostuke
kostutusliemenä	NOUN	kostutus#liemi
koteihinsa	NOUN	koti
koti-ikävää	NOUN	koti#ikävä
koti-isä	NOUN	koti#isä
koti-suomeen	PROPN	koti#Suomi
kotia	NOUN	koti
kotiahon	PROPN	Kotiaho
kotiavun	NOUN	koti#apu
kotieläimistä	NOUN	koti#eläin
kotien	NOUN	koti
kotiin	NOUN	koti
kotiinsa	NOUN	koti
kotijalostettuja	VERB	koti#jalostaa
kotikatuni	NOUN	koti#katu
kotikaupunkinsa	NOUN	koti#kaupunki
kotikenttäetunsa	NOUN	koti#kenttä#etu
kotikoneelle	NOUN	koti#kone
kotikylänsä	NOUN	koti#kylä
kotikylässään	NOUN	koti#kylä
kotikyläänsä	NOUN	koti#kylä
kotilinnakin	NOUN	koti#linna
kotiläksyt	NOUN	koti#läksy
kotimaahan	PROPN	Kotimaa
kotimaahansa	NOUN	koti#maa
kotimaan	NOUN	koti#maa
kotimaanmatkoja	NOUN	koti#maa#matka
kotimaansa	NOUN	koti#maa
kotimaassa	NOUN	koti#maa
kotimaassaan	NOUN	koti#maa
kotimaastaan	NOUN	koti#maa
kotimaisen	ADJ	koti#mainen
kotimaisessa	ADJ	koti#mainen
kotimaisia	ADJ	kotimainen
kotimaisien	ADJ	kotimainen
kotimaista	ADJ	koti#mainen
kotimarkkinoiden	NOUN	koti#markkinat
kotimarkkinoilla	NOUN	koti#markkinat
kotimatkaan	NOUN	koti#matka
kotimatkalla	NOUN	koti#matka
kotimatkalle	NOUN	koti#matka
kotimatkan	NOUN	koti#matka
kotimyynnin	NOUN	koti#myynti
kotini	NOUN	koti
kotinsa	NOUN	koti
kotio	NOUN	koti
kotipaikkaa	NOUN	koti#paikka
kotipalveluista	NOUN	koti#palvelu
kotipesässä	NOUN	koti#pesä
kotiseudulla	NOUN	koti#seutu
kotiseutukulttuurin	NOUN	koti#seutu#kulttuuri
kotisivujen	NOUN	koti#sivu
kotisivulta	NOUN	koti#sivu
kotisivuna	NOUN	koti#sivu
kotisivut	NOUN	koti#sivu
kotitaloaan	NOUN	koti#talo
kotitalonsa	NOUN	koti#talo
kotitalouden	NOUN	koti#talous
kotitaloudet	NOUN	koti#talous
kotitalouksien	NOUN	koti#talous
kotitalouksissa	NOUN	koti#talous
kotitalouksista	NOUN	koti#talous
kotitalousvähennykseen	NOUN	koti#talous#vähennys
kotitalousvähennyksen	NOUN	koti#talous#vähennys
kotitalousvähennystä	NOUN	koti#talous#vähennys
kotitaloutta	NOUN	koti#talous
kotitilalta	NOUN	koti#tila
kotitilamme	NOUN	koti#tila
kotitöitä	NOUN	koti#työ
kotiutettava	VERB	kotiuttaa
kotiutin	VERB	kotiuttaa
kotiyleisön	NOUN	koti#yleisö
kotkan	PROPN	Kotka
kotkassa	PROPN	Kotka
kotoa	NOUN	koto
kotoaan	ADV	kotoa
kotoaan	NOUN	koto
kotoisan	ADJ	kotoisa
kotoisessa	ADJ	kotoinen
kotoisuutta	NOUN	kotoisuus
kotokummun	PROPN	Kotokumpu
kotokummusta	PROPN	Kotokumpu
kotona	NOUN	koto
kotouttamisasioihin	NOUN	kotouttamis#asia
kotouttamiseen	NOUN	kotouttaminen
kotouttamiselle	NOUN	kotouttaminen
kotouttamisen	NOUN	kotouttaminen
kotouttamisesta	NOUN	kotouttaminen
kotouttamispolitiikasta	NOUN	kotouttamis#politiikka
kotouttamispolitiikat	NOUN	kotouttamis#politiikka
kotouttamispolitiikkaan	NOUN	kotouttamis#politiikka
kotouttamispolitiikkojen	NOUN	kotouttamis#politiikka
kotouttamisprosessin	NOUN	kotouttamis#prosessi
kotouttamisrahastoon	NOUN	kotouttamis#rahasto
kotouttamisstrategioita	NOUN	kotouttamis#strategia
kotouttamista	NOUN	kotouttaminen
kotouttamistoimet	NOUN	kotouttamis#toimi
kotouttamistoimia	NOUN	kotouttamis#toimi
kotouttamistoimien	NOUN	kotouttamis#toimi
kotoutumista	NOUN	kotoutuminen
kottilaa	PROPN	Kottila
kottilan	PROPN	Kottila
kottilassa	PROPN	Kottila
koukkua	NOUN	koukku
koulua	NOUN	koulu
kouluajoilta	NOUN	koulu#aika
kouluammuskelusta	NOUN	koulu#ammuskelu
kouluhommien	NOUN	koulu#homma
kouluikäistä	ADJ	koulu#ikäinen
kouluissa	NOUN	koulu
kouluista	NOUN	koulu
koululaiset	NOUN	koululainen
koululaisiin	NOUN	koululainen
koululaisilla	NOUN	koululainen
koululaisille	NOUN	koululainen
koululaisryhmiä	NOUN	koululais#ryhmä
koululaisryhmälle	NOUN	koululais#ryhmä
koululaisryhmät	NOUN	koululais#ryhmä
koululaisten	NOUN	koululainen
koulullakin	NOUN	koulu
koululle	NOUN	koulu
koulun	NOUN	koulu
koulunkäytävillä	NOUN	koulu#käytävä
koulunkäytävällä	NOUN	koulu#käytävä
koulussa	NOUN	koulu
koulusta	NOUN	koulu
koulusurmat	NOUN	koulu#surma
koulutettavana	VERB	kouluttaa
koulutettu	VERB	kouluttaa
koulutettujen	NOUN	koulutettu
koulutielle	NOUN	koulu#tie
koulutietä	NOUN	koulu#tie
koulutukseen	NOUN	koulutus
koulutukseksi	NOUN	koulutus
koulutuksellisia	ADJ	koulutuksellinen
koulutukseltaan	NOUN	koulutus
koulutuksen	NOUN	koulutus
koulutuksessa	NOUN	koulutus
koulutuksesta	NOUN	koulutus
koulutukset	NOUN	koulutus
koulutus-	NOUN	koulutus
koulutushistoriaan	NOUN	koulutus#historia
koulutusinstituutiota	NOUN	koulutus#instituutio
koulutuskapasiteettia	NOUN	koulutus#kapasiteetti
koulutuskeskuksessa	NOUN	koulutus#keskus
koulutuskokemuksista	NOUN	koulutus#kokemus
koulutuslaitoksille	NOUN	koulutus#laitos
koulutusmuotoon	NOUN	koulutus#muoto
koulutusohjelmien	NOUN	koulutus#ohjelma
koulutusohjelmiin	NOUN	koulutus#ohjelma
koulutuspaketteja	NOUN	koulutus#paketti
koulutussosiologian	NOUN	koulutus#sosiologia
koulutusta	NOUN	koulutus
koulutustani	NOUN	koulutus
koulutustarjonnan	NOUN	koulutus#tarjonta
koulutustaustat	NOUN	koulutus#tausta
koulutusten	NOUN	koulutus
koulutöiden	NOUN	koulu#työ
kouluun	NOUN	koulu
kouraan	NOUN	koura
kourallisen	NOUN	kourallinen
kourassa	NOUN	koura
kouriikin	VERB	kouria
kourissa	NOUN	koura
kouristuksia	NOUN	kouristus
kovaa	ADJ	kova
kovaan	ADJ	kova
kovakuoriaisia	NOUN	kova#kuoriainen
kovalla	ADJ	kova
kovalta	ADJ	kova
kovan	ADJ	kova
kovassa	ADJ	kova
kovassakin	ADJ	kova
kovat	ADJ	kova
kovddoskaisia	PROPN	Kovddoskaisi
kovemmatkin	ADJ	kova
kovempi	ADJ	kova
kovensi	VERB	koventaa
kovettuu	VERB	kovettua
kovien	ADJ	kova
kovikset	NOUN	kovis
kovilla	ADJ	kova
kovin	ADJ	kova
kovinkaan	ADV	kovin
kraaterit	NOUN	kraatteri
krampin	NOUN	kramppi
krapulaa	NOUN	krapula
kreik.	NOUN	kreikka
kreikalle	PROPN	Kreikka
kreikalta	PROPN	Kreikka
kreikan	PROPN	Kreikka
kreikassa	PROPN	Kreikka
kreikasta	PROPN	Kreikka
kreikkaa	PROPN	Kreikka
kreikkaan	PROPN	Kreikka
kreikkalaisen	ADJ	kreikkalainen
kreikkalaiset	ADJ	kreikkalainen
kreikkalaiset	NOUN	kreikkalainen
kreikkalaisia	ADJ	kreikkalainen
kreikkalaisilla	ADJ	kreikkalainen
kreikkalaisille	NOUN	kreikkalainen
kreikkalaista	ADJ	kreikkalainen
kreikkalsia	ADJ	kreikkalainen
kreivikunnasta	NOUN	kreivi#kunta
kreivikuntiin	NOUN	kreivi#kunta
kreivin	NOUN	kreivi
kreviini-nimitystä	NOUN	kreviini#nimitys
kreviinien	NOUN	kreviini
kreviinit	NOUN	kreviini
kreviiniä	NOUN	kreviini
kriiseiksi	NOUN	kriisi
kriisejä	NOUN	kriisi
kriisiaikana	NOUN	kriisi#aika
kriisien	NOUN	kriisi
kriisikokouksen	NOUN	kriisi#kokous
kriisimaiden	NOUN	kriisi#maa
kriisin	NOUN	kriisi
kriisissä	NOUN	kriisi
kriisitilaan	NOUN	kriisi#tila
kriisiytyessä	VERB	kriisiytyä
kriisiä	NOUN	kriisi
kriitikkojen	NOUN	kriitikko
kriitikot	NOUN	kriitikko
kriittisellä	ADJ	kriittinen
kriittisen	ADJ	kriittinen
krimin	PROPN	Krim
kristan	PROPN	Krista
kristillisdemokraatit	NOUN	kristillis#demokraatti
kristilliseen	ADJ	kristillinen
kristillistä	ADJ	kristillinen
kristinuskon	NOUN	kristinusko
kristinuskoon	NOUN	kristinusko
kristittyjen	ADJ	kristitty
kristittyjä	NOUN	kristitty
kristityn	ADJ	kristitty
kriteerejä	NOUN	kriteeri
kriteerien	NOUN	kriteeri
kriteeriensä	NOUN	kriteeri
kriteerit	NOUN	kriteeri
kritiikkinsä	NOUN	kritiikki
kritiikkiä	NOUN	kritiikki
kritisoi	VERB	kritisoida
kritisoidakseni	VERB	kritisoida
kritisoitava	VERB	kritisoida
kritisoitiin	VERB	kritisoida
kritisoivat	VERB	kritisoida
krka-joen	NOUN	Krka#joki
krkan	PROPN	Krka
kroatian	PROPN	Kroatia
krok-hallitsijan	NOUN	Krok#hallitsija
krokettiporteista	NOUN	kroketti#portti
krokotiilia	NOUN	krokotiili
krokskärillä	PROPN	Krokskär
kromiset	ADJ	krominen
kronikat	NOUN	kronikka
kroonisesta	ADJ	krooninen
kroonista	ADJ	krooninen
krouvia	NOUN	krouvi
krrrrätaskijoita	NOUN	laskija
kruunaa	VERB	kruunata
kruunaamassa	VERB	kruunata
kruunasi	VERB	kruunata
kruunua	NOUN	kruunu
kruunun	NOUN	kruunu
kryptassa	NOUN	krypta
ks.	VERB	katsoa
ksylitolia	NOUN	ksylitoli
ksylitolilla	NOUN	ksylitoli
ksylitolin	NOUN	ksylitoli
ksylitolista	NOUN	ksylitoli
ktm-tallissa	NOUN	KTM#talli
ktm:ltä	PROPN	KTM
ktm:n	PROPN	KTM
ku	ADV	kun
ku	CCONJ	kuin
ku	SCONJ	kun
kudoksen	NOUN	kudos
kuhisee	VERB	kuhista
kuhistaan	VERB	kuhista
kuhmon	PROPN	Kuhmo
kuhnin	PROPN	Kuhn
kuhunkin	PRON	kukin
kuiduttamalla	VERB	kuiduttaa
kuilun	NOUN	kuilu
kuiluun	NOUN	kuilu
kuinkakohan	ADV	kuinka
kuinkas	ADV	kuinka
kuiskaamisesta	NOUN	kuiskaaminen
kuiskaillen	VERB	kuiskailla
kuiskailua	NOUN	kuiskailu
kuiskauskin	NOUN	kuiskaus
kuiskivat	VERB	kuiskia
kuismasessa	PROPN	Kuismanen
kuistin	NOUN	kuisti
kuita	NOUN	kuu
kuituja	NOUN	kuitu
kuitukasvien	NOUN	kuitu#kasvi
kuitukasvilajien	NOUN	kuitu#kasvi#laji
kuitupitoisten	ADJ	kuitu#pitoinen
kuivaa	ADJ	kuiva
kuivaa	VERB	kuivata
kuivaamisesta	NOUN	kuivaaminen
kuivaan	ADJ	kuiva
kuivajärveen	PROPN	Kuivajärvi
kuivajärven	PROPN	Kuivajärvi
kuivaksi	ADJ	kuiva
kuivana	ADJ	kuiva
kuivasin	VERB	kuivata
kuivat	ADJ	kuiva
kuivatellut	VERB	kuivatella
kuivattivat	VERB	kuivattaa
kuivattua	VERB	kuivata
kuivattuja	VERB	kuivata
kuivaustelineellä	NOUN	kuivaus#teline
kuivia	ADJ	kuiva
kuivien	ADJ	kuiva
kuivilla	ADJ	kuiva
kuiville	ADJ	kuiva
kuivu	VERB	kuivua
kujan	NOUN	kuja
kukakohan	PRON	kuka
kukalleni	NOUN	kukka
kukapa	PRON	kuka
kukas	PRON	kuka
kukistamaan	VERB	kukistaa
kukistettiin	VERB	kukistaa
kukistettua	VERB	kukistaa
kukisti	VERB	kukistaa
kukistivat	VERB	kukistaa
kukistui	VERB	kukistua
kukistuivat	VERB	kukistua
kukistumisen	NOUN	kukistuminen
kukkaa	NOUN	kukka
kukkaam	PRON	kukaan
kukkaisistutukset	NOUN	kukkais#istutus
kukkaistutuksissa	NOUN	kukka#istutus
kukkaloistoa	NOUN	kukka#loisto
kukkamaata	NOUN	kukka#maa
kukkaron	NOUN	kukkaro
kukkarosi	NOUN	kukkaro
kukkeimmalla	ADJ	kukkea
kukkia	NOUN	kukka
kukkien	NOUN	kukka
kukkineet	VERB	kukkia
kukkulan	NOUN	kukkula
kukkulat	NOUN	kukkula
kukoistaessa	VERB	kukoistaa
kukoistamaan	VERB	kukoistaa
kukoisti	VERB	kukoistaa
kulhoon	NOUN	kulho
kulje	VERB	kulkea
kuljen	VERB	kulkea
kuljeskelemaan	VERB	kuljeskella
kuljetaan	VERB	kulkea
kuljetetaan	VERB	kuljettaa
kuljetettavakseni	VERB	kuljettaa
kuljetettavan	VERB	kuljettaa
kuljettajalle	NOUN	kuljettaja
kuljettajan	NOUN	kuljettaja
kuljettamaan	VERB	kuljettaa
kuljettamiseen	NOUN	kuljettaminen
kuljettamista	NOUN	kuljettaminen
kuljettaneen	VERB	kuljettaa
kuljettaneet	VERB	kuljettaa
kuljettavana	VERB	kuljettaa
kuljetti	VERB	kuljettaa
kuljettivat	VERB	kuljettaa
kuljettuani	VERB	kulkea
kuljettujen	VERB	kulkea
kuljetuksesta	NOUN	kuljetus
kuljetuksia	NOUN	kuljetus
kuljetuksiin	NOUN	kuljetus
kuljetuksissa	NOUN	kuljetus
kuljetuksista	NOUN	kuljetus
kuljetus-	NOUN	kuljetus
kuljetusolosuhteiden	NOUN	kuljetus#olo#suhteet
kuljetusten	NOUN	kuljetus
kuljetustyyppejä	NOUN	kuljetus#tyyppi
kuljimme	VERB	kulkea
kuljin	VERB	kulkea
kulkee	VERB	kulkea
kulkemaan	VERB	kulkea
kulkeman	VERB	kulkea
kulkeneen	VERB	kulkea
kulkenut	VERB	kulkea
kulkeva	VERB	kulkea
kulkevan	VERB	kulkea
kulkevat	VERB	kulkea
kulki	VERB	kulkea
kulkiessa	VERB	kulkea
kulkijan	NOUN	kulkija
kulkijoiden	NOUN	kulkija
kulkivat	VERB	kulkea
kulkuaan	NOUN	kulku
kulkukelvottomiksi	ADJ	kulku#kelvoton
kulkuni	NOUN	kulku
kulkunsa	NOUN	kulku
kulkutauteihin	NOUN	kulku#tauti
kulkutautiin	NOUN	kulku#tauti
kulkuyhteyttä	NOUN	kulku#yhteys
kullakin	PRON	kukin
kullan	NOUN	kulta
kullanarvoista	ADJ	kullan#arvoinen
kullansävyisen	ADJ	kulta#sävyinen
kullasta	NOUN	kulta
kullatut	VERB	kullata
kullekin	PRON	kukin
kulma	ADJ	kylmä
kulmaan	NOUN	kulma
kulmahampaat	NOUN	kulma#hammas
kulmakiviä	NOUN	kulma#kivi
kulmalla	NOUN	kulma
kulman	NOUN	kulma
kulminoituu	VERB	kulminoitua
kulorastaan	NOUN	kulo#rastas
kultaa	NOUN	kulta
kultaesineitä	NOUN	kulta#esine
kultaisella	ADJ	kultainen
kultaisen	ADJ	kultainen
kultaiset	ADJ	kultainen
kultaisia	ADJ	kultainen
kultakantaan	NOUN	kulta#kanta
kultakin	PRON	kukin
kultakoruista	NOUN	kulta#koru
kultakorujen	NOUN	kulta#koru
kultamitalia	NOUN	kulta#mitali
kultamitalin	NOUN	kulta#mitali
kultatoimintojen	NOUN	kulta#toiminto
kulttuureissa	NOUN	kulttuuri
kulttuureista	NOUN	kulttuuri
kulttuuri-	NOUN	kulttuuri
kulttuuri-identiteetti	NOUN	kulttuuri#identiteetti
kulttuuria	NOUN	kulttuuri
kulttuurialueilla	NOUN	kulttuuri#alue
kulttuuriamme	NOUN	kulttuuri
kulttuuriasiainkeskus	NOUN	kulttuuri#asia#keskus
kulttuurien	NOUN	kulttuuri
kulttuurierohavaintoja	NOUN	kulttuuri#ero#havainto
kulttuurieroista	NOUN	kulttuuri#ero
kulttuurihenkilöihin	NOUN	kulttuuri#henkilö
kulttuurihistoriallisista	ADJ	kulttuuri#historiallinen
kulttuuriin	NOUN	kulttuuri
kulttuurikeskuksessa	NOUN	kulttuuri#keskus
kulttuurillisena	ADJ	kulttuurillinen
kulttuurimme	NOUN	kulttuuri
kulttuurin	NOUN	kulttuuri
kulttuurintuotteet	NOUN	kulttuuri#tuote
kulttuuriperinnettä	NOUN	kulttuuri#perinne
kulttuuripääkaupunkiudestakin	NOUN	kulttuuri#pää#kaupunkius
kulttuuripääkaupunkivuoden	NOUN	kulttuuri#pää#kaupunki#vuosi
kulttuurirahaston	NOUN	kulttuuri#rahasto
kulttuurisia	ADJ	kulttuurinen
kulttuurisivuilla	NOUN	kulttuuri#sivu
kulttuurissamme	NOUN	kulttuuri
kulttuurista	NOUN	kulttuuri
kulttuurit	NOUN	kulttuuri
kulttuuritapahtumia	NOUN	kulttuuri#tapahtuma
kulttuuritilaisuuksissa	NOUN	kulttuuri#tilaisuus
kulttuuritutkijan	NOUN	kulttuuri#tutkija
kulttuurivallankumoukseen	NOUN	kulttuuri#vallan#kumous
kuluessa	VERB	kulua
kului	VERB	kulua
kuluivat	VERB	kulua
kuluja	NOUN	kulu
kulujen	NOUN	kulu
kuluksi	NOUN	kulu
kulumista	NOUN	kuluminen
kuluna	NOUN	kulu
kuluneen	ADJ	kulunut
kuluneen	VERB	kulua
kuluneisuudesta	NOUN	kuluneisuus
kulunut	VERB	kulua
kulunutta	VERB	kulua
kulusta	NOUN	kulku
kulut	NOUN	kulu
kulutamme	VERB	kuluttaa
kulutetaan	VERB	kuluttaa
kulutin	VERB	kuluttaa
kuluttajaa	NOUN	kuluttaja
kuluttajalle	NOUN	kuluttaja
kuluttajan	NOUN	kuluttaja
kuluttajansuojaa	NOUN	kuluttajan#suoja
kuluttajansuojalainsäädäntöä	NOUN	kuluttajan#suoja#lain#säädäntö
kuluttajasuojan	NOUN	kuluttaja#suoja
kuluttajat	NOUN	kuluttaja
kuluttajen	NOUN	kuluttaja
kuluttajia	NOUN	kuluttaja
kuluttajien	NOUN	kuluttaja
kuluttajista	NOUN	kuluttaja
kuluttavampaa	ADJ	kuluttava
kuluttavat	VERB	kuluttaa
kuluttivat	VERB	kuluttaa
kuluttua	VERB	kulua
kulutukseen	NOUN	kulutus
kulutuskeskeistä	ADJ	kulutus#keskeinen
kulutusluotoista	NOUN	kulutus#luotto
kulutusluottoja	NOUN	kulutus#luotto
kulutustottumuksesi	NOUN	kulutus#tottumus
kulutustottumuksiin	NOUN	kulutus#tottumus
kulutusvalinnoilla	NOUN	kulutus#valinta
kuluu	VERB	kulua
kuluun	VERB	kulua
kuluvaan	ADJ	kuluva
kuluvalle	ADJ	kuluva
kuluvan	ADJ	kuluva
kuluvan	VERB	kulua
kuluvana	VERB	kulua
kuluvasta	VERB	kulua
kumartakaa	VERB	kumartaa
kumartavat	VERB	kumartaa
kumartuu	VERB	kumartua
kumisaappaat	NOUN	kumi#saapas
kummalla	ADJ	kumma
kummallakin	PRON	kumpikin
kummallisia	ADJ	kummallinen
kumman	ADJ	kumma
kumman	PRON	kumpi
kummankin	PRON	kumpikin
kummassakin	PRON	kumpikin
kummastakin	PRON	kumpikin
kummelskärillä	PROPN	Kummelskär
kummelskärin	PROPN	Kummelskär
kummemmin	ADV	kummasti
kummempaa	ADJ	kumma
kummempia	ADJ	kumma
kummittelevan	VERB	kummitella
kummituksen	NOUN	kummitus
kummitusten	NOUN	kummitus
kumoavan	VERB	kumota
kumoavia	VERB	kumota
kumosi	VERB	kumota
kumotaan	VERB	kumota
kumottava	VERB	kumota
kumottujen	VERB	kumota
kumpaakaan	PRON	kumpikaan
kumpaankin	PRON	kumpikin
kumppaneiden	NOUN	kumppani
kumppaneidensa	NOUN	kumppani
kumppaneiltaan	NOUN	kumppani
kumppaneina	NOUN	kumppani
kumppaneista	NOUN	kumppani
kumppanien	NOUN	kumppani
kumppanimme	NOUN	kumppani
kumppanin	NOUN	kumppani
kumppanina	NOUN	kumppani
kumppanivaltioiden	NOUN	kumppani#valtio
kumppanivaltioilla	NOUN	kumppani#valtio
kumppanivaltioista	NOUN	kumppani#valtio
kumppanuuden	NOUN	kumppanuus
kumppanuus-	NOUN	kumppanuus
kumppanuuteen	NOUN	kumppanuus
kumppanuutta	NOUN	kumppanuus
kumpuavat	VERB	kummuta
kumpuja	NOUN	kumpu
kumpulan	PROPN	Kumpula
kundia	NOUN	kundi
kuningasgambiitilla	NOUN	kuningas#gambiitti
kuningasgambiitista	NOUN	kuningas#gambiitti
kuningasgambiittia	NOUN	kuningas#gambiitti
kuningasgambiittimaisesta	ADJ	kuningas#gambiittimainen
kuningasklubilla	PROPN	Kuningasklubi
kuningaskunnan	NOUN	kuningas#kunta
kuningaskunnassa	NOUN	kuningas#kunta
kuningasmarssina	PROPN	kuningas#marssi
kuningasta	NOUN	kuningas
kuningatarrahkaa	NOUN	kuningatar#rahka
kuningatarshakin	NOUN	kuningatar#shakki
kuningatarta	NOUN	kuningatar
kuningattaren	NOUN	kuningatar
kuningattarenpäivä	NOUN	kuningatar#päivä
kuningattarenpäivää	NOUN	kuningatar#päivä
kuningattarien	NOUN	kuningatar
kuninkaaksi	NOUN	kuningas
kuninkaalle	NOUN	kuningas
kuninkaalliseksi	ADJ	kuninkaallinen
kuninkaallisella	ADJ	kuninkaallinen
kuninkaallisen	ADJ	kuninkaallinen
kuninkaallisessa	ADJ	kuninkaallinen
kuninkaalliset	ADJ	kuninkaallinen
kuninkaalliset	NOUN	kuninkaallinen
kuninkaallista	ADJ	kuninkaallinen
kuninkaallisten	NOUN	kuninkaallinen
kuninkaan	NOUN	kuningas
kuninkaantien	NOUN	kuningas#tie
kuninkaiden	NOUN	kuningas
kuninkaina	NOUN	kuningas
kuninkuuden	NOUN	kuninkuus
kuninkuusraviprojektia	NOUN	kuninkuus#ravi#projekti
kunkin	PRON	kukin
kunmingin	PROPN	Kunming
kunmingissä	PROPN	Kunming
kunmingistä	PROPN	Kunming
kunnalle	NOUN	kunta
kunnallisneuvoksena	NOUN	kunnallis#neuvos
kunnallisvaaleissa	NOUN	kunnallis#vaalit
kunnan	NOUN	kunta
kunnanjohtajaa	NOUN	kunnan#johtaja
kunnanvaltuustot	NOUN	kunnan#valtuusto
kunnassa	NOUN	kunta
kunnasta	NOUN	kunta
kunnat	NOUN	kunta
kunniaksi	NOUN	kunnia
kunniamaininnat	NOUN	kunnia#maininta
kunnian	NOUN	kunnia
kunnianhimoa	NOUN	kunnian#himo
kunnianhimoisia	ADJ	kunnian#himoinen
kunnianhimoista	ADJ	kunnian#himoinen
kunnianhimoisuutta	NOUN	kunnian#himoisuus
kunnianhimon	NOUN	kunnian#himo
kunniasta	NOUN	kunnia
kunnioittamaan	VERB	kunnioittaa
kunnioittamatta	VERB	kunnioittaa
kunnioittamattomasta	VERB	kunnioittaa
kunnioittamisen	NOUN	kunnioittaminen
kunnioittava	VERB	kunnioittaa
kunnioittavat	VERB	kunnioittaa
kunnioituksella	NOUN	kunnioitus
kunnioitukseni	NOUN	kunnioitus
kunnissa	NOUN	kunta
kunnista	NOUN	kunta
kunnolliseen	ADJ	kunnollinen
kunnollisen	ADJ	kunnollinen
kunnollisuudesta	NOUN	kunnollisuus
kunnon	NOUN	kunto
kunnossa	NOUN	kunto
kunnostaisi	VERB	kunnostaa
kunta-alan	NOUN	kunta#ala
kuntaa	NOUN	kunta
kuntaan	NOUN	kunta
kuntaliitoksen	NOUN	kunta#liitos
kuntaliitoksista	NOUN	kunta#liitos
kuntaliitosta	NOUN	kunta#liitos
kuntaliitosten	NOUN	kunta#liitos
kuntatyönantajan	NOUN	kunta#työn#antaja
kuntien	NOUN	kunta
kuntoaan	NOUN	kunto
kuntoilijoista	NOUN	kuntoilija
kuntoon	NOUN	kunto
kuntosalilla	NOUN	kunto#sali
kuntoutustyöntekijän	NOUN	kuntoutus#työn#tekijä
kuohuvaan	VERB	kuohua
kuokkimaa	VERB	kuokkia
kuokkimassa	VERB	kuokkia
kuolaan	VERB	kuolata
kuolaavalta	VERB	kuolata
kuolaavien	VERB	kuolata
kuole	VERB	kuolla
kuolee	VERB	kuolla
kuolekaan	VERB	kuolla
kuolemaa	NOUN	kuolema
kuolemaan	NOUN	kuolema
kuolemaansa	NOUN	kuolema
kuolemaisillaan	VERB	kuolla
kuolemaksi	NOUN	kuolema
kuolemaltaan	NOUN	kuolema
kuoleman	NOUN	kuolema
kuolemansa	NOUN	kuolema
kuolemantapauksen	NOUN	kuoleman#tapaus
kuolemantapauksessa	NOUN	kuoleman#tapaus
kuolemantapauksissa	NOUN	kuoleman#tapaus
kuolemantapausten	NOUN	kuoleman#tapaus
kuolemantaudista	NOUN	kuoleman#tauti
kuolemasta	NOUN	kuolema
kuolemastaan	NOUN	kuolema
kuolen	VERB	kuolla
kuolet	VERB	kuolla
kuoletuksista	NOUN	kuoletus
kuolevan	VERB	kuolla
kuoli	VERB	kuolla
kuolinsyyksi	NOUN	kuolinsyy
kuolion	NOUN	kuolio
kuolleen	VERB	kuolla
kuolleet	ADJ	kuollut
kuolleet	VERB	kuolla
kuolleiden	ADJ	kuollut
kuolleiden	NOUN	kuollut
kuollessaan	VERB	kuolla
kuollut	VERB	kuolla
kuolluthan	NOUN	kuollut
kuopion	PROPN	Kuopio
kuopioon	PROPN	Kuopio
kuopiossa	PROPN	Kuopio
kuoren	NOUN	kuori
kuoressa	NOUN	kuori
kuorettomista	ADJ	kuoreton
kuori	VERB	kuoria
kuorituneita	VERB	kuoriutua
kuoriutuvat	VERB	kuoriutua
kuorma-auto	NOUN	kuorma#auto
kuorma-autolla	NOUN	kuorma#auto
kuorma-auton	NOUN	kuorma#auto
kuorma-autosta	NOUN	kuorma#auto
kuorman	NOUN	kuorma
kuormataan	VERB	kuormata
kuormattuna	VERB	kuormata
kuormurin	NOUN	kuormuri
kuoroa	NOUN	kuoro
kuorrutuksessa	NOUN	kuorrutus
kuorsaa	VERB	kuorsata
kuorsaili	VERB	kuorsailla
kuosiin	NOUN	kuosi
kuparia	NOUN	kupari
kuparierästä	NOUN	kupari#erä
kuparikaupan	NOUN	kupari#kauppa
kuparikaupasta	NOUN	kupari#kauppa
kuparin	NOUN	kupari
kupeessa	NOUN	kuve
kupiaisen	PROPN	Kupiainen
kupli	VERB	kuplia
kuppaa	NOUN	kuppa
kuppeja	NOUN	kuppi
kuppilassa	NOUN	kuppila
kupposet	NOUN	kupponen
kups:in	PROPN	KuPS
kupsin	PROPN	KuPS
kuqin	PROPN	Kuqi
kuraisella	ADJ	kurainen
kuralammikon	NOUN	kura#lammikko
kuralätäkköä	NOUN	kura#lätäkkö
kuran	NOUN	kura
kurdeille	NOUN	kurdi
kurdialueella	NOUN	kurdi#alue
kurdijoukkojen	NOUN	kurdi#joukko
kurdikapinallisten	NOUN	kurdi#kapinallinen
kurdimyönteisen	ADJ	kurdi#myönteinen
kurdimyönteistä	ADJ	kurdi#myönteinen
kurdistanin	PROPN	Kurdistan
kurdit	NOUN	kurdi
kuriin	NOUN	kuri
kurissa	NOUN	kuri
kurituksineen	NOUN	kuritus
kurjissa	ADJ	kurja
kurkin	VERB	kurkkia
kurkistelivat	VERB	kurkistella
kurkkaan	VERB	kurkata
kurkkasi	VERB	kurkata
kurkkua	NOUN	kurkku
kurkkuja	NOUN	kurkku
kurkkun	NOUN	kurkku
kurkkupastilleista	NOUN	kurkku#pastilli
kurkkurelishiä	NOUN	kurkku#relish
kurkkuuni	NOUN	kurkku
kurkun	NOUN	kurkku
kurkussa	NOUN	kurkku
kurkustaan	NOUN	kurkku
kuromisessa	NOUN	kurominen
kuropalates-arvonimi	NOUN	kuropalates#arvo#nimi
kurottautuu	VERB	kurottautua
kuroutui	VERB	kuroutua
kuroutuneen	VERB	kuroutua
kursoria	NOUN	kursori
kursorin	NOUN	kursori
kursseissa	NOUN	kurssi
kursseja	NOUN	kurssi
kurssia	NOUN	kurssi
kurssien	NOUN	kurssi
kurssiin	NOUN	kurssi
kurssilla	NOUN	kurssi
kurssille	NOUN	kurssi
kurssin	NOUN	kurssi
kurssista	NOUN	kurssi
kurssit	NOUN	kurssi
kurtturuusua	NOUN	kurttu#ruusu
kurtussa	NOUN	kurttu
kurun	PROPN	Kuru
kuselle	NOUN	kusi
kusevat	VERB	kusta
kusisessa	ADJ	kusinen
kussakin	PRON	kukin
kustannetaan	VERB	kustantaa
kustannuksella	NOUN	kustannus
kustannuksellaan	NOUN	kustannus
kustannukset	NOUN	kustannus
kustannuksia	NOUN	kustannus
kustannuksiin	NOUN	kustannus
kustannuksilla	NOUN	kustannus
kustannuksin	NOUN	kustannus
kustannuksista	NOUN	kustannus
kustannusaloja	NOUN	kustannus#ala
kustannuserien	NOUN	kustannus#erä
kustannussäästöistä	NOUN	kustannus#säästö
kustannustehokkuutta	NOUN	kustannus#tehokkuus
kustannusten	NOUN	kustannus
kustannustiedon	NOUN	kustannus#tieto
kustannusväylän	NOUN	kustannus#väylä
kustansivat	VERB	kustantaa
kustantamaan	VERB	kustantaa
kustantamon	NOUN	kustantamo
kutakin	PRON	kukin
kutistui	VERB	kutistua
kutistumaan	VERB	kutistua
kutittelisi	VERB	kutitella
kutsui	VERB	kutsua
kutsuituista	VERB	kutsua
kutsuivat	VERB	kutsua
kutsujen	NOUN	kutsu
kutsumaan	VERB	kutsua
kutsumatta	VERB	kutsua
kutsumista	NOUN	kutsuminen
kutsumukselleen	NOUN	kutsumus
kutsusta	NOUN	kutsu
kutsut	VERB	kutsua
kutsutaan	VERB	kutsua
kutsuttiin	VERB	kutsua
kutsuttu	VERB	kutsua
kutsuttujen	ADJ	kutsuttu
kutsutuissa	VERB	kutsua
kutsutut	ADJ	kutsuttu
kutsuu	VERB	kutsua
kutsuvan	ADJ	kutsuva
kutsuvan	VERB	kutsua
kutsuvani	VERB	kutsua
kutsuvierasta	NOUN	kutsu#vieras
kuuban	PROPN	Kuuba
kuubassa	PROPN	Kuuba
kuubasta	PROPN	Kuuba
kuudeksi	NUM	kuusi
kuudella	NUM	kuusi
kuudelle	NUM	kuusi
kuudelta	NUM	kuusi
kuuden	NUM	kuusi
kuudenneksi	ADJ	kuudes
kuudennestakymmenennestä	ADJ	kuudes#kymmenes
kuudesluokkalaisia	ADJ	kuudesluokkalainen
kuudesluokkalaisia	NOUN	kuudesluokkalainen
kuudessa	NUM	kuusi
kuudestatoista	NUM	kuusi#toista
kuuhun	NOUN	kuu
kuukaudeksi	NOUN	kuukausi
kuukaudelta	NOUN	kuukausi
kuukauden	NOUN	kuukausi
kuukaudessa	NOUN	kuukausi
kuukausia	NOUN	kuukausi
kuukausien	NOUN	kuukausi
kuukausina	NOUN	kuukausi
kuukausipalkkioon	NOUN	kuukausi#palkkio
kuukausitaseessa	NOUN	kuukausi#tase
kuukausitasetta	NOUN	kuukausi#tase
kuukausittaisia	ADJ	kuu#kausittainen
kuukauteen	NOUN	kuukausi
kuukautta	NOUN	kuukausi
kuukin	NOUN	kuu
kuulakkaana	ADJ	kuulakas
kuule	VERB	kuulla
kuulee	VERB	kuulla
kuulemaa	ADV	kuulemma
kuulemaan	VERB	kuulla
kuulemalla	VERB	kuulla
kuuleman	NOUN	kuulema
kuulemassa	VERB	kuulla
kuulemasta	VERB	kuulla
kuulemisiin	NOUN	kuuleminen
kuulemismenettelyssä	NOUN	kuulla#menettely
kuulemista	NOUN	kuuleminen
kuulemistilaisuuden	NOUN	kuulla#tilaisuus
kuulen	VERB	kuulla
kuules	VERB	kuulla
kuuli	VERB	kuulla
kuuliaisena	ADJ	kuuliainen
kuuliaisuudessa	NOUN	kuuliaisuus
kuuliaisuuteen	NOUN	kuuliaisuus
kuulijakunnalle	NOUN	kuulija#kunta
kuulijan	NOUN	kuulija
kuulijoille	NOUN	kuulija
kuulijoissa	NOUN	kuulija
kuulimme	VERB	kuulla
kuulin	VERB	kuulla
kuulisi	VERB	kuulla
kuulkaa	VERB	kuulla
kuulkaahan	VERB	kuulla
kuullakseen	VERB	kuulla
kuulleet	VERB	kuulla
kuullessaan	VERB	kuulla
kuullessani	VERB	kuulla
kuullota	VERB	kuullottaa
kuullut	VERB	kuulla
kuuloista	ADJ	kuuloinen
kuulokkeet	NOUN	kuuloke
kuulokkeistaan	NOUN	kuuloke
kuulosta	VERB	kuulostaa
kuulostaakin	VERB	kuulostaa
kuulostaako	VERB	kuulostaa
kuulostaisi	VERB	kuulostaa
kuulostamatta	VERB	kuulostaa
kuulostanut	VERB	kuulostaa
kuulostavat	VERB	kuulostaa
kuulsi	VERB	kuultaa
kuulta	NOUN	kuu
kuultavaa	VERB	kuulla
kuultavaksi	VERB	kuultaa
kuultiin	VERB	kuulla
kuultu	VERB	kuulla
kuultuaan	VERB	kuulla
kuulu	VERB	kuulua
kuuluen	VERB	kuulua
kuului	VERB	kuulua
kuuluisaksi	ADJ	kuuluisa
kuuluisamman	ADJ	kuuluisa
kuuluisan	ADJ	kuuluisa
kuuluisi	VERB	kuulua
kuuluisia	ADJ	kuuluisa
kuuluisiksi	ADJ	kuuluisa
kuuluisimman	ADJ	kuuluisa
kuuluisimmista	ADJ	kuuluisa
kuuluisin	ADJ	kuuluisa
kuuluisivat	VERB	kuulua
kuuluisuudesta	NOUN	kuuluisuus
kuuluisuuksia	NOUN	kuuluisuus
kuulumattomana	ADJ	kuulumaton
kuulumisia	NOUN	kuulumiset
kuulumista	NOUN	kuuluminen
kuuluneen	VERB	kuulua
kuuluneet	VERB	kuulua
kuuluneiden	VERB	kuulua
kuulunut	VERB	kuulua
kuulusteli	VERB	kuulustella
kuulusteltavaksi	VERB	kuulustella
kuulusteltiin	VERB	kuulustella
kuulusteluissa	NOUN	kuulustelu
kuulusteluun	NOUN	kuulustelu
kuuluu	VERB	kuulua
kuuluukin	VERB	kuulua
kuuluva	VERB	kuulua
kuuluvaksi	VERB	kuulua
kuuluvalle	VERB	kuulua
kuuluvan	VERB	kuulua
kuuluvat	VERB	kuulua
kuuluvia	VERB	kuulua
kuuluvien	VERB	kuulua
kuuluviksi	VERB	kuulua
kuuluvilla	VERB	kuulua
kuuluville	VERB	kuulua
kuuluvista	VERB	kuulua
kuumaa	ADJ	kuuma
kuumalla	ADJ	kuuma
kuuman	ADJ	kuuma
kuumana	ADJ	kuuma
kuumasta	ADJ	kuuma
kuumenemaaan	VERB	kuumeta
kuumenna	VERB	kuumentaa
kuumennettaessa	VERB	kuumentaa
kuumia	ADJ	kuuma
kuumien	ADJ	kuuma
kuumiin	ADJ	kuuma
kuumimpia	ADJ	kuuma
kuumista	ADJ	kuuma
kuun	NOUN	kuu
kuunnellaan	VERB	kuunnella
kuunnellessa	VERB	kuunnella
kuunneltaisiin	VERB	kuunnella
kuunneltuamme	VERB	kuunnella
kuuntele	VERB	kuunnella
kuuntelee	VERB	kuunnella
kuuntelemaan	VERB	kuunnella
kuuntelet	VERB	kuunnella
kuuntelevat	VERB	kuunnella
kuunteli	VERB	kuunnella
kuuntelijaa	NOUN	kuuntelija
kuuntelijat	NOUN	kuuntelija
kuuntelisi	VERB	kuunnella
kuuntelivat	VERB	kuunnella
kuuntelua	NOUN	kuuntelu
kuuntelukuvia	NOUN	kuuntelu#kuva
kuusamon	PROPN	Kuusamo
kuusen	NOUN	kuusi
kuusesta	NOUN	kuusi
kuusikymmentä	NUM	kuusi#kymmenen
kuusikymmentäluvun	NOUN	kuusi#kymmenen#luku
kuusikymppiä	NOUN	kuusi#kymppi
kuusimetsistä	NOUN	kuusi#metsä
kuusiston	PROPN	Kuusisto
kuusivanhuksen	NOUN	kuusi#vanhus
kuusivuotiseksi	ADJ	kuusi#vuotinen
kuusivuotiskautensa	NOUN	kuusi#vuotis#kausi
kuuslammista	PROPN	Kuuslampi
kuussa	NOUN	kuu
kuusvuotias	ADJ	kuusi#vuotias
kuuta	NOUN	kuu
kuuteen	NUM	kuusi
kuutioi	VERB	kuutioida
kuutioina	NOUN	kuutio
kuutisenkymmentä	NUM	kuutisen#kymmenen
kuutta	NUM	kuusi
kuuttakymmentä	NUM	kuusi#kymmenen
kuvaa	NOUN	kuva
kuvaa	VERB	kuvata
kuvaajan	NOUN	kuvaaja
kuvaajia	NOUN	kuvaaja
kuvaajissa	NOUN	kuvaaja
kuvaamaan	VERB	kuvata
kuvaamassa	VERB	kuvata
kuvaamataiteessa	NOUN	kuvaamataide
kuvaamiseen	NOUN	kuvaaminen
kuvaan	NOUN	kuva
kuvaava	VERB	kuvata
kuvaavalle	VERB	kuvata
kuvaavia	VERB	kuvata
kuvaavien	VERB	kuvata
kuvailee	VERB	kuvailla
kuvailemani	VERB	kuvailla
kuvaili	VERB	kuvailla
kuvailin	VERB	kuvailla
kuvaillaan	VERB	kuvailla
kuvaillut	VERB	kuvailla
kuvailtavissa	VERB	kuvailla
kuvajaisensa	NOUN	kuvajainen
kuvajournalismistaan	NOUN	kuva#journalismi
kuvamateriaalini	NOUN	kuva#materiaali
kuvan	NOUN	kuva
kuvanauhan	NOUN	kuva#nauha
kuvaruudun	NOUN	kuva#ruutu
kuvasi	VERB	kuvata
kuvasin	VERB	kuvata
kuvasivat	VERB	kuvata
kuvassa	NOUN	kuva
kuvastavat	VERB	kuvastaa
kuvasti	VERB	kuvastaa
kuvastuu	VERB	kuvastua
kuvat	NOUN	kuva
kuvataan	VERB	kuvata
kuvataitelija	NOUN	kuva#taiteilija
kuvatessamme	VERB	kuvata
kuvatodisteita	NOUN	kuva#todiste
kuvattavan	VERB	kuvata
kuvattiin	VERB	kuvata
kuvattu	VERB	kuvata
kuvattuja	VERB	kuvata
kuvatuilla	VERB	kuvata
kuvauksessa	NOUN	kuvaus
kuvauksesta	NOUN	kuvaus
kuvaukset	NOUN	kuvaus
kuvauksista	NOUN	kuvaus
kuvausta	NOUN	kuvaus
kuvernementtiin	NOUN	kuvernementti
kuvia	NOUN	kuva
kuvien	NOUN	kuva
kuviin	NOUN	kuva
kuvin	NOUN	kuppi
kuvioiden	NOUN	kuvio
kuvioihin	NOUN	kuvio
kuviot	NOUN	kuvio
kuvissa	NOUN	kuva
kuvista	NOUN	kuva
kuvitellu	VERB	kuvitella
kuvittamaan	VERB	kuvittaa
kuvitteellisessa	ADJ	kuvitteellinen
kuvitteellisten	ADJ	kuvitteellinen
kuvittelee	VERB	kuvitella
kuvittelin	VERB	kuvitella
kuvittelisi	VERB	kuvitella
kuypersille	PROPN	Kuypers
kvarkkia	NOUN	kvarkki
kw:n	NOUN	kilo#watti
ky-hunkseille	PROPN	KY-Hunks
kyberhyökkäyksen	NOUN	kyber#hyökkäys
kyberhyökkäykset	NOUN	kyber#hyökkäys
kyberrikollisuuden	NOUN	kyber#rikollisuus
kyennyt	VERB	kyetä
kyettiin	VERB	kyetä
kyetty	VERB	kyetä
kyettävä	VERB	kyetä
kyin	PROPN	Kyi
kyjysten	NOUN	kyljys
kykene	VERB	kyetä
kykenee	VERB	kyetä
kykeneekö	VERB	kyetä
kykenemättä	VERB	kyetä
kykenevän	VERB	kyetä
kykenevät	VERB	kyetä
kykenisi	VERB	kyetä
kykyihisi	NOUN	kyky
kykyyn	NOUN	kyky
kykyä	NOUN	kyky
kyl	ADV	kyllä
kyliä	NOUN	kylä
kyljelleen	NOUN	kylki
kyljestä	NOUN	kylki
kyljiltä	NOUN	kylki
kyljissä	NOUN	kylki
kyljykset	NOUN	kyljys
kyljyksiä	NOUN	kyljys
kyljysten	NOUN	kyljys
kyljystä	NOUN	kyljys
kylkeen	NOUN	kylki
kylkeensä	NOUN	kylki
kylkiluiden	NOUN	kylki#luu
kylkiä	NOUN	kylki
kyllikseen	ADV	kylliksi
kyllä-	ADV	kyllä
kyllähän	ADV	kyllä
kylläkään	ADV	kyllä
kylläpäs	ADV	kyllä
kyllästetyssä	VERB	kyllästää
kyllästyisin	VERB	kyllästyä
kyllästyneet	VERB	kyllästyä
kyllästynyt	VERB	kyllästyä
kyllästyvät	VERB	kyllästyä
kylmassä	ADJ	kylmä
kylmyydelle	NOUN	kylmyys
kylmyydessä	NOUN	kylmyys
kylmän	ADJ	kylmä
kylmänä	ADJ	kylmä
kylmänäkin	ADJ	kylmä
kylmäsavukaslerista	NOUN	kylmä#savu#kasleri
kylmässä	ADJ	kylmä
kylmästäkomerosta	NOUN	kylmä#komero
kylmät	ADJ	kylmä
kylmätväreet	NOUN	kylmä#väre
kylmää	ADJ	kylmä
kylpyhuoneen	NOUN	kylpy#huone
kylpyhuoneet	NOUN	kylpy#huone
kylpylät	NOUN	kylpylä
kylpytakilla	NOUN	kylpy#takki
kylpytynnyrin	NOUN	kylpy#tynnyri
kylväjät	NOUN	kylväjä
kylähulluiksi	NOUN	kylä#hullu
kyläkseen	NOUN	kylä
kylällä	NOUN	kylä
kyläläisten	NOUN	kyläläinen
kylän	NOUN	kylä
kylässä	NOUN	kylä
kylästä	NOUN	kylä
kyläteillä	NOUN	kylä#tie
kylätien	NOUN	kylä#tie
kyläyhteisönsä	NOUN	kylä#yhteisö
kylää	NOUN	kylä
kylään	NOUN	kylä
kymijärven	PROPN	Kymijärvi
kymmeneen	NUM	kymmenen
kymmeneksi	NUM	kymmenen
kymmeneltä	NUM	kymmenen
kymmenenkin	NUM	kymmenen
kymmenenneksi	ADJ	kymmenes
kymmenennen	ADJ	kymmenes
kymmenesosaan	NOUN	kymmenes#osa
kymmenessä	NUM	kymmenen
kymmenestä	NUM	kymmenen
kymmenien	NUM	kymmenen
kymmeniä	NUM	kymmenen
kymmentä	NUM	kymmenen
kymmenvuotiaana	NOUN	kymmen#vuotias
kymmenvuotisen	ADJ	kymmen#vuotinen
kymmenvuotisten	ADJ	kymmen#vuotinen
kynissä	NOUN	kynä
kynnyksellä	NOUN	kynnys
kynnykseltä	NOUN	kynnys
kynnyksiä	NOUN	kynnys
kynttilänjaloista	NOUN	kynttilän#jalka
kynttilänvalossa	NOUN	kynttilän#valo
kynttilöitä	NOUN	kynttilä
kynttä	NOUN	kynsi
kynähameen	NOUN	kynä#hame
kynän	NOUN	kynä
kynänteräänsä	NOUN	kynän#terä
kynät	NOUN	kynä
kyproksella	PROPN	Kypros
kyproksen	PROPN	Kypros
kypsennä	VERB	kypsentää
kypsentämisen	NOUN	kypsentäminen
kypsentämisessä	NOUN	kypsentäminen
kypsiksi	ADJ	kypsä
kypsimpiin	ADJ	kypsä
kypsiä	ADJ	kypsä
kypsyessä	VERB	kypsyä
kypsyessään	VERB	kypsyä
kypsymässä	VERB	kypsyä
kypsymään	VERB	kypsyä
kypsytty	VERB	kypsyä
kypsyttyä	VERB	kypsyä
kypsäksi	ADJ	kypsä
kypsää	ADJ	kypsä
kyrilliset	ADJ	kyrillinen
kyrillisin	ADJ	kyrillinen
kyrillisiä	ADJ	kyrillinen
kyräili	VERB	kyräillä
kyseenalaiseksi	ADJ	kyseenalainen
kyseenalaista	ADJ	kyseenalainen
kyseenalaistaessa	VERB	kyseenalaistaa
kyseeseen	NOUN	kyse
kyseessä	NOUN	kyse
kyseessähän	NOUN	kyse
kyseiseen	ADJ	kyseinen
kyseiselle	ADJ	kyseinen
kyseisellä	ADJ	kyseinen
kyseisen	ADJ	kyseinen
kyseisenä	ADJ	kyseinen
kyseisessä	ADJ	kyseinen
kyseiset	ADJ	kyseinen
kyseisiin	ADJ	kyseinen
kyseisillä	ADJ	kyseinen
kyseisiltä	ADJ	kyseinen
kyseisissä	ADJ	kyseinen
kyseisistä	ADJ	kyseinen
kyseisiä	ADJ	kyseinen
kyseisten	ADJ	kyseinen
kyseistä	ADJ	kyseinen
kyselee	VERB	kysellä
kyselemässä	VERB	kysellä
kyselemästä	VERB	kysellä
kyseli	VERB	kysellä
kyselisivät	VERB	kysellä
kyselylomakkeisiin	NOUN	kysely#lomake
kyselyn	NOUN	kysely
kyselyssä	NOUN	kysely
kyselystä	NOUN	kysely
kyselyyn	NOUN	kysely
kyselyä	NOUN	kysely
kysy	VERB	kysyä
kysyen	VERB	kysyä
kysyessäsi	VERB	kysyä
kysyi	VERB	kysyä
kysyin	VERB	kysyä
kysyipä	VERB	kysyä
kysyit	VERB	kysyä
kysykää	VERB	kysyä
kysykö	VERB	kysyä
kysymykseen	NOUN	kysymys
kysymyksen	NOUN	kysymys
kysymykseni	NOUN	kysymys
kysymyksensä	NOUN	kysymys
kysymyksessä	NOUN	kysymys
kysymyksestä	NOUN	kysymys
kysymykset	NOUN	kysymys
kysymyksiin	NOUN	kysymys
kysymyksiinne	NOUN	kysymys
kysymyksille	NOUN	kysymys
kysymyksissä	NOUN	kysymys
kysymyksistä	NOUN	kysymys
kysymyksiä	NOUN	kysymys
kysymysten	NOUN	kysymys
kysymystä	NOUN	kysymys
kysymättä	VERB	kysyä
kysymään	VERB	kysyä
kysyn	VERB	kysyä
kysynnän	NOUN	kysyntä
kysyntänäkymät	NOUN	kysyntä#näkymä
kysyntäpuolella	NOUN	kysyntä#puoli
kysyntäpuolen	NOUN	kysyntä#puoli
kysyntää	NOUN	kysyntä
kysyntään	NOUN	kysyntä
kysyt	VERB	kysyä
kysyttiin	VERB	kysyä
kysytty	VERB	kysyä
kysyttävää	NOUN	kysyttävä
kysyttävää	VERB	kysyä
kysytä	VERB	kysyä
kysytään	VERB	kysyä
kysyy	VERB	kysyä
kysäisin	VERB	kysäistä
kytemään	VERB	kyteä
kytkemättä	VERB	kytkeä
kytkennästä	NOUN	kytkentä
kytkentöjä	NOUN	kytkentä
kytketty	VERB	kytkeä
kytkettyä	VERB	kytkeä
kytkevät	VERB	kytkeä
kytkeytyviä	VERB	kytkeytyä
kytkeytyvät	VERB	kytkeytyä
kytkeytyvää	VERB	kytkeytyä
kytkeytyy	VERB	kytkeytyä
kytkimen	NOUN	kytkin
kytkimiä	NOUN	kytkin
kyvyille	NOUN	kyky
kyvyistä	NOUN	kyky
kyvyistään	NOUN	kyky
kyvystä	NOUN	kyky
kyvyt	NOUN	kyky
kyyhöttivät	VERB	kyyhöttää
kyykkäfinaaliin	NOUN	kyykkä#finaali
kyykkäkenttien	NOUN	kyykkä#kenttä
kyykkäliigassa	NOUN	kyykkä#liiga
kyykkäottelun	NOUN	kyykkä#ottelu
kyykkäturnauksessa	NOUN	kyykkä#turnaus
kyykkään	NOUN	kyykkä
kyyneleeni	NOUN	kyynel
kyyneleet	NOUN	kyynel
kyyneleiden	NOUN	kyynel
kyyneleitä	NOUN	kyynel
kyyneliään	NOUN	kyynel
kyynelkin	NOUN	kyynel
kyyneltensekaista	ADJ	kyynel#sekainen
kyynerpäitä	NOUN	kyynär#pää
kyynistä	ADJ	kyyninen
kyynisyyden	NOUN	kyynisyys
kyynärpäätaktiikalla	NOUN	kyynärpää#taktiikka
kyytiin	NOUN	kyyti
kyytiä	NOUN	kyyti
kyytssss	NOUN	kyyti
kädelle	NOUN	käsi
kädellään	NOUN	käsi
kädeltä	NOUN	käsi
käden	NOUN	käsi
kädenselkää	NOUN	käden#selkä
kädessä	NOUN	käsi
kädessään	NOUN	käsi
kädestä	NOUN	käsi
kädestäni	NOUN	käsi
kädet	NOUN	käsi
kämmenellisen	NOUN	kämmenellinen
kämmenensä	NOUN	kämmen
kämmeniään	NOUN	kämmen
kämmenpohjissa	NOUN	kämmen#pohja
kämpissä	PROPN	Kämppi
kämpässä	NOUN	kämppä
kämäiseen	ADJ	kämäinen
kännejä	NOUN	känni
känni-ukemeja	NOUN	känni-ukemi
kännin	NOUN	känni
kännissä	NOUN	känni
kännistä	NOUN	känni
kännitzeriin	PROPN	Kännitzer
kännitzerin	PROPN	Kännitzer
kännitzeriä	PROPN	Kännitzer
kännyin	VERB	kääntyä
kännykkäni	NOUN	kännykkä
kännykkänumeroaan	NOUN	kännykkä#numero
kännykkänumeroiden	NOUN	kännykkä#numero
kännykän	NOUN	kännykkä
kännykästä	NOUN	kännykkä
kännyköitään	NOUN	kännykkä
känsilläni	NOUN	känsä
käpertyy	VERB	käpertyä
käppänältä	NOUN	käppänä
käpyaivojensa	NOUN	käpy#aivo
käpylän	PROPN	Käpylä
käpylästä	PROPN	Käpylä
kärjen	NOUN	kärki
kärjessä	NOUN	kärki
kärjestä	NOUN	kärki
kärjistymisen	NOUN	kärjistyminen
kärjistäen	VERB	kärjistää
kärkeä	NOUN	kärki
kärkikahdeksikkoon	NOUN	kärki#kahdeksikko
kärkikolmikolle	NOUN	kärki#kolmikko
kärkikolmikon	NOUN	kärki#kolmikko
kärkimaita	NOUN	kärki#maa
kärkkäimpiä	ADJ	kärkäs
kärpäsiä	NOUN	kärpänen
kärpäslasinsa	NOUN	kärpäs#lasi
kärryjen	NOUN	kärry
kärsi	VERB	kärsiä
kärsii	VERB	kärsiä
kärsimistä	VERB	kärsiä
kärsimyksiä	NOUN	kärsimys
kärsimättöminä	ADJ	kärsimätön
kärsimään	VERB	kärsiä
kärsineen	ADJ	kärsinyt
kärsinyt	VERB	kärsiä
kärsivien	VERB	kärsiä
kärsivillä	VERB	kärsiä
kärsiviä	VERB	kärsiä
kärsivällisyyttä	NOUN	kärsivällisyys
kärsivällisyytä	NOUN	kärsivällisyys
kärsivät	VERB	kärsiä
kärttyisenä	ADJ	kärttyinen
kärventämällä	VERB	kärventää
kärysi	VERB	kärytä
kärähti	VERB	kärähtää
käräjille	NOUN	käräjät
käräjäoikeudelle	NOUN	käräjä#oikeus
käräjäoikeudelta	NOUN	käräjä#oikeus
käräjäoikeudessa	NOUN	käräjä#oikeus
käräjäoikeuksien	NOUN	käräjä#oikeus
käräjäoikeuksissa	NOUN	käräjä#oikeus
käräjäriidan	NOUN	käräjä#riita
käsiaseiden	NOUN	käsi#ase
käsien	NOUN	käsi
käsiensä	NOUN	käsi
käsiin	NOUN	käsi
käsiinsä	NOUN	käsi
käsikirjaan	NOUN	käsi#kirja
käsikirjaksi	NOUN	käsi#kirja
käsikirjasta	NOUN	käsi#kirja
käsikirjoittajan	NOUN	käsi#kirjoittaja
käsikirjoittanut	VERB	käsikirjoittaa
käsikirjoituksessa	NOUN	käsi#kirjoitus
käsikranaateista	NOUN	käsi#kranaatti
käsikädessä	NOUN	käsi#käsi
käsilautasen	NOUN	käsi#lautanen
käsilautaset	NOUN	käsi#lautanen
käsilläni	NOUN	käsi
käsimatkatavaroihin	NOUN	käsi#matka#tavara
käsin	NOUN	käsi
käsinkoskelteltavan	ADJ	käsin#kosketeltava
käsinojat	NOUN	käsi#noja
käsipyyhkeeseen	NOUN	käsi#pyyhe
käsipyyhkeet	NOUN	käsi#pyyhe
käsipyyhkeisiin	NOUN	käsi#pyyhe
käsirahan	NOUN	käsi#raha
käsissä	NOUN	käsi
käsissään	NOUN	käsi
käsitelleellä	VERB	käsitellä
käsitelleet	VERB	käsitellä
käsitellään	VERB	käsitellä
käsiteltiin	VERB	käsitellä
käsitelty	VERB	käsitellä
käsiteltyjen	VERB	käsitellä
käsiteltyjä	VERB	käsitellä
käsiteltäviksi	VERB	käsitellä
käsiteltävä	VERB	käsitellä
käsiteltäväksenne	VERB	käsitellä
käsiteltäväksi	VERB	käsitellä
käsiteltävänä	VERB	käsitellä
käsiteltävänämme	VERB	käsitellä
käsiteltävässä	VERB	käsitellä
käsitettä	NOUN	käsite
käsitetään	VERB	käsittää
käsitteellistä	ADJ	käsitteellinen
käsitteellä	NOUN	käsite
käsitteen	NOUN	käsite
käsitteet	NOUN	käsite
käsittelee	VERB	käsitellä
käsittelemien	VERB	käsitellä
käsittelemme	VERB	käsitellä
käsittelemään	VERB	käsitellä
käsittelen	VERB	käsitellä
käsittelet	VERB	käsitellä
käsittelevien	VERB	käsitellä
käsitteleviä	VERB	käsitellä
käsittelevä	VERB	käsitellä
käsittelevän	VERB	käsitellä
käsittelevää	VERB	käsitellä
käsitteli	VERB	käsitellä
käsittelivät	VERB	käsitellä
käsittelymenetelmät	NOUN	käsittely#menetelmä
käsittelyn	NOUN	käsittely
käsittelyssä	NOUN	käsittely
käsittelystä	NOUN	käsittely
käsittelyyn	NOUN	käsittely
käsittelyä	NOUN	käsittely
käsitti	VERB	käsittää
käsittämättömät	ADJ	käsittämätön
käsittämätöntä	ADJ	käsittämätön
käsittänyt	VERB	käsittää
käsittävät	VERB	käsittää
käsittääkseen	VERB	käsittää
käsittääksemme	VERB	käsittää
käsittääkseni	VERB	käsittää
käsityksemme	NOUN	käsitys
käsityksen	NOUN	käsitys
käsityksiä	NOUN	käsitys
käsitystä	NOUN	käsitys
käsityöammattien	NOUN	käsi#työ#ammatti
käsityöläiskorttelit	NOUN	käsi#työläis#kortteli
käsivarrelle	NOUN	käsivarsi
käsivarren	PROPN	Käsivarsi
käsivarrestani	NOUN	käsi#varsi
käsivarret	NOUN	käsi#varsi
käsivartensa	NOUN	käsi#varsi
käsivatkaimella	NOUN	käsi#vatkain
käsiä	NOUN	käsi
käski	VERB	käskeä
käskyä	NOUN	käsky
käteen	NOUN	käsi
käteeni	NOUN	käsi
käteensä	NOUN	käsi
käteisellä	NOUN	käteinen
käteiskaupalla	NOUN	käteis#kauppa
käteistä	NOUN	käteinen
kätellään	VERB	kätellä
käteni	NOUN	käsi
kätenikin	NOUN	käsi
kätensä	NOUN	käsi
kätkemistä	NOUN	kätkeäminen
kätkeytyneenä	VERB	kätkeytyä
kätköistä	NOUN	kätkö
kätteli	VERB	kätellä
kättä	NOUN	käsi
kättäni	NOUN	käsi
kättänsä	NOUN	käsi
kävelee	VERB	kävellä
kävelemään	VERB	kävellä
kävelen	VERB	kävellä
käveletkin	VERB	kävellä
kävelevä	VERB	kävellä
käveli	VERB	kävellä
kävelijälle	NOUN	kävelijä
kävelikö	VERB	kävellä
kävelimme	VERB	kävellä
kävelin	VERB	kävellä
kävelisin	VERB	kävellä
kävellen	VERB	kävellä
kävellessä	VERB	kävellä
kävellessäni	VERB	kävellä
kävellyt	VERB	kävellä
kävelläkseni	VERB	kävellä
kävelykeppinsä	NOUN	kävely#keppi
kävelylle	NOUN	kävely
kävelyreitille	NOUN	kävely#reitti
kävelyt	NOUN	kävely
kävelyvauhtiani	NOUN	kävely#vauhti
kävelyä	NOUN	kävely
kävi	VERB	käydä
kävijämäärään	NOUN	kävijä#määrä
kävijää	NOUN	kävijä
kävijöiden	NOUN	kävijä
kävijöilleen	NOUN	kävijä
kävijöitä	NOUN	kävijä
kävikään	VERB	käydä
kävimme	VERB	käydä
kävin	VERB	käydä
kävisi	VERB	käydä
kävivät	VERB	käydä
kävivätpä	VERB	käydä
käväsen	VERB	käväistä
käy	VERB	käydä
käydään	VERB	käydä
käydäänpäs	VERB	käydä
käymä	VERB	käydä
käymälät	NOUN	käymälä
käymään	VERB	käydä
käyneet	VERB	käydä
käynnillä	NOUN	käynti
käynnissä	NOUN	käynti
käynnistettävä	VERB	käynnistää
käynnistetään	VERB	käynnistää
käynnisti	VERB	käynnistää
käynnistin	VERB	käynnistää
käynnistynyt	VERB	käynnistyä
käynnistyvän	VERB	käynnistyä
käynnistyy	VERB	käynnistyä
käynnistä	NOUN	käynti
käynnistämisen	NOUN	käynnistäminen
käynnistämisessä	NOUN	käynnistäminen
käynnistämistä	NOUN	käynnistäminen
käynnistämään	VERB	käynnistää
käynnistänyt	VERB	käynnistää
käyntejä	NOUN	käynti
käyntiin	NOUN	käynti
käyny	VERB	käydä
käynyt	VERB	käydä
käyt	VERB	käydä
käytettiin	VERB	käyttää
käytettiinkö	VERB	käyttää
käytetty	VERB	käyttää
käytettyjen	VERB	käyttää
käytettyjä	ADJ	käytetty
käytettyjä	VERB	käyttää
käytettynä	VERB	käyttää
käytettäessä	VERB	käyttää
käytettäisi	VERB	käyttää
käytettäisiin	VERB	käyttää
käytettävien	VERB	käyttää
käytettäville	VERB	käyttää
käytettävissä	VERB	käyttää
käytettävissämme	VERB	käyttää
käytettäviä	VERB	käyttää
käytettävyyden	NOUN	käytettävyys
käytettävä	VERB	käyttää
käytettäväksi	VERB	käyttää
käytettävän	VERB	käyttää
käytettävää	NOUN	käytettävä
käytettävää	VERB	käyttää
käytetyistä	VERB	käyttää
käytetyn	ADJ	käytetty
käytetyn	VERB	käyttää
käytetystä	VERB	käyttää
käytetyt	VERB	käyttää
käytetä	VERB	käyttää
käytetää	VERB	käyttää
käytetään	VERB	käyttää
käytetäänkö	VERB	käyttää
käytiin	VERB	käydä
käytin	VERB	käyttää
käytti	VERB	käyttää
käyttivät	VERB	käyttää
käyttäen	VERB	käyttää
käyttäjien	NOUN	käyttäjä
käyttäjiensä	NOUN	käyttäjä
käyttäjiksi	NOUN	käyttäjä
käyttäjistä	NOUN	käyttäjä
käyttäjiä	NOUN	käyttäjä
käyttäjäksi	NOUN	käyttäjä
käyttäjäkunnan	NOUN	käyttäjä#kunta
käyttäjältä	NOUN	käyttäjä
käyttäjän	NOUN	käyttäjä
käyttäjänsä	NOUN	käyttäjä
käyttäjät	NOUN	käyttäjä
käyttäjää	NOUN	käyttäjä
käyttämiseen	NOUN	käyttäminen
käyttämiselle	NOUN	käyttäminen
käyttämisestä	NOUN	käyttäminen
käyttämistä	NOUN	käyttäminen
käyttämiä	VERB	käyttää
käyttämä	VERB	käyttää
käyttämällä	VERB	käyttää
käyttämästä	VERB	käyttää
käyttämät	VERB	käyttää
käyttämättä	VERB	käyttää
käyttämään	VERB	käyttää
käyttäneet	VERB	käyttää
käyttänyt	VERB	käyttää
käyttävien	VERB	käyttää
käyttävistä	VERB	käyttää
käyttävä	VERB	käyttää
käyttävällä	NOUN	käyttävä
käyttävän	VERB	käyttää
käyttävät	VERB	käyttää
käyttäytyi	VERB	käyttäytyä
käyttäytyisitte	VERB	käyttäytyä
käyttäytymisestä	NOUN	käyttäytyminen
käyttäytymiskokeiden	NOUN	käyttäytymis#koe
käyttäytynyt	VERB	käyttäytyä
käyttääkö	VERB	käyttää
käyttöasteesta	NOUN	käyttö#aste
käyttöjärjestelmissä	NOUN	käyttö#järjestelmä
käyttöjärjestelmistä	NOUN	käyttö#järjestelmä
käyttöjärjestelmäksi	NOUN	käyttö#järjestelmä
käyttöjärjestelmällä	NOUN	käyttö#järjestelmä
käyttöjärjestelmänä	NOUN	käyttö#järjestelmä
käyttöjärjestelmää	NOUN	käyttö#järjestelmä
käyttökelpoiseksi	ADJ	käyttö#kelpoinen
käyttökelpoista	ADJ	käyttö#kelpoinen
käyttökokemuksia	NOUN	käyttö#kokemus
käyttöliittymällä	NOUN	käyttö#liittymä
käyttöliittymän	NOUN	käyttö#liittymä
käyttöliittymäsuunnittelua	NOUN	käyttö#liittymä#suunnittelu
käyttömahdollisuuksia	NOUN	käyttö#mahdollisuus
käyttömahdollisuuksista	NOUN	käyttö#mahdollisuus
käyttöoikeussopimuksen	NOUN	käyttö#oikeus#sopimus
käyttöpaneeleita	NOUN	käyttö#paneeli
käyttötarkoituksen	NOUN	käyttö#tarkoitus
käyttötarkoituksille	NOUN	käyttö#tarkoitus
käyttötavaraa	NOUN	käyttö#tavara
käyttövoimana	NOUN	käyttö#voima
käyttövärieni	NOUN	käyttö#väri
käyttöä	NOUN	käyttö
käyttöön	NOUN	käyttö
käyttöönotossa	NOUN	käyttöönotto
käyttöönottoa	NOUN	käyttöön#otto
käyttöönsä	NOUN	käyttö
käyty	VERB	käydä
käytyä	VERB	käydä
käytä	VERB	käyttää
käytäisi	VERB	käydä
käytämme	VERB	käyttää
käytän	VERB	käyttää
käytännöistä	NOUN	käytäntö
käytännöksi	NOUN	käytäntö
käytännölliset	ADJ	käytännöllinen
käytännöllisiä	ADJ	käytännöllinen
käytännöllisyyttä	NOUN	käytännöllisyys
käytännön	NOUN	käytäntö
käytännönläheistä	ADJ	käytännön#läheinen
käytännössä	NOUN	käytäntö
käytännössähän	NOUN	käytäntö
käytänteiden	NOUN	käytänne
käytäntöjen	NOUN	käytäntö
käytäntöjä	NOUN	käytäntö
käytäntöön	NOUN	käytäntö
käytät	VERB	käyttää
käytävien	NOUN	käytävä
käytäville	NOUN	käytävä
käytävillä	NOUN	käytävä
käytäviltä	NOUN	käytävä
käytäviä	NOUN	käytävä
käytävän	NOUN	käytävä
käytävässä	VERB	käydä
käytävästä	VERB	käydä
käytävää	NOUN	käytävä
käytökseen	NOUN	käytös
käytöksellään	NOUN	käytös
käytöksen	NOUN	käytös
käytöksestä	NOUN	käytös
käytöllä	NOUN	käyttö
käytön	NOUN	käyttö
käytöshäiriöiden	NOUN	käytös#häiriö
käytöshäiriöitä	NOUN	käytös#häiriö
käytössä	NOUN	käyttö
käytössään	NOUN	käyttö
käytöstä	NOUN	käyttö
käyvien	VERB	käydä
käyvältä	VERB	käydä
käyvän	VERB	käydä
käyvät	VERB	käydä
käännekohtana	NOUN	käänne#kohta
käännetä	VERB	kääntää
käännetään	VERB	kääntää
käänny	VERB	kääntyä
käännyin	VERB	kääntyä
käännyit	VERB	kääntyä
käännytti	VERB	käännyttää
käännyttyä	VERB	kääntyä
käännyttyäni	VERB	kääntyä
käännöksestä	NOUN	käännös
käännöksiin	NOUN	käännös
käännöskukkasia	NOUN	käännös#kukkanen
käännöstyöhön	NOUN	käännös#työ
käänsi	VERB	kääntää
käänteistä	NOUN	käänne
käänty	VERB	kääntyä
kääntyessä	VERB	kääntyä
kääntyessään	VERB	kääntyä
kääntyi	VERB	kääntyä
kääntyisi	VERB	kääntyä
kääntymään	VERB	kääntyä
kääntynyt	VERB	kääntyä
kääntyvät	VERB	kääntyä
kääntyy	VERB	kääntyä
kääntäisikö	VERB	kääntää
kääntämään	VERB	kääntää
kääntöpaikalle	NOUN	kääntö#paikka
kääntöpuolella	NOUN	kääntö#puoli
kääriytynyt	VERB	kääriytyä
kääriytyy	VERB	kääriytyä
kääryleen	NOUN	kääryle
kääräisty	VERB	kääräistä
käävälle	PROPN	Kääpä
kåfjordissa	PROPN	Kåfjord
köklotin	PROPN	Köklot
kömpelyyttä	NOUN	kömpelyys
kömpelöitä	ADJ	kömpelö
kömpineet	VERB	kömpiä
könkään	NOUN	köngäs
köpötteli	VERB	köpötellä
köydestä	NOUN	köysi
köydet	NOUN	köysi
köyhien	ADJ	köyhä
köyhien	NOUN	köyhä
köyhimmillä	ADJ	köyhä
köyhimpiä	ADJ	köyhä
köyhissä	ADJ	köyhä
köyhyyden	NOUN	köyhyys
köyhällä	ADJ	köyhä
köyliössä	PROPN	Köyliö
köyttä	NOUN	köysi
kööpenhaminassa	PROPN	Kööpenhamina
laadinnassa	NOUN	laadinta
laadintaan	NOUN	laadinta
laaditaan	VERB	laatia
laadittaessa	VERB	laatia
laadittava	VERB	laatia
laadittavan	VERB	laatia
laadittiin	VERB	laatia
laadittu	VERB	laatia
laaditut	VERB	laatia
laadukasta	ADJ	laadukas
laadukkaan	ADJ	laadukas
laadukkaaseen	ADJ	laadukas
laadukkaiden	ADJ	laadukas
laadukkuuden	NOUN	laadukkuus
laadulle	NOUN	laatu
laadun	NOUN	laatu
laadunvalvontaelin	NOUN	laatu#valvonta#elin
laahaavat	VERB	laahata
laaja-alainen	ADJ	laaja#alainen
laaja-alaisemmin	ADV	laaja#alaisesti
laaja-alaisesti	ADV	laaja#alaisesti
laaja-alaisuutta	NOUN	laaja#alaisuus
laajaa	ADJ	laaja
laajaan	ADJ	laaja
laajakaistainfrastruktuurin	NOUN	laaja#kaista#infrastruktuuri
laajalla	ADJ	laaja
laajalle	ADJ	laaja
laajan	ADJ	laaja
laajasta	ADJ	laaja
laajemmalle	ADJ	laaja
laajemmilla	ADJ	laaja
laajemmin	ADV	laajasti
laajemmissa	ADJ	laaja
laajempaa	ADJ	laaja
laajempaakin	ADJ	laaja
laajempaan	ADJ	laaja
laajempi	ADJ	laaja
laajenee	VERB	laajeta
laajenevassa	VERB	laajeta
laajenevista	VERB	laajeta
laajeni	VERB	laajeta
laajenna	VERB	laajentaa
laajennetaan	VERB	laajentaa
laajennettava	VERB	laajentaa
laajennettua	VERB	laajentaa
laajennuksen	NOUN	laajennus
laajennuksia	NOUN	laajennus
laajennusosaan	NOUN	laajennus#osa
laajennusosassa	NOUN	laajennus#osa
laajensi	VERB	laajentaa
laajentamaan	VERB	laajentaa
laajentamalla	VERB	laajentaa
laajentamassa	VERB	laajentaa
laajentamisella	NOUN	laajentaminen
laajentamiselle	NOUN	laajentaminen
laajentaneen	VERB	laajentaa
laajentui	VERB	laajentua
laajentumisen	NOUN	laajentuminen
laajentumisesta	NOUN	laajentuminen
laajentumiskaudesta	NOUN	laajentumis#kausi
laajentumissuunnitelmaa	NOUN	laajentumis#suunnitelma
laajentuneessa	VERB	laajentua
laajentunut	VERB	laajentua
laajimmassa	ADJ	laaja
laajoja	ADJ	laaja
laajojen	ADJ	laaja
laajuiseksi	ADJ	laajuinen
laajuisen	ADJ	laajuinen
laajuisesta	ADJ	laajuinen
laajuista	ADJ	laajuinen
laajuudeltaan	NOUN	laajuus
laajuuden	NOUN	laajuus
laajuudesta	NOUN	laajuus
laajuutta	NOUN	laajuus
laakereilla	NOUN	laakeri
laakerinlehteä	NOUN	laakerin#lehti
laaksoa	NOUN	laakso
laaksossa	NOUN	laakso
laantunut	VERB	laantua
laatii	VERB	laatia
laatijana	NOUN	laatija
laatikkoon	NOUN	laatikko
laatikoihin	NOUN	laatikko
laatikoista	NOUN	laatikko
laatikon	NOUN	laatikko
laatikossa	NOUN	laatikko
laatikot	NOUN	laatikko
laatima	VERB	laatia
laatimaan	VERB	laatia
laatimamme	VERB	laatia
laatiman	VERB	laatia
laatimassaan	VERB	laatia
laatimia	VERB	laatia
laatimilla	VERB	laatia
laatimiseen	NOUN	laatiminen
laatimiseksi	NOUN	laatiminen
laatimisesta	NOUN	laatiminen
laatineet	VERB	laatia
laatineille	VERB	laatia
laativat	VERB	laatia
laatua	NOUN	laatu
laatutyön	NOUN	laatu#työ
laatuun	NOUN	laatu
laatuvaatimusten	NOUN	laatu#vaatimus
laboratorioissa	NOUN	laboratorio
laboratorion	NOUN	laboratorio
laboratoriossa	NOUN	laboratorio
labour-puolueeseen	NOUN	Labour#puolue
ladannut	VERB	ladata
laekenissa	PROPN	Laeken
laella	NOUN	laki
laguuneissa	NOUN	laguuni
lahden	NOUN	lahti
lahden	PROPN	Lahti
lahdessa	PROPN	Lahti
lahjaa	NOUN	lahja
lahjakasseja	NOUN	lahja#kassi
lahjakirjaan	NOUN	lahja#kirja
lahjakkaamman	ADJ	lahjakas
lahjakkaimmaksi	ADJ	lahjakas
lahjakkuuden	NOUN	lahjakkuus
lahjakkuuksia	NOUN	lahjakkuus
lahjaksi	NOUN	lahja
lahjalistat	NOUN	lahja#lista
lahjan	NOUN	lahja
lahjat	NOUN	lahja
lahjoiksi	NOUN	lahja
lahjoitetut	VERB	lahjoittaa
lahjoittajia	NOUN	lahjoittaja
lahjoittajien	NOUN	lahjoittaja
lahjoittajista	NOUN	lahjoittaja
lahjoittamalla	VERB	lahjoittaa
lahjoitti	VERB	lahjoittaa
lahjoituksella	NOUN	lahjoitus
lahjoituksellani	NOUN	lahjoitus
lahjoituksen	NOUN	lahjoitus
lahjoituksesta	NOUN	lahjoitus
lahjoituksista	NOUN	lahjoitus
lahjoituskirjoja	NOUN	lahjoitus#kirja
lahjoitusten	NOUN	lahjoitus
lahkeet	NOUN	lahje
lahkeille	NOUN	lahje
lahtia	NOUN	lahti
laidalla	NOUN	laita
laidalle	NOUN	laita
laidalta	NOUN	laita
laidasta	NOUN	laita
laihaa	ADJ	laiha
laihat	ADJ	laiha
laihdutuksen	NOUN	laihdutus
lailla	NOUN	laki
lailliseen	ADJ	laillinen
lailliseksi	ADJ	laillinen
laillisen	ADJ	laillinen
laillisena	ADJ	laillinen
laillisia	ADJ	laillinen
laillista	ADJ	laillinen
laillisuuden	NOUN	laillisuus
laiminlyömät	VERB	laimin#lyödä
laiminlyönnistä	NOUN	laimin#lyönti
laiminlyönnit	NOUN	laimin#lyönti
lain	NOUN	laki
laina-ajalle	NOUN	laina#aika
lainaa	NOUN	laina
lainaama	VERB	lainata
lainaamaan	VERB	lainata
lainaamasi	VERB	lainata
lainaan	VERB	lainata
lainaehdoista	NOUN	laina#ehto
lainakustannusten	NOUN	laina#kustannus
lainalla	NOUN	laina
lainalle	PROPN	Laina
lainamaksuina	NOUN	laina#maksu
lainamaksujen	NOUN	laina#maksu
lainan	NOUN	laina
lainaottelussa	NOUN	laina#ottelu
lainapapereita	NOUN	laina#paperi
lainasi	VERB	lainata
lainasin	VERB	lainata
lainasivat	VERB	lainata
lainasopimuksella	NOUN	laina#sopimus
lainasta	NOUN	laina
lainasummalla	NOUN	laina#summa
lainaten	VERB	lainata
lainatessaan	VERB	lainata
lainattu	VERB	lainata
laineet	NOUN	laine
lainehti	VERB	lainehtia
lainkäytön	NOUN	lain#käyttö
lainoilta	NOUN	laina
lainoittaville	VERB	lainoittaa
lainojen	NOUN	laina
lainsäädännöissä	NOUN	lain#säädäntö
lainsäädännöllä	NOUN	lain#säädäntö
lainsäädännön	NOUN	lain#säädäntö
lainsäädännössä	NOUN	lain#säädäntö
lainsäädännöstä	NOUN	lain#säädäntö
lainsäädännöstään	NOUN	lain#säädäntö
lainsäädäntö-	NOUN	lain#säädäntö
lainsäädäntöehdotuksen	NOUN	lain#säädäntö#ehdotus
lainsäädäntöjen	NOUN	lain#säädäntö
lainsäädäntökaudelle	NOUN	lain#säädäntö#kausi
lainsäädäntökysymykseen	NOUN	lain#säädäntö#kysymys
lainsäädäntömme	NOUN	lain#säädäntö
lainsäädäntöprosessiin	NOUN	lain#säädäntö#prosessi
lainsäädäntöä	NOUN	lain#säädäntö
lainsäädäntöön	NOUN	lain#säädäntö
laiskanpuoleista	ADJ	laiskan#puoleinen
laiskuudelle	NOUN	laiskuus
laiskuudesta	NOUN	laiskuus
laiskuudestaan	NOUN	laiskuus
laiskuuteen	NOUN	laiskuus
laiskuuttaan	NOUN	laiskuus
lait	NOUN	laki
laita	VERB	laittaa
laitaan	NOUN	laita
laitahyökkääjänä	NOUN	laita#hyökkääjä
laitamilla	NOUN	laitama
laitamme	VERB	laittaa
laitan	VERB	laittaa
laitat	VERB	laittaa
laite-	NOUN	laite
laitehankinnoissa	NOUN	laite#hankinta
laitehankintaa	NOUN	laite#hankinta
laitetaan	VERB	laittaa
laitettiin	VERB	laittaa
laitettu	VERB	laittaa
laitettua	VERB	laittaa
laitetukea	NOUN	laite#tuki
laitevalmistajat	NOUN	laite#valmistaja
laitkin	NOUN	laki
laitoimme	VERB	laittaa
laitoin	VERB	laittaa
laitoksella	NOUN	laitos
laitokselle	NOUN	laitos
laitokselta	NOUN	laitos
laitoksemme	NOUN	laitos
laitoksen	NOUN	laitos
laitoksena	NOUN	laitos
laitoksessaan	NOUN	laitos
laitoksesta	NOUN	laitos
laitokset	NOUN	laitos
laitoksia	NOUN	laitos
laitoksilla	NOUN	laitos
laitoksille	NOUN	laitos
laitoksilta	NOUN	laitos
laitoksista	NOUN	laitos
laitonta	ADJ	laiton
laitos-	NOUN	laitos
laitosneuvostoihin	NOUN	laitos#neuvosto
laitosruokakin	NOUN	laitos#ruoka
laitosten	NOUN	laitos
laittamassakaan	VERB	laittaa
laittanut	VERB	laittaa
laittautumisen	NOUN	laittautuminen
laittavan	VERB	laittaa
laitteen	NOUN	laite
laitteet	NOUN	laite
laitteiden	NOUN	laite
laitteilla	NOUN	laite
laitteissa	NOUN	laite
laitteita	NOUN	laite
laittialta	NOUN	lattia
laittoi	VERB	laittaa
laittomaan	ADJ	laiton
laittoman	ADJ	laiton
laittomat	ADJ	laiton
laittomia	ADJ	laiton
laittomuuksiin	NOUN	laittomuus
laiturilla	NOUN	laituri
laiturille	NOUN	laituri
laiturin	NOUN	laituri
laiturina	NOUN	laituri
laivaa	NOUN	laiva
laivaan	NOUN	laiva
laivaliikenteessä	NOUN	laiva#liikenne
laivalla	NOUN	laiva
laivallakin	NOUN	laiva
laivameklarin	NOUN	laiva#meklari
laivan	NOUN	laiva
laivapalojen	NOUN	laiva#palo
laivaromuttamolla	NOUN	laiva#romuttamo
laivasta	NOUN	laiva
laivastoja	NOUN	laivasto
laivaston	NOUN	laivasto
laivastossa	NOUN	laivasto
laivatuliaisten	NOUN	laiva#tuliainen
laivoja	NOUN	laiva
laivojen	NOUN	laiva
laivojensa	NOUN	laiva
lajeissa	NOUN	laji
lajeja	NOUN	laji
lajia	NOUN	laji
lajien	NOUN	laji
lajiin	NOUN	laji
lajilla	NOUN	laji
lajin	NOUN	laji
lajina	NOUN	laji
lajinsa	NOUN	laji
lajissa	NOUN	laji
lakaisee	VERB	lakaista
lakaistaan	VERB	lakaista
lakaistu	VERB	lakaista
lakalla	NOUN	lakka
lakanat	NOUN	lakana
lakanoihin	NOUN	lakana
lakanoita	NOUN	lakana
lakeisen	NOUN	lakeinen
lakeja	NOUN	laki
lakia	NOUN	laki
lakiasioista	NOUN	laki#asia
lakien	NOUN	laki
lakiin	NOUN	laki
lakimiehen	NOUN	laki#mies
lakimiehenä	NOUN	laki#mies
lakipisteeseensä	NOUN	laki#piste
lakisääteisten	ADJ	laki#sääteinen
lakivaliokunnassa	NOUN	laki#valio#kunta
lakkaa	VERB	lakata
lakkaamaan	VERB	lakata
lakkaisi	VERB	lakata
lakkasi	VERB	lakata
lakkasin	VERB	lakata
lakkautettu	VERB	lakkauttaa
lakkauttamisen	NOUN	lakkauttaminen
lakkauttamista	NOUN	lakkauttaminen
lakkauttivat	VERB	lakkauttaa
lakkiaisissa	NOUN	lakkiaiset
lakko-oikeus	NOUN	lakko#oikeus
lakkojen	NOUN	lakko
lakkokassan	NOUN	lakko#kassa
lakkonsa	NOUN	lakko
lakoniseen	ADJ	lakoninen
lakossa	NOUN	lakko
lakot	NOUN	lakko
lamaa	NOUN	lama
lamauttaen	VERB	lamauttaa
lamborghinin	PROPN	Lamborghini
lamfalussy-direktiivi	NOUN	Lamfalussy#direktiivi
lammaslaumat	NOUN	lammas#lauma
lammastalouteen	NOUN	lammas#talous
lammessa	NOUN	lampi
lammikoissa	NOUN	lammikko
lammikossa	NOUN	lammikko
lammintaustan	PROPN	Lammintausta
lammintaustasta	PROPN	Lammintausta
lampaan	NOUN	lammas
lampaanpaistin	NOUN	lammas#paisti
lampaat	NOUN	lammas
lampeen	NOUN	lampi
lampia	NOUN	lampi
lamppuja	NOUN	lamppu
lanannut	VERB	lanata
lancastren	PROPN	Lancastre
landsbankin	PROPN	Landsbank
langettama	VERB	langettaa
languagella	PROPN	Language
lankassa	PROPN	Lanka
lankesi	VERB	langeta
lankun	NOUN	lankku
lannistavat	VERB	lannistaa
lannistivat	VERB	lannistaa
lannistu	VERB	lannistua
lanseerasi	VERB	lanseerata
lantanidikelaattejen	NOUN	lantanidi#kelaatti
laodiken	PROPN	Laodike
laosissa	PROPN	Laos
lapasotkia	NOUN	lapa#sotka
lapin	PROPN	Lappi
lapinsirkka	NOUN	lappi#sirkka
lapion	NOUN	lapio
lapissa	PROPN	Lappi
lappalaisen	PROPN	Lappalainen
lappalaiset	NOUN	lappalainen
lappeenrannan	PROPN	Lappeenranta
lappoi	VERB	lappaa
lappua	NOUN	lappu
lapsella	NOUN	lapsi
lapselle	NOUN	lapsi
lapselleni	NOUN	lapsi
lapsellisia	ADJ	lapsellinen
lapsemme	NOUN	lapsi
lapsen	NOUN	lapsi
lapsena	NOUN	lapsi
lapseni	NOUN	lapsi
lapsenne	NOUN	lapsi
lapsensa	NOUN	lapsi
lapsessa	NOUN	lapsi
lapsesta	NOUN	lapsi
lapset	NOUN	lapsi
lapsia	NOUN	lapsi
lapsiin	NOUN	lapsi
lapsille	NOUN	lapsi
lapsilleen	NOUN	lapsi
lapsillenne	NOUN	lapsi
lapsiperheet	NOUN	lapsi#perhe
lapsiperheitä	NOUN	lapsi#perhe
lapsipornosuodatuslistalle	NOUN	lapsi#porno#suodatus#lista
lapsista	NOUN	lapsi
lapsistaan	NOUN	lapsi
lapsistani	NOUN	lapsi
lapsiyleisön	NOUN	lapsi#yleisö
lapsiystävällisempään	ADJ	lapsi#ystävällinen
lapsuuden	NOUN	lapsuus
lapsuudesta	NOUN	lapsuus
lapsuudestaan	NOUN	lapsuus
lapsuuteen	NOUN	lapsuus
lapsuuttaan	NOUN	lapsuus
larnakan	PROPN	Larnaka
lasarin	PROPN	Lasari
laseja	NOUN	lasi
laserin	NOUN	laser
lasikatakombeista	NOUN	lasi#katakombi
lasillisen	NOUN	lasillinen
lasinsa	NOUN	lasi
lasiseinäisten	ADJ	lasi#seinäinen
lasiseinät	NOUN	lasi#seinä
lasissa	NOUN	lasi
lasitehtaalle	NOUN	lasi#tehdas
lasitehtaan	NOUN	lasi#tehdas
laskee	VERB	laskea
laskelmia	NOUN	laskelma
laskemaan	VERB	laskea
laskemalla	VERB	laskea
laskematta	VERB	laskea
laskemiseen	NOUN	laskeminen
laskemiseksi	NOUN	laskeminen
laskemisen	NOUN	laskeminen
laskemisesta	NOUN	laskeminen
laskemista	NOUN	laskeminen
lasken	VERB	laskea
laskeneen	VERB	laskea
laskeneensa	VERB	laskea
laskeneeseen	VERB	laskea
laskennallisen	ADJ	laskennallinen
laskennallista	ADJ	laskennallinen
laskentapohjaa	NOUN	laskenta#pohja
laskentatavoista	NOUN	laskenta#tapa
laskentatoimen	NOUN	laskenta#toimi
laskenut	VERB	laskea
lasketa	VERB	laskea
lasketaan	VERB	laskea
laskettava	VERB	laskea
laskettavaa	VERB	laskea
laskettiin	VERB	laskea
laskettu	VERB	laskea
laskettuihin	VERB	laskea
laskettuna	VERB	laskea
lasketut	VERB	laskea
laskeuduin	VERB	laskeutua
laskeuduttua	VERB	laskeutua
laskeutuessaan	VERB	laskeutua
laskeutui	VERB	laskeutua
laskeutumisen	NOUN	laskeutuminen
laskeutumisesta	NOUN	laskeutuminen
laskeutumiskapseli	NOUN	lasketumis#kapseli
laskeutumisoikeudet	NOUN	laskeutumis#oikeus
laskeutumista	NOUN	laskeutuminen
laskeutumisvalmistelut	NOUN	laskeutumis#valmistelu
laskeutuneen	VERB	laskeutua
laskeutunut	VERB	laskeutua
laskeutuva	VERB	laskeutua
laskeutuvan	VERB	laskeutua
laskeva	VERB	laskea
laskevalle	VERB	laskea
laskevan	VERB	laskea
laskevat	VERB	laskea
laski	VERB	laskea
laskiaisena	NOUN	laskiainen
laskiaislähetystämme	NOUN	laskiais#lähetys
laskiaispäivän	NOUN	laskiais#päivä
laskiessa	VERB	laskea
laskiessaan	VERB	laskea
laskijan	NOUN	laskija
laskimme	VERB	laskea
laskin	VERB	laskea
laskisikin	VERB	laskea
laskisiko	VERB	laskea
laskivat	VERB	laskea
laskostumaan	VERB	laskostua
laskua	NOUN	lasku
laskuaan	NOUN	lasku
laskuhaaraan	NOUN	lasku#haara
laskuissa	NOUN	lasku
laskuista	NOUN	lasku
laskuja	NOUN	lasku
laskujen	NOUN	lasku
laskulla	NOUN	lasku
laskumarkkinoilla	NOUN	lasku#markkinat
laskun	NOUN	lasku
laskussa	NOUN	lasku
laskusta	NOUN	lasku
laskut	NOUN	lasku
laskutuksen	NOUN	laskutus
laskutuslisät	NOUN	laskutus#lisä
laskuun	NOUN	lasku
laskuvarjon	NOUN	lasku#varjo
laskuvarjonsa	NOUN	lasku#varjo
laskuveden	NOUN	lasku#vesi
laskuvälineet	NOUN	lasku#väline
lassekin	PROPN	Lasse
lassesi	PROPN	Lasse
lasta	NOUN	lapsi
lastaan	NOUN	lapsi
lastamme	NOUN	lapsi
lastauspaikalla	NOUN	lastaus#paikka
lastausramppia	NOUN	lastaus#ramppi
lasten	NOUN	lapsi
lastenaltaassa	NOUN	lapsi#allas
lasteni	NOUN	lapsi
lastenklinikalla	NOUN	lapsi#klinikka
lastensa	NOUN	lapsi
lastentautiopin	NOUN	lasten#tauti#oppi
lastenvalvojana	NOUN	lastenvalvoja
lastenvaunuilla	NOUN	lapsi#vaunu
lastenyliopistolaiset	NOUN	lasten#yli#opistolainen
lastia	NOUN	lasti
lastina	NOUN	lasti
lastuamisessa	NOUN	lastuaminen
lastuavassa	VERB	lastuta
lastunmuodostusta	NOUN	lastu#muodostus
lat.	NOUN	latina
lataamisen	NOUN	lataaminen
lataavia	VERB	ladata
latailua	NOUN	latailu
latasin	VERB	ladata
latavrin	PROPN	Latavr
latinalaisen	ADJ	latinalainen
latinalaisessa	ADJ	latinalainen
latinan	NOUN	latina
lattiaa	NOUN	lattia
lattialla	NOUN	lattia
lattialle	NOUN	lattia
lattian	NOUN	lattia
lattiassa	NOUN	lattia
lattiasta	NOUN	lattia
lattioita	NOUN	lattia
latvajärviä	NOUN	latva#järvi
latvalasta	PROPN	Latvala
latvassa	NOUN	latva
latviaan	PROPN	Latvia
latviaksi	NOUN	latvia
latvialaisella	ADJ	latvialainen
latvialaiset	NOUN	latvialainen
latvialaisiin	NOUN	latvialainen
latvian	PROPN	Latvia
latvianvenäläisten	NOUN	latvia#venäläinen
latvoiltaan	NOUN	latva
latvoja	NOUN	latva
latvustoon	NOUN	latvusto
lauantaiksi	NOUN	lauantai
lauantaille	NOUN	lauantai
lauantain	NOUN	lauantai
lauantaina	NOUN	lauantai
lauantaipäivälle	NOUN	lauantai#päivä
laudat	NOUN	lauta
laudoillaan	NOUN	lauta
lauhdutaan	VERB	lauhtua
laukaisevia	VERB	laukaista
laukaisi	VERB	laukaista
laukaissut	VERB	laukaista
laukaistiin	VERB	laukaista
laukannut	VERB	laukata
laukauksen	NOUN	laukaus
laukausta	NOUN	laukaus
laukesi	VERB	laueta
laukkailee	VERB	laukkailla
laukkasi	VERB	laukata
laukkuaan	NOUN	laukku
laukkujani	NOUN	laukku
laukusta	NOUN	laukku
laula	VERB	laulaa
laulaja-kitaristi-biisintekijä	NOUN	laulaja#kitaristi#biisin#tekijä
laulaja-lauluntekijä	NOUN	laulaja#laulun#tekijä
laulajana	NOUN	laulaja
laulajana-laulunkirjoittajana	NOUN	laulaja#laulu#kirjoittaja
laulamalla	VERB	laulaa
laulanut	VERB	laulaa
laulavia	VERB	laulaa
laulellen	VERB	laulella
lauleskellut	VERB	lauleskella
laulettavaksi	VERB	laulaa
laulettua	VERB	laulaa
lauloi	VERB	laulaa
lauloin	VERB	laulaa
laulua	NOUN	laulu
lauluakin	NOUN	laulu
lauluihin	NOUN	laulu
lauluissa	NOUN	laulu
lauluista	NOUN	laulu
lauluja	NOUN	laulu
laulukilpailuissa	NOUN	laulu#kilpailu
laulukilpailujen	NOUN	laulu#kilpailu
laulukilpailun	NOUN	laulu#kilpailu
laulukisoja	NOUN	laulu#kisa
laulun	NOUN	laulu
lauluntekijäksi	NOUN	laulun#tekijä
lauluosuudesta	NOUN	laulu#osuus
lauluosuudet	NOUN	laulu#osuus
laulusolistina	NOUN	laulu#solisti
laulutkin	NOUN	laulu
laumatovereilta	NOUN	lauma#toveri
launtaina	NOUN	lauantai
lauran	PROPN	Laura
laurille	PROPN	Lauri
laurilta	PROPN	Lauri
laurin	PROPN	Lauri
lausahtavan	VERB	lausahtaa
lauseella	NOUN	lause
lauseen	NOUN	lause
lauseesta	NOUN	lause
lauseiden	NOUN	lause
lausekkeeseen	NOUN	lauseke
lausui	VERB	lausua
lausunnoksi	NOUN	lausunto
lausunnon	NOUN	lausunto
lausunnosta	NOUN	lausunto
lausunnot	NOUN	lausunto
lausuntoja	NOUN	lausunto
lausuntojen	NOUN	lausunto
lausuntokaan	NOUN	lausunto
lausuntonsa	NOUN	lausunto
lausuu	VERB	lausua
lautaa	NOUN	lauta
lautaisia	NOUN	lautanen
lautakunnan	NOUN	lauta#kunta
lautakuntaan	NOUN	lauta#kunta
lautapelejä	NOUN	lauta#peli
lautapelien	NOUN	lauta#peli
lautaselle	NOUN	lautanen
lautasellisen	NOUN	lautasellinen
lautaset	NOUN	lautanen
lautasilleen	NOUN	lautanen
lautaspaukuttelijan	NOUN	lautas#paukuttelija
lautasten	NOUN	lautanen
lavakuormurista	NOUN	lava#kuormuri
lavalle	NOUN	lava
lavastetaan	VERB	lavastaa
lavastettua	VERB	lavastaa
lavojen	NOUN	lava
lavrovin	PROPN	Lavrov
lavuaarin	NOUN	lavuaari
lazicaan	PROPN	Lazica
lc8:sista	PROPN	LC8
leafsin	PROPN	Leafs
leaguessa	PROPN	League
ledille	NOUN	ledi
ledin	NOUN	ledi
ledinäytössä	NOUN	ledi#näyttö
legendan	NOUN	legenda
legitimiteetin	NOUN	legitimiteetti
legitimiteettiongelmissa	NOUN	legitimiteetti#ongelma
legitimoimiseksi	NOUN	legitimoiminen
lehdelle	NOUN	lehti
lehden	NOUN	lehti
lehdessä	NOUN	lehti
lehdestä	NOUN	lehti
lehdet	NOUN	lehti
lehdistä	NOUN	lehti
lehdistön	NOUN	lehdistö
lehdistötiedotteessa	NOUN	lehdistö#tiedote
lehdistötilaisuuteen	NOUN	lehdistö#tilaisuus
lehmistä	NOUN	lehmä
lehmän	NOUN	lehmä
lehmäs	NOUN	lehmä
lehmästä	NOUN	lehmä
lehmät	NOUN	lehmä
lehmää	NOUN	lehmä
lehteä	NOUN	lehti
lehteään	NOUN	lehti
lehtiartikkelissa	NOUN	lehti#artikkeli
lehtien	NOUN	lehti
lehtiin	NOUN	lehti
lehtikasan	NOUN	lehti#kasa
lehtikuusia	NOUN	lehti#kuusi
lehtimajan	PROPN	Lehti#maja
lehtipuista	NOUN	lehti#puu
lehtipuita	NOUN	lehti#puu
lehtistä	PROPN	Lehtinen
lehtiä	NOUN	lehti
lehtomaisissa	ADJ	lehto#mainen
lehtomäkikin	PROPN	Lehtomäki
lehtosen	PROPN	Lehtonen
lehvästöstä	NOUN	lehvästö
leijailevaa	VERB	leijailla
leijailevat	VERB	leijailla
leijona-koneen	NOUN	Leijona#kone
leijonan	NOUN	leijona
leijonien	NOUN	leijona
leijui	VERB	leijua
leijuvan	VERB	leijua
leijuvat	VERB	leijua
leikataan	VERB	leikata
leikattu	VERB	leikata
leiki	VERB	leikkiä
leikilliset	ADJ	leikillinen
leikitäänkö	VERB	leikkiä
leikkaa	VERB	leikata
leikkaavaan	VERB	leikata
leikkaavat	VERB	leikata
leikkaisivat	VERB	leikata
leikkasin	VERB	leikata
leikkauksessa	NOUN	leikkaus
leikkauksesta	NOUN	leikkaus
leikkauksia	NOUN	leikkaus
leikkauksien	NOUN	leikkaus
leikkeleen	NOUN	leikkele
leikkeleillä	NOUN	leikkele
leikkelekinkkua	NOUN	leikkele#kinkku
leikkelin	VERB	leikellä
leikki	VERB	leikkiä
leikkijunaa	NOUN	leikki#juna
leikkikalukaupan	NOUN	leikki#kalu#kauppa
leikkimistä	NOUN	leikkiminen
leikkimään	VERB	leikkiä
leikkinyt	VERB	leikkiä
leikkitoverini	NOUN	leikki#toveri
leikkivät	VERB	leikkiä
leikkkaa	VERB	leikata
leikkuriterällä	NOUN	leikkuri#terä
leikuriterällä	NOUN	leikkuri#terä
leimaamaan	VERB	leimata
leimaantumista	NOUN	leimaantuminen
leimasikin	VERB	leimata
leimattava	VERB	leimata
leimojen	NOUN	leima
leino-kilpi	PROPN	Leino#Kilpi
leipiä	NOUN	leipä
leipoivat	VERB	leipoa
leipäidentiteettiäni	NOUN	leipä#identiteetti
leipälevyä	NOUN	leipä#levy
leipäpalaa	NOUN	leipä#pala
leipäsi	NOUN	leipä
leipää	NOUN	leipä
leipääntyneen	ADJ	leipääntynyt
leireistä	NOUN	leiri
leiriin	NOUN	leiri
leirin	NOUN	leiri
leirissä	NOUN	leiri
leirit	NOUN	leiri
leivinpaperin	NOUN	leivinpaperi
leivissä	NOUN	leipä
leivottiin	VERB	leipoa
leivälle	NOUN	leipä
leivän	NOUN	leipä
leivästä	NOUN	leipä
leluautoillaan	NOUN	lelu#auto
leluilla	NOUN	lelu
lelunaan	NOUN	lelu
lelut	NOUN	lelu
lemahtavaa	VERB	lemahtaa
lemmikkejä	NOUN	lemmikki
lempeitä	ADJ	lempeä
lempeän	ADJ	lempeä
lempiaiheeni	NOUN	lempi#aihe
lempijäätelönsä	NOUN	lempi#jäätelö
lempinimellä	NOUN	lempi#nimi
lempinimensä	NOUN	lempi#nimi
lempinimestäkin	NOUN	lempi#nimi
lempipaikkojaan	NOUN	lempi#paikka
lempirantasi	NOUN	lempi#ranta
lempivaatteet	NOUN	lempi#vaate
lempivärit	NOUN	lempi#väri
leninin	PROPN	Lenin
lenkille	NOUN	lenkki
lenkkariinsa	NOUN	lenkkari
lenkkarit	NOUN	lenkkari
lenkkeilyalueella	NOUN	lenkkeily#alue
lenkkipuvussaan	NOUN	lenkki#puku
lenkkitossut	NOUN	lenkki#tossu
lennettyään	VERB	lentää
lennetä	VERB	lentää
lennetään	VERB	lentää
lennoilla	NOUN	lento
lennokit	NOUN	lennokki
lennokkien	NOUN	lennokki
lennolla	NOUN	lento
lennon	NOUN	lento
lennonjohtajat	NOUN	lennon#johtaja
lennonjohtajien	NOUN	lennon#johtaja
lennonjohtokiistaan	NOUN	lennon#johto#kiista
lennossa	NOUN	lento
lennot	NOUN	lento
lennähti	VERB	lennähtää
lennätetty	VERB	lennättää
lennättänyt	VERB	lennättää
lenteleviä	VERB	lennellä
lento-onnettomuuksiin	NOUN	lento#onnettomuus
lento-onnettomuus	NOUN	lento#onnettomuus
lentoa	NOUN	lento
lentoalaa	NOUN	lento#ala
lentoemännät	NOUN	lento#emäntä
lentohenkilökuntaa	NOUN	lento#henkilö#kunta
lentoja	NOUN	lento
lentokentistä	NOUN	lento#kenttä
lentokentälle	NOUN	lento#kenttä
lentokentällä	NOUN	lento#kenttä
lentokentältä	NOUN	lento#kenttä
lentokentän	NOUN	lento#kenttä
lentokentät	NOUN	lento#kenttä
lentokoneen	NOUN	lento#kone
lentokoneessa	NOUN	lento#kone
lentokuljetusten	NOUN	lento#kuljetus
lentolehtisiä	NOUN	lento#lehtinen
lentoliikennealaa	NOUN	lento#liikenne#ala
lentoliikennepalveluja	NOUN	lento#liikenne#palvelu
lentoliikennettä	NOUN	lento#liikenne
lentoliikenneyritystä	NOUN	lento#liikenne#yritys
lentoliikenteen	NOUN	lento#liikenne
lentoliikenteestä	NOUN	lento#liikenne
lentolipun	NOUN	lento#lippu
lentomatkustajien	NOUN	lento#matkustaja
lentopallon	NOUN	lento#pallo
lentopallossa	NOUN	lento#pallo
lentopallosta	NOUN	lento#pallo
lentopalloturnauksessa	NOUN	lento#pallo#turnaus
lentopoikasia	NOUN	lento#poikanen
lentoturmassa	NOUN	lento#turma
lentoturvallisuuden	NOUN	lento#turvallisuus
lentoyhtiöiden	NOUN	lento#yhtiö
lentoyhtiöille	NOUN	lento#yhtiö
lentoyhtiöitä	NOUN	lento#yhtiö
lentoyhtiöitään	NOUN	lento#yhtiö
lentoyhtiölle	NOUN	lento#yhtiö
lentoyhtiön	NOUN	lento#yhtiö
lentoyhtiönsä	NOUN	lento#yhtiö
lentoyhtiötä	NOUN	lento#yhtiö
lentueen	NOUN	lentue
lentäen	VERB	lentää
lentäessä	VERB	lentää
lentämisen	NOUN	lentäminen
lentämisestä	NOUN	lentäminen
lentämään	VERB	lentää
lentävät	VERB	lentää
leon	PROPN	Leo
lepakoita	NOUN	lepakko
lepakon	NOUN	lepakko
lepattaen	VERB	lepattaa
lepattavan	VERB	lepattaa
lepattavat	VERB	lepattaa
lepoani	NOUN	lepo
lepoon	NOUN	lepo
leppoisia	ADJ	leppoisa
leppäkerttuja	NOUN	leppä#kerttu
leppäkerttujen	NOUN	leppä#kerttu
leppäkertut	NOUN	leppä#kerttu
lepuskin	PROPN	Lepuski
lepyttelin	VERB	lepytellä
lepyttelytanssillani	NOUN	lepytellä#tanssi
lepytysyritysten	NOUN	lepytys#yritys
lepäillen	VERB	lepäillä
lepäsi	VERB	levätä
lepää	VERB	levätä
lepäämistä	NOUN	lepääminen
lepäämästä	VERB	levätä
lesbojen	NOUN	lesbo
lesbot	NOUN	lesbo
leskeksi	NOUN	leski
leskenlehden	NOUN	lesken#lehti
leskenlehtien	NOUN	lesken#lehti
letizian	PROPN	Letizia
leukaansa	NOUN	leuka
leukojani	NOUN	leuka
leveytensä	NOUN	leveys
leveän	ADJ	leveä
levinneistä	VERB	levitä
levinneisyyteen	NOUN	levinneisyys
levinnyt	VERB	levitä
levisi	VERB	levitä
levisivät	VERB	levitä
levitetty	VERB	levittää
levitettävien	VERB	levittää
levittyy	VERB	levittyä
levittäjiä	NOUN	levittäjä
levittämiseksi	NOUN	levittäminen
levittämistä	NOUN	levittäminen
levittämään	VERB	levittää
levittäytyen	VERB	levittäytyä
levityksestä	NOUN	levitys
levitystä	NOUN	levitys
levitä	VERB	levittää
levitän	VERB	levittää
leviämisen	NOUN	leviäminen
leviämistä	NOUN	leviäminen
leviämään	VERB	levitä
leviävien	VERB	levitä
leviävä	VERB	levitä
leviää	VERB	levitä
levottomia	ADJ	levoton
levottomuudet	NOUN	levottomuus
levottomuuksia	NOUN	levottomuus
levottomuutta	NOUN	levottomuus
levuloosille	PROPN	levuloosi
levy-yhtiö	NOUN	levy#yhtiö
levy-yhtiöiden	NOUN	levy#yhtiö
levy-yhtiölle	NOUN	levy#yhtiö
levy-yhtiönsä	NOUN	levy#yhtiö
levy-yhtiöstä	NOUN	levy#yhtiö
levy-yhtiöt	NOUN	levy#yhtiö
levyillään	NOUN	levy
levyistä	NOUN	levy
levyjä	NOUN	levy
levylle	NOUN	levy
levyn	NOUN	levy
levynsä	NOUN	levy
levynä	NOUN	levy
levyssä	NOUN	levy
levystä	NOUN	levy
levyt	NOUN	levy
levytti	VERB	levyttää
levyttivän	VERB	levyttää
levyttämässä	VERB	levyttää
levyttäneet	VERB	levyttää
levyttänyt	VERB	levyttää
levytyssopimuksen	NOUN	levytys#sopimus
levyä	NOUN	levy
levätessä	VERB	levätä
levättyään	VERB	levätä
lhc-hiukkaskiihdytin	NOUN	LHC#hiukkas#kiihdytin
lhc:n	PROPN	LHC
liberaaleissa	ADJ	liberaali
liberaalidemokraattien	NOUN	liberaali#demokraatti
liberaalien	ADJ	liberaali
liberaalimpaa	ADJ	liberaali
liberaalit	ADJ	liberaali
liberaalit	NOUN	liberaali
liberalismin	NOUN	liberalismi
liberalisoituessa	VERB	liberalisoitua
liberalistisiksi	ADJ	liberalistinen
libušen	PROPN	Libuše
libušesta	PROPN	Libuše
libyaan	PROPN	Libya
libyan	PROPN	Libya
lidossa	PROPN	Lido
lie	AUX	olla
lieassa	NOUN	lieka
liedeltä	NOUN	liesi
liemessä	NOUN	liemi
lien	AUX	olla
liene	AUX	olla
lienee	AUX	olla
lienee	VERB	olla
lienevät	AUX	olla
lientä	NOUN	liemi
lienzin	PROPN	Lienz
lienzissä	PROPN	Lienz
liepeensä	NOUN	lieve
liepeille	NOUN	lieve
liepeitä	NOUN	lieve
liesjärveen	PROPN	Liesjärvi
liesjärven	PROPN	Liesjärvi
liesjärvestä	PROPN	Liesjärvi
lietsomisesta	NOUN	lietsominen
liettualaisessa	ADJ	liettualainen
lietä	VERB	liettää
lieveilmiöistä	NOUN	lieve#ilmiö
lieviin	ADJ	lievä
lieviä	ADJ	lievä
lieväkin	ADJ	lievä
lievältä	ADJ	lievä
lievän	ADJ	lievä
lifessä	PROPN	Life
lightningin	PROPN	Lightning
ligniinin	NOUN	ligniini
ligniiniä	NOUN	ligniini
lihaa	NOUN	liha
lihaan	NOUN	liha
lihakset	NOUN	lihas
lihaksi	NOUN	liha
lihakudokselle	NOUN	liha#kudos
lihaliemikuutiosta	NOUN	liha#liemi#kuutio
lihalisuketta	NOUN	liha#lisuke
lihan	NOUN	liha
lihanjalostaja	NOUN	liha#jalostaja
lihanjalosteilleen	NOUN	liha#jaloste
lihanpalat	NOUN	lihan#pala
lihanuijalla	NOUN	liha#nuija
lihapitoiseksi	ADJ	liha#pitoinen
lihas-	NOUN	lihas
lihassa	NOUN	liha
lihassoluja	NOUN	lihas#solu
lihassolujen	NOUN	lihas#solu
lihassolut	NOUN	lihas#solu
lihasta	NOUN	liha
lihatuotteilla	NOUN	liha#tuote
lihatuotteita	NOUN	liha#tuote
lihaveitsen	NOUN	liha#veitsi
lihavia	ADJ	lihava
lihaville	ADJ	lihava
lihoille	NOUN	liha
lihoja	NOUN	liha
lihottavat	VERB	lihottaa
liialliseen	ADJ	liiallinen
liiallisen	ADJ	liiallinen
liiallisesta	ADJ	liiallinen
liiankin	ADV	liian
liiasta	NOUN	liika
liiennytkään	VERB	liietä
liigaan	NOUN	liiga
liigajoukkueen	NOUN	liiga#joukkue
liigakarsinnassa	NOUN	liiga#karsinta
liigakarsintaan	NOUN	liiga#karsinta
liigakauden	NOUN	liiga#kausi
liigamaalinsa	NOUN	liiga#maali
liigan	NOUN	liiga
liigaottelua	NOUN	liiga#ottelu
liigasta	NOUN	liiga
liikanimen	NOUN	liika#nimi
liike-elämä	NOUN	liike#elämä
liike-elämästä	NOUN	liike#elämä
liikealan	NOUN	liike#ala
liikeen	NOUN	liike
liikehäiriöitä	NOUN	liike#häiriö
liikekannallepanon	NOUN	liike#kannalle#pano
liikekiinteistöisännöitsijätehtävissä	NOUN	liike#kiinteistö#isännöitsijä#tehtävä
liikekiinteistöjen	NOUN	liike#kiinteistö
liikelaitoksille	NOUN	liike#laitos
liikemiehelle	NOUN	liike#mies
liikemiehen	NOUN	liike#mies
liikemiesmäistä	ADJ	liikemiesmäinen
liikemiesten	NOUN	liike#mies
liikenne-	NOUN	liikenne
liikenneonnettomuuksia	NOUN	liikenne#onnettomuus
liikennepaikalla	NOUN	liikenne#paikka
liikennepaikan	NOUN	liikenne#paikka
liikennepoliittisiin	ADJ	liikenne#poliittinen
liikennepolitiikkaa	NOUN	liikenne#politiikka
liikenneratkaisut	NOUN	liikenne#ratkaisu
liikennettä	NOUN	liikenne
liikennevahinkoja	NOUN	liikenne#vahinko
liikennevaloihin	NOUN	liikenne#valo
liikennevalotolppaan	NOUN	liikenne#valo#tolppa
liikenneympyrässä	NOUN	liikenne#ympyrä
liikenteen	NOUN	liikenne
liikenteenohjauslaitteisto	NOUN	liikenne#ohjaus#laitteisto
liikenteenohjaustoiminnot	NOUN	liikenne#ohjaus#toiminto
liikenteessä	NOUN	liikenne
liikenteestä	NOUN	liikenne
liikesalaisuuksien	NOUN	liike#salaisuus
liiketoimien	NOUN	liike#toimi
liiketoiminnan	NOUN	liike#toiminta
liiketoimintaa	NOUN	liike#toiminta
liiketoimintaansa	NOUN	liike#toiminta
liiketoimintamahdollisuuksien	NOUN	liike#toiminta#mahdollisuus
liiketoimintaosaamisen	NOUN	liike#toiminta#osaaminen
liiketoimintaosaamista	NOUN	liike#toiminta#osaaminen
liikettä	NOUN	liike
liiketuloksensa	NOUN	liike#tulos
liiketuttavuuksia	NOUN	liike#tuttavuus
liikevaihdon	NOUN	liike#vaihto
liikevaihdosta	NOUN	liike#vaihto
liikevaihtoa	NOUN	liike#vaihto
liikevaihtoaan	NOUN	liike#vaihto
liikevaihtonsa	NOUN	liike#vaihto
liikevaihtoon	NOUN	liike#vaihto
liikevoiton	NOUN	liike#voitto
liikevoittoa	NOUN	liike#voitto
liikkeellä	NOUN	liike
liikkeen	NOUN	liike
liikkeenjohdon	NOUN	liikkeen#johto
liikkeensä	NOUN	liike
liikkeeseen	NOUN	liike
liikkeessä	NOUN	liike
liikkeet	NOUN	liike
liikkeiltään	NOUN	liike
liikkui	VERB	liikkua
liikkumasta	VERB	liikkua
liikkumavaraa	NOUN	liikkumavara
liikkumiseen	NOUN	liikkuminen
liikkumisen	NOUN	liikkuminen
liikkumisesta	NOUN	liikkuminen
liikkumista	NOUN	liikkuminen
liikkuneesta	VERB	liikkua
liikkunut	VERB	liikkua
liikkuu	VERB	liikkua
liikkuva	VERB	liikkua
liikkuvaa	VERB	liikkua
liikkuvampi	ADJ	liikkuva
liikkuvan	VERB	liikkua
liikkuvat	VERB	liikkua
liikkuvuudelle	NOUN	liikkuvuus
liikkuvuuden	NOUN	liikkuvuus
liikkuvuutta	NOUN	liikkuvuus
liiku	VERB	liikkua
liikuntakyvyttömän	ADJ	liikunta#kyvytön
liikuntasihteerillä	NOUN	liikunta#sihteeri
liikuntavastaavien	NOUN	liikunta#vastaava
liikuteltu	VERB	liikutella
liikuttamalla	VERB	liikuttaa
liikuttavammat	ADJ	liikuttava
liimautuneina	VERB	liimautua
liioitellaan	VERB	liioitella
liioiteltua	VERB	liioitella
liioiteltuja	VERB	liioitella
liioittelen	VERB	liioitella
liitettiin	VERB	liittää
liitettyjen	VERB	liittää
liitettyjä	VERB	liittää
liitettynä	VERB	liittää
liitettä	NOUN	liite
liitettävä	VERB	liittää
liitetyt	VERB	liittää
liitetä	VERB	liittää
liiton	NOUN	liitto
liitossa	NOUN	liitto
liitosten	NOUN	liitos
liitteellä	NOUN	liite
liitteen	NOUN	liite
liitteenä	NOUN	liite
liitteeseen	NOUN	liite
liitteessä	NOUN	liite
liitteestä	NOUN	liite
liitteet	NOUN	liite
liitteiden	NOUN	liite
liitteissä	NOUN	liite
liitti	VERB	liittää
liittoa	NOUN	liitto
liittomme	NOUN	liitto
liittoon	NOUN	liitto
liittosihteerinä	NOUN	liitto#sihteeri
liittoutumattomana	ADJ	liittoutumaton
liittoutuneiden	NOUN	liittoutuneet
liittovaltion	NOUN	liitto#valtio
liittovaltioprosessia	NOUN	liitto#valtio#prosessi
liittyen	VERB	liittyä
liittyi	VERB	liittyä
liittyisi	VERB	liittyä
liittyivät	VERB	liittyä
liittymiselle	NOUN	liittyminen
liittymisen	NOUN	liittyminen
liittymisestä	NOUN	liittyminen
liittymiskumppanuusjärjestelmän	NOUN	liittyä#kumppanuus#järjestelmä
liittymistä	NOUN	liittyminen
liittymisvalmisteluista	NOUN	liittyä#valmistelu
liittymässä	VERB	liittyä
liittyneet	VERB	liittyä
liittynyt	VERB	liittyä
liittyvien	VERB	liittyä
liittyviin	VERB	liittyä
liittyvillä	VERB	liittyä
liittyvinä	VERB	liittyä
liittyvissä	VERB	liittyä
liittyvistä	VERB	liittyä
liittyviä	VERB	liittyä
liittyvä	VERB	liittyä
liittyvän	VERB	liittyä
liittyvässä	VERB	liittyä
liittyvästä	VERB	liittyä
liittyvät	VERB	liittyä
liittyvää	VERB	liittyä
liittyvään	VERB	liittyä
liittyy	VERB	liittyä
liittyykö	VERB	liittyä
liittäisimme	VERB	liittää
liittämään	VERB	liittää
liittänyt	VERB	liittää
liitukaudella	NOUN	liitu#kausi
liitutaulujen	NOUN	liitu#taulu
liitutaulutkin	NOUN	liitu#taulu
liity	VERB	liittyä
liitäntää	NOUN	liitäntä
liitänyt	VERB	liitää
liivinmaalla	PROPN	Liivinmaa
liivit	NOUN	liivi
likaiselta	ADJ	likainen
likaisen	ADJ	likainen
likaisia	ADJ	likainen
likaisin	ADJ	likainen
likoavat	VERB	liota
likviditeetin	NOUN	likviditeetti
liminaalivaiheen	NOUN	liminaali#vaihe
limitistä	NOUN	limit
limittejä	NOUN	limit
limonadipullot	NOUN	limonadi#pullo
limpparit	NOUN	limppari
limsani	NOUN	limsa
lin	PROPN	Li
lindtmanin	PROPN	Lindtman
lindénille	PROPN	Lindén
lineaariseen	ADJ	lineaarinen
linen	PROPN	Line
lingvististä	ADJ	lingvistinen
linjaa	NOUN	linja
linjaesittelyllä	NOUN	linja#esittely
linjalla	NOUN	linja
linjallaan	NOUN	linja
linjasta	NOUN	linja
linjoilla	NOUN	linja
linkin	NOUN	linkki
linkityksen	NOUN	linkitys
linkkejä	NOUN	linkki
linkkien	NOUN	linkki
linnaa	NOUN	linna
linnan	NOUN	linna
linnanmaanvaltaus-peli	NOUN	linna#maa#valtaus#peli
linnansillalla	PROPN	Linnansilta
linnassa	NOUN	linna
linnasta	NOUN	linna
linnoittamasta	VERB	linnoittaa
linnoituksen	NOUN	linnoitus
linnoitusta	NOUN	linnoitus
linnoitustöissä	NOUN	linnoitus#työ
linnouttautunutta	VERB	linnoittautua
linnuilla	NOUN	lintu
linnuille	NOUN	lintu
linnuilta	NOUN	lintu
linnulla	NOUN	lintu
linnun	NOUN	lintu
linnusta	NOUN	lintu
linnut	NOUN	lintu
lintilän	PROPN	Lintilä
lintsaamaan	VERB	lintsata
lintua	NOUN	lintu
lintuinfluenssaan	NOUN	lintu#influenssa
lintuja	NOUN	lintu
lintujen	NOUN	lintu
lintulajeista	NOUN	lintu#laji
lintulajeja	NOUN	lintu#laji
lintulaudat	NOUN	lintu#lauta
lintumiehiä	NOUN	lintu#mies
linuxin	PROPN	Linux
liota	VERB	liottaa
lioteta	VERB	liottaa
liottamalla	VERB	liottaa
liotuksen	NOUN	liotus
liotusnesteeseen	NOUN	liotus#neste
liotusnestettä	NOUN	liotus#neste
lipeää	VERB	livetä
liplatti	VERB	liplattaa
lippua	NOUN	lippu
lippujen	NOUN	lippu
lippulappua	NOUN	lippu#lappu
lipsuttiin	VERB	lipsua
lipui	VERB	lipua
lipuiko	VERB	lipua
lipun	NOUN	lippu
lipunut	VERB	lipua
lipusta	NOUN	lippu
liput	NOUN	lippu
lisensointimallit	NOUN	lisensointi#malli
lisenssillä	NOUN	lisenssi
liskin	PROPN	Liski
liskoa	NOUN	lisko
lissabonilaisen	ADJ	lissabonilainen
lissabonin	PROPN	Lissabon
listalle	NOUN	lista
listan	NOUN	lista
listannut	VERB	listata
listassa	NOUN	lista
listasta	NOUN	lista
listattu	VERB	listata
listauksen	NOUN	listaus
listoilla	NOUN	lista
listoja	NOUN	lista
lisäaineeksi	NOUN	lisä#aine
lisäaineen	NOUN	lisä#aine
lisäaineiden	NOUN	lisä#aine
lisäaineista	NOUN	lisä#aine
lisäeläkeoikeuksien	NOUN	lisä#eläke#oikeus
lisäeläkkeiden	NOUN	lisä#eläke
lisäeläkkeitä	NOUN	lisä#eläke
lisähaastattelut	NOUN	lisä#haastattelu
lisähyötyä	NOUN	lisä#hyöty
lisäiltyä	VERB	lisäillä
lisäintegraation	NOUN	lisä#integraatio
lisäinvestointeja	NOUN	lisä#investointi
lisäisin	VERB	lisätä
lisäkepastassa	NOUN	lisäke#pasta
lisäkettä	NOUN	lisäke
lisäkoulutukseen	NOUN	lisä#koulutus
lisäkseen	ADP	lisäksi
lisäkustannukset	NOUN	lisä#kustannus
lisäkustannuksiin	NOUN	lisä#kustannus
lisäkysymyksiä	NOUN	lisä#kysymys
lisämaksun	NOUN	lisä#maksu
lisämaksut	NOUN	lisä#maksu
lisänneet	VERB	lisätä
lisännyt	VERB	lisätä
lisänäyttöä	NOUN	lisä#näyttö
lisäpaikkaa	NOUN	lisä#paikka
lisäpehmeyttä	NOUN	lisä#pehmeys
lisärakentamista	NOUN	lisä#rakentaminen
lisäsekavuutta	NOUN	lisä#sekavuus
lisäsi	VERB	lisätä
lisäsin	VERB	lisätä
lisäsivät	VERB	lisätä
lisäten	VERB	lisätä
lisätessään	VERB	lisätä
lisätietoa	NOUN	lisä#tieto
lisätietoja	NOUN	lisä#tieto
lisätoimintojen	NOUN	lisä#toiminto
lisättiin	VERB	lisätä
lisätty	VERB	lisätä
lisättyjen	VERB	lisätä
lisättynä	VERB	lisätä
lisättyä	VERB	lisätä
lisättäköön	VERB	lisätä
lisättäviksi	VERB	lisätä
lisättävä	VERB	lisätä
lisätäksemme	VERB	lisätä
lisätään	VERB	lisätä
lisävaihtoehtoja	NOUN	lisä#vaihto#ehto
lisävakuutuksen	NOUN	lisä#vakuutus
lisävakuutuksia	NOUN	lisä#vakuutus
lisävarmuutta	NOUN	lisä#varmuus
lisävärisäiliötä	NOUN	lisä#väri#säiliö
lisäysaineistoa	NOUN	lisäys#aineisto
lisäystä	NOUN	lisäys
lisää	NOUN	lisä
lisää	VERB	lisätä
lisäämistä	NOUN	lisääminen
lisäämällä	VERB	lisätä
lisäämään	VERB	lisätä
lisään	VERB	lisätä
lisääntyi	VERB	lisääntyä
lisääntyivät	VERB	lisääntyä
lisääntymisen	NOUN	lisääntyminen
lisääntymisenä	NOUN	lisääntyminen
lisääntymisestä	NOUN	lisääntyminen
lisääntymään	VERB	lisääntyä
lisääntyneestä	VERB	lisääntyä
lisääntyneet	VERB	lisääntyä
lisääntynyt	VERB	lisääntyä
lisääntynyttä	VERB	lisääntyä
lisääntyvä	VERB	lisääntyä
lisääntyvästä	VERB	lisääntyä
lisääntyvät	VERB	lisääntyä
lisäävänsä	VERB	lisätä
lisäävät	VERB	lisätä
litimärin	ADJ	liti#märkä
litimärät	ADJ	liti#märkä
litiumin	NOUN	litium
litiumoksidia	NOUN	litium#oksidi
litiumperoksidia	NOUN	litium#peroksidi
litran	NOUN	litra
littoistentien	PROPN	Littoistentie
liukastelin	VERB	liukastella
liukastettu	VERB	liukastaa
liukastetulla	VERB	liukastaa
liukkaat	ADJ	liukas
liukuhihnalta	NOUN	liuku#hihna
liukuneet	VERB	liukua
liukurit	NOUN	liukuri
liuskaa	NOUN	liuska
liuskan	NOUN	liuska
live-dvd	NOUN	live#DVD
live-esiintyjä	NOUN	live#esiintyjä
live-roolipeli-	NOUN	live#rooli#peli
livelyn	PROPN	Lively
liverpoolia	PROPN	Liverpool
liveversiossa	NOUN	live#versio
ljubljanan	PROPN	Ljubljana
logistiikan	NOUN	logistiikka
logistiikka-alan	NOUN	logistiikka#ala
logistiikkapalvelujen	NOUN	logistiikka#palvelu
logistiikkayrityksiä	NOUN	logistiikka#yritys
logistiikkayritysten	NOUN	logistiikka#yritys
logistiset	ADJ	logistinen
logopedian	NOUN	logopedia
lohduta	VERB	lohduttaa
lohdutin	VERB	lohduttaa
lohdutonta	ADJ	lohduton
lohduttavaksi	ADJ	lohduttava
lohen	NOUN	lohi
lohifileestä	NOUN	lohi#filee
lohikeitostakin	NOUN	lohi#keitto
lohipiirakkaa	NOUN	lohi#piirakka
lohjan	PROPN	Lohja
lohkoina	NOUN	lohko
lohta	NOUN	lohi
loikkinut	VERB	loikkia
loimaalla	PROPN	Loimaa
loimaalle	PROPN	Loimaa
loimaan	PROPN	Loimaa
loiseksi	NOUN	loinen
loisen	NOUN	loinen
loisi	VERB	luoda
loiskahtaen	VERB	loiskahtaa
loista	VERB	loistaa
loistavassa	ADJ	loistava
loistavasta	ADJ	loistava
loisteessa	NOUN	loiste
loistettaan	NOUN	loiste
loisti	VERB	loistaa
loitontuvan	VERB	loitontua
loivat	VERB	luoda
loiveni	VERB	loiveta
lojuvia	VERB	lojua
lokakuuhun	NOUN	lokakuu
lokakuun	NOUN	lokakuu
lokakuussa	NOUN	lokakuu
lokakuusta	NOUN	lokakuu
lokakuuta	NOUN	lokakuu
lokalahdelta	PROPN	Lokalahti
lokeroissa	NOUN	lokero
lokiin	NOUN	loki
lokikirjaa	NOUN	loki#kirja
lokikirjaan	NOUN	loki#kirja
lokikirjamme	NOUN	loki#kirja
lokikirjan	NOUN	loki#kirja
lokivihkosta	NOUN	loki#vihko
lokkilajia	NOUN	lokki#laji
loksahti	VERB	loksahtaa
lomaa	NOUN	loma
lomailemasta	VERB	lomailla
lomakkeella	NOUN	lomake
lomakkeistoa	NOUN	lomakkeisto
lomakkeita	NOUN	lomake
lomakohdetarjouksia	NOUN	loma#kohde#tarjous
lomakohteista	NOUN	loma#kohde
lomalennolla	NOUN	loma#lento
lomalla	NOUN	loma
lomalle	NOUN	loma
lomallelähtöään	NOUN	lomalle#lähtö
lomansa	NOUN	loma
lomaosaketta	NOUN	loma#osake
lomareissuille	NOUN	loma#reissu
lomautuksista	NOUN	lomautus
lomautusten	NOUN	lomautus
lomittajia	NOUN	lomittaja
lompakkonikin	NOUN	lompakko
lompakon	NOUN	lompakko
lonkan	PROPN	Lonkka
lonkkansa	NOUN	lonkka
lonnivan	VERB	lonnia
lontooksi	NOUN	lontoo
lontoon	PROPN	Lontoo
lontooseen	PROPN	Lontoo
lontoossa	PROPN	Lontoo
lontoosta	PROPN	Lontoo
loosessa	PROPN	Loose
lopahti	VERB	lopahtaa
lopen	PROPN	Loppi
lopeta	VERB	lopettaa
lopetettava	VERB	lopettaa
lopetettiin	VERB	lopettaa
lopettaakseni	VERB	lopettaa
lopettamaan	VERB	lopettaa
lopettamiseen	NOUN	lopettaminen
lopettamiseksi	NOUN	lopettaminen
lopettamista	NOUN	lopettaminen
lopettaneet	VERB	lopettaa
lopettava	VERB	lopettaa
lopettavat	VERB	lopettaa
lopettelemaan	VERB	lopetella
lopetti	VERB	lopettaa
loppu	VERB	loppua
loppu-	NOUN	loppu
loppua	NOUN	loppu
loppuaikoina	NOUN	loppu#aika
loppuakseen	VERB	loppua
loppuelämänsä	NOUN	loppu#elämä
loppuessa	VERB	loppua
loppui	NOUN	loppu
loppui	VERB	loppua
loppuillan	NOUN	loppu#ilta
loppuillasta	NOUN	loppu#ilta
loppuiltaa	NOUN	loppu#ilta
loppuivat	VERB	loppua
loppukaneetiksi	NOUN	loppu#kaneetti
loppukappaleen	NOUN	loppu#kappale
loppukeväästä	NOUN	loppu#kevät
loppukilpailussa	NOUN	loppu#kilpailu
loppukilpailuun	NOUN	loppu#kilpailu
loppukisassa	NOUN	loppu#kisa
loppukohdat	NOUN	loppu#kohta
loppukuusta	NOUN	loppu#kuu
loppumiseen	NOUN	loppuminen
loppunut	VERB	loppua
loppupalkan	NOUN	loppu#palkka
loppupeleissä	NOUN	loppu#peli
loppupeliin	NOUN	loppu#peli
loppupelissä	NOUN	loppu#peli
loppupuolella	NOUN	loppu#puoli
loppusarjaan	NOUN	loppu#sarja
loppusuoralla	NOUN	loppu#suora
lopputulokseen	NOUN	loppu#tulos
lopputuloksen	NOUN	loppu#tulos
lopputuloksena	NOUN	loppu#tulos
lopputuloksiin	NOUN	loppu#tulos
lopputuotteita	NOUN	loppu#tuote
loppututkinnon	NOUN	loppu#tutkinto
loppututkintonsa	NOUN	loppu#tutkinto
lopputyöbudjetilla	NOUN	loppu#työ#budjetti
lopputyöksi	NOUN	loppu#työ
lopputyönään	NOUN	loppu#työ
lopputöiden	NOUN	loppu#työ
loppuu	VERB	loppua
loppuun	NOUN	loppu
loppuvaiheeseen	NOUN	loppu#vaihe
loppuvaiheessa	NOUN	loppu#vaihe
loppuvat	VERB	loppua
loppuvatko	VERB	loppua
loppuviikosta	NOUN	loppu#viikko
loppuvuodelle	NOUN	loppu#vuosi
loppuvuoden	NOUN	loppu#vuosi
loppuvuodesta	NOUN	loppu#vuosi
lopuillaan	NOUN	loppu
lopuille	NOUN	loppu
lopuksi	NOUN	loppu
lopulla	NOUN	loppu
lopullisen	ADJ	lopullinen
lopullisessa	ADJ	lopullinen
lopulliset	ADJ	lopullinen
lopullisia	ADJ	lopullinen
lopullista	ADJ	lopullinen
lopulta	NOUN	loppu
lopultakin	ADV	lopulta
lopun	NOUN	loppu
lopussa	NOUN	loppu
lopusta	NOUN	loppu
loput	NOUN	loppu
loputonta	ADJ	loputon
loputtoman	ADJ	loputon
loputtomuuteen	NOUN	loputtomuus
loputtua	VERB	loppua
lotossa	NOUN	lotto
lottovoittajana	NOUN	lotto#voittaja
lottovoittajat	NOUN	lotto#voittaja
louhintaa	NOUN	louhinta
louie-	PROPN	Louie
loukkaamisesta	NOUN	loukkaaminen
loukkaantui	VERB	loukkaantua
loukkaantumisen	NOUN	loukkaantuminen
loukkaantumisjaksot	NOUN	loukkaantumis#jakso
loukkaantumisten	NOUN	loukkaantuminen
loukkaantuneelta	VERB	loukkaantua
loukkaantuneita	VERB	loukkaantua
loukkaantunut	VERB	loukkaantua
loukkaantuu	VERB	loukkaantua
loukkauksesta	NOUN	loukkaus
loukkauksiin	NOUN	loukkaus
loukkuja	NOUN	loukku
loukkuun	NOUN	loukku
loukon	PROPN	Loukko
lounaan	NOUN	lounas
lounaaseen	NOUN	lounas
lounaasta	NOUN	lounas
lounais-aasiassa	PROPN	Lounais-Aasia
lounaisosassa	NOUN	lounais#osa
lounaisrinteessä	NOUN	lounais#rinne
lounasaikaan	NOUN	lounas#aika
lounashetkiä	NOUN	lounas#hetki
lounaspöydässä	NOUN	lounas#pöytä
lounasseuran	NOUN	lounas#seura
lounasta	NOUN	lounas
lounastauolle	NOUN	lounas#tauko
lounastetaan	VERB	lounastaa
lounge-tyyppinen	ADJ	lounge#tyyppinen
louramolla	PROPN	Louramo
louramon	PROPN	Louramo
loviisassa	PROPN	Loviisa
loyolan	PROPN	Loyola
lucasin	PROPN	Lucas
ludvigin	PROPN	Ludvig
lue	VERB	lukea
luen	VERB	lukea
luennoi	VERB	luennoida
luennoijaksi	NOUN	luennoija
luennoilla	NOUN	luento
luennoillaan	NOUN	luento
luennoille	NOUN	luento
luennointia	NOUN	luennointi
luennoinut	VERB	luennoida
luennoista	NOUN	luento
luennoitsijaa	NOUN	luennoitsija
luennoitsijalla	NOUN	luennoitsija
luennoitsijalle	NOUN	luennoitsija
luennoitsijan	NOUN	luennoitsija
luennolla	NOUN	luento
luennolle	NOUN	luento
luennolta	NOUN	luento
luennon	NOUN	luento
luennosta	NOUN	luento
luennot	NOUN	luento
luento-olosuhteissa	NOUN	luento#olo#suhde
luentoa	NOUN	luento
luentoja	NOUN	luento
luentojen	NOUN	luento
luentolehtiön	NOUN	luento#lehtiö
luentonäytelmää	NOUN	luento#näytelmä
luentosalien	NOUN	luento#sali
luentosalit	NOUN	luento#sali
luentoviihtyvyyteen	NOUN	luento#viihtyvyys
lueskelen	VERB	lueskella
luet	VERB	lukea
luetaan	VERB	lukea
luetellaan	VERB	luetella
luetelluilla	VERB	luetella
luetelluista	VERB	luetella
luetelmakohdan	NOUN	luetelma#kohta
lueteltava	VERB	luetella
lueteltuja	VERB	luetella
lueteltujen	VERB	luetella
luettavaa	VERB	lukea
luettavaksi	VERB	lukea
luettavissa	VERB	lukea
luettelon	NOUN	luettelo
luettiin	VERB	lukea
luettuina	VERB	lukea
luettuna	VERB	lukea
lufthansan	PROPN	Lufthansa
luihin	NOUN	luu
luikertelemaan	VERB	luikerrella
luin	VERB	lukea
luissaan	NOUN	luu
luisteli	VERB	luistella
luisteluhiihdon	NOUN	luistelu#hiihto
luistimien	NOUN	luistin
luistosta	NOUN	luisto
lujan	ADJ	luja
lujana	ADJ	luja
lujuusominaisuuksia	NOUN	lujuus#ominaisuus
lukeakin	VERB	lukea
lukee	VERB	lukea
lukekaapa	VERB	lukea
lukemaan	NOUN	lukema
lukemaan	VERB	lukea
lukeman	NOUN	lukema
lukemani	VERB	lukea
lukematta	VERB	lukea
lukemattomia	ADJ	lukematon
lukemattomiin	ADJ	lukematon
lukemilla	NOUN	lukema
lukemin	NOUN	lukema
lukemissa	NOUN	lukema
lukeneet	VERB	lukea
lukenut	VERB	lukea
lukenutkaan	VERB	lukea
lukeutuvat	VERB	lukeutua
lukevat	VERB	lukea
luki	VERB	lukea
lukicin	PROPN	Lukic
lukien	VERB	lukea
lukiessaan	VERB	lukea
lukijakuntaa	NOUN	lukija#kunta
lukijamääriltään	NOUN	lukija#määrä
lukijansa	NOUN	lukija
lukijapeiton	NOUN	lukija#peitto
lukijat	NOUN	lukija
lukijaäänestyksessä	NOUN	lukija#äänestys
lukijoita	NOUN	lukija
lukioiden	NOUN	lukio
lukiolaiset	NOUN	lukiolainen
lukiolaisille	NOUN	lukiolainen
lukiolaista	NOUN	lukiolainen
lukiolaisten	NOUN	lukiolainen
lukion	NOUN	lukio
lukiossa	NOUN	lukio
lukiosta	NOUN	lukio
lukit	NOUN	lukki
lukkiutumattomia	ADJ	lukkiutumaton
lukkoa	PROPN	Lukko
lukossa	NOUN	lukko
luksuksesta	NOUN	luksus
lukua	NOUN	luku
lukuisat	ADJ	lukuisa
lukuisia	ADJ	lukuinen
lukuisien	ADJ	lukuisa
lukuisilla	ADJ	lukuinen
lukuisissa	ADJ	lukuisa
lukuisten	ADJ	lukuinen
lukujen	NOUN	luku
lukujärjestykseen	NOUN	luku#järjestys
lukulaseja	NOUN	luku#lasit
lukumäärän	NOUN	luku#määrä
lukumäärästä	NOUN	luku#määrä
lukumäärää	NOUN	luku#määrä
lukumääräänsä	NOUN	luku#määrä
lukupelkoineen	NOUN	luku#pelko
lukusalilta	NOUN	luku#sali
lukutaidon	NOUN	luku#taito
lukutaidottomille	ADJ	luku#taidoton
lukuun	NOUN	luku
lukuunsa	NOUN	luku
lumen	NOUN	lumi
lumessa	NOUN	lumi
lumien	NOUN	lumi
lumihangessa	NOUN	lumi#hanki
lumihankeen	NOUN	lumi#hanki
luminositteetti	NOUN	luminositeetti
lumisen	ADJ	luminen
lumoutuneena	VERB	lumoutua
lumpeiden	NOUN	lumme
lunastamatta	VERB	lunastaa
lunastivat	VERB	lunastaa
lundin	PROPN	Lund
lunta	NOUN	lumi
luo	VERB	luoda
luodaan	VERB	luoda
luodakseen	VERB	luoda
luojan	NOUN	luoja
luojana	NOUN	luoja
luojat	NOUN	luoja
luokalla	NOUN	luokka
luokan	NOUN	luokka
luokassa	NOUN	luokka
luokasta	NOUN	luokka
luokitellaan	VERB	luokitella
luokitettava	VERB	luokittaa
luokittajan	NOUN	luokittaja
luokittelemme	VERB	luokitella
luokittelijat	NOUN	luokittelija
luokitteluun	NOUN	luokittelu
luokituksen	NOUN	luokitus
luokituksensa	NOUN	luokitus
luokituksestaan	NOUN	luokitus
luokitusnäkymät	NOUN	luokitus#näkymä
luokitusperiaatteiden	NOUN	luokitus#periaate
luokitusta	NOUN	luokitus
luokkaa	NOUN	luokka
luokkaan	NOUN	luokka
luokkaansa	NOUN	luokka
luokkansa	NOUN	luokka
luokkatoverit	NOUN	luokka#toveri
luokseen	ADP	luokse
luolastoista	NOUN	luolasto
luolia	NOUN	luola
luolien	NOUN	luola
luom	ADP	luokse
luoma	VERB	luoda
luomaa	VERB	luoda
luomaan	VERB	luoda
luomassa	VERB	luoda
luomasta	VERB	luoda
luomiseen	NOUN	luominen
luomiseksi	NOUN	luominen
luomisen	NOUN	luominen
luomisessa	NOUN	luominen
luomisesta	NOUN	luominen
luomista	NOUN	luominen
luomistaan	VERB	luoda
luomistyönsä	NOUN	luomis#työ
luomme	VERB	luoda
luomukappeliinkin	NOUN	luomu#kappeli
luonani	ADV	luona
luonnehti	VERB	luonnehtia
luonnehtivat	VERB	luonnehtia
luonnehäiriöisillä	ADJ	luonne#häiriöinen
luonnokseen	NOUN	luonnos
luonnollisen	ADJ	luonnollinen
luonnolliset	ADJ	luonnollinen
luonnollisiin	ADJ	luonnollinen
luonnollisten	ADJ	luonnollinen
luonnon	NOUN	luonto
luonnon-	NOUN	luonto
luonnonkauniilla	ADJ	luonnon#kaunis
luonnonoloja	NOUN	luonnon#olo
luonnonperintöä	NOUN	luonto#perintö
luonnontieteet	NOUN	luonnon#tiede
luonnontieteiden	NOUN	luonnon#tiede
luonnonvaraisten	ADJ	luonnon#varainen
luonnonvarojen	NOUN	luonnon#vara
luonnonvoimat	NOUN	luonnon#voima
luonnossa	NOUN	luonto
luonnosta	NOUN	luonnos
luontaisena	ADJ	luontainen
luontaista	ADJ	luontainen
luonteeltaan	NOUN	luonne
luonteen	NOUN	luonne
luonteeseen	NOUN	luonne
luonteesta	NOUN	luonne
luontoaseman	NOUN	luonto#asema
luontoasemana	NOUN	luonto#asema
luontokappaleen	NOUN	luonto#kappale
luontoni	NOUN	luonto
luontoon	NOUN	luonto
luontui	VERB	luontua
luonut	VERB	luoda
luopui	VERB	luopua
luopuivat	VERB	luopua
luopumaan	VERB	luopua
luopumista	NOUN	luopuminen
luopuneet	VERB	luopua
luopunut	VERB	luopua
luopuvani	VERB	luopua
luostareiden	NOUN	luostari
luostarinmäen	PROPN	Luostarinmäki
luostarinvuoren	PROPN	Luostarinvuori
luota	VERB	luottaa
luotaimen	NOUN	luotain
luotan	VERB	luottaa
luotava	VERB	luoda
luoteesta	NOUN	luode
luotettavaa	ADJ	luotettava
luotettavalla	ADJ	luotettava
luotettavampia	ADJ	luotettava
luotettavan	ADJ	luotettava
luotettavat	ADJ	luotettava
luotettavia	ADJ	luotettava
luotettavuutta	NOUN	luotettavuus
luotettuja	ADJ	luotettu
luotiin	VERB	luoda
luoton	NOUN	luotto
luotsauksessa	NOUN	luotsaus
luotsinkäyttövelvollisuuden	NOUN	luotsi#käyttö#velvollisuus
luottaisi	VERB	luottaa
luottamuksellisessa	ADJ	luottamuksellinen
luottamuksellisten	ADJ	luottamuksellinen
luottamuksen	NOUN	luottamus
luottamuksensa	NOUN	luottamus
luottamussuhdetta	NOUN	luottamus#suhde
luottamusta	NOUN	luottamus
luottamustamme	NOUN	luottamus
luottamustehtäviä	NOUN	luottamus#tehtävä
luottanut	VERB	luottaa
luottavaisemmin	ADV	luottavaisesti
luottavan	VERB	luottaa
luotti	VERB	luottaa
luottivat	VERB	luottaa
luotto-	NOUN	luotto
luottoa	NOUN	luotto
luottohäiriön	NOUN	luotto#häiriö
luottoja	NOUN	luotto
luottojen	NOUN	luotto
luottokorkkareiden	NOUN	luotto#korkkari
luottokorttien	NOUN	luotto#kortti
luottokorttilaskuja	NOUN	luotto#kortti#lasku
luottokorttipetoksia	NOUN	luotto#kortti#petos
luottokorttipetoksista	NOUN	luotto#kortti#petos
luottolaitokset	NOUN	luotto#laitos
luottolaitoksia	NOUN	luotto#laitos
luottolaitosten	NOUN	luotto#laitos
luottoluokittajaa	NOUN	luotto#luokittaja
luottoluokittajien	NOUN	luotto#luokittaja
luottoluokittajilta	NOUN	luotto#luokittaja
luottoluokituksen	NOUN	luotto#luokitus
luottoluokituslaitoksella	NOUN	luotto#luokitus#laitos
luottoluokituslaitokset	NOUN	luotto#luokitus#laitos
luottoluokituslaitoksia	NOUN	luotto#luokitus#laitos
luottoluokituslaitoksilla	NOUN	luotto#luokitus#laitos
luottoluokituslaitoksilta	NOUN	luotto#luokitus#laitos
luottoluokituslaitosta	NOUN	luotto#luokitus#laitos
luottoluokituslaitosten	NOUN	luotto#luokitus#laitos
luottoluokitustaan	NOUN	luotto#luokitus
luottoluokitusyritykset	NOUN	luotto#luokitus#yritys
luottoluokitusyrityksiltä	NOUN	luotto#luokitus#yritys
luottosopimusten	NOUN	luotto#sopimus
luottotappioissa	NOUN	luotto#tappio
luottotappioita	NOUN	luotto#tappio
luottotappioitaan	NOUN	luotto#tappio
luotu	VERB	luoda
luovat	VERB	luoda
luovien	ADJ	luova
luovuin	VERB	luopua
luovutaan	VERB	luopua
luovutettanee	VERB	luovuttaa
luovutettava	VERB	luovuttaa
luovutettiin	VERB	luovuttaa
luovutetulla	VERB	luovuttaa
luovuttamaan	VERB	luovuttaa
luovuttamisessa	NOUN	luovuttaminen
luovuttamista	NOUN	luovuttaminen
luovuttava	VERB	luopua
luovutti	VERB	luovuttaa
luovuttiin	VERB	luopua
luovutus-	NOUN	luovutus
luovuuden	NOUN	luovuus
lupa-asioiden	NOUN	lupa#asia
lupaa	NOUN	lupa
lupaa	VERB	luvata
lupaamaan	VERB	luvata
lupaan	VERB	luvata
lupaavaksi	ADJ	lupaava
lupaavalta	ADJ	lupaava
lupaavana	ADJ	lupaava
lupaavimpia	ADJ	lupaava
lupahakemuksen	NOUN	lupa#hakemus
lupailee	VERB	lupailla
lupas	VERB	luvata
lupasi	VERB	luvata
lupaukseen	NOUN	lupaus
lupauksen	NOUN	lupaus
lupaukset	NOUN	lupaus
lupauksia	NOUN	lupaus
lupautunut	VERB	lupautua
lupien	NOUN	lupa
lupiin	NOUN	lupa
lurituksesta	NOUN	luritus
lusikkaa	NOUN	lusikka
lutenblagia	PROPN	Lutenblag
lutenblagin	PROPN	Lutenblag
luterilaisen	ADJ	luterilainen
luuhun	NOUN	luu
luukkaalle	PROPN	Luukas
luukkuvahtina	NOUN	luukku#vahti
luukun	NOUN	luukku
luukusta	NOUN	luukku
luulee	VERB	luulla
luulen	VERB	luulla
luulenpa	VERB	luulla
luulet	VERB	luulla
luulevat	VERB	luulla
luuli	VERB	luulla
luulimme	VERB	luulla
luulin	VERB	luulla
luulisi	VERB	luulla
luulisin	VERB	luulla
luulitko	VERB	luulla
luullaan	VERB	luulla
luultavammin	ADV	luultavasti
luultua	VERB	luulla
luurin	NOUN	luuri
luutnantiksi	NOUN	luutnantti
luutusin	VERB	luututa
luvakesopimukset	NOUN	luvake#sopimus
luvakesopimusten	NOUN	luvake#sopimus
luvallisesta	ADJ	luvallinen
luvallista	ADJ	luvallinen
luvan	NOUN	lupa
luvanne	VERB	luvata
luvanneen	VERB	luvata
luvannut	VERB	luvata
luvassa	NOUN	lupa
luvatta	NOUN	lupa
luvattiin	VERB	luvata
luvattomasta	ADJ	luvaton
luvattomia	ADJ	luvaton
luvattu	VERB	luvata
luvattuun	VERB	luvata
luvatussa	VERB	luvata
luvatusta	VERB	luvata
luvatut	VERB	luvata
luvuissa	NOUN	luku
luvussa	NOUN	luku
luvut	NOUN	luku
luvuthan	NOUN	luku
luxemburgin	PROPN	Luxemburg
luxemburgissa	PROPN	Luxemburg
lwc-pohjapaperissa	NOUN	lwc#pohja#paperi
lyh.	VERB	lyhentää
lyhyehkölle	ADJ	lyhyehkö
lyhyeksi	ADJ	lyhyt
lyhyellä	ADJ	lyhyt
lyhyempi	ADJ	lyhyt
lyhyen	ADJ	lyhyt
lyhyenmatkan	NOUN	lyhyt#matka
lyhyenä	ADJ	lyhyt
lyhyestä	ADJ	lyhyt
lyhyet	ADJ	lyhyt
lyhytaikaista	ADJ	lyhyt#aikainen
lyhytnäköistä	ADJ	lyhyt#näköinen
lyijykynällä	NOUN	lyijy#kynä
lyijykynät	NOUN	lyijy#kynä
lykkäsi	VERB	lykätä
lykkää	VERB	lykätä
lykkääntyy	VERB	lykkääntyä
lykännyt	VERB	lykätä
lykättäisiin	VERB	lykätä
lykätyksi	VERB	lykätä
lynx-selain	NOUN	Lynx#selain
lyseon	NOUN	lyseo
lysähdin	VERB	lysähtää
lyö	VERB	lyödä
lyödessä	VERB	lyödä
lyödyksi	VERB	lyödä
lyödystä	VERB	lyödä
lyödään	VERB	lyödä
lyömäsoittimet	NOUN	lyömäsoitin
lyömään	VERB	lyödä
lyönnin	NOUN	lyönti
lyötettiin	VERB	lyöttää
lyötti	VERB	lyöttää
lyövät	VERB	lyödä
lähbzzrzzz	VERB	lähteä
lähde	VERB	lähteä
lähdekoodin	NOUN	lähde#koodi
lähdemme	VERB	lähteä
lähden	VERB	lähteä
lähdes	ADV	lähes
lähdesanoja	NOUN	lähde#sana
lähdet	VERB	lähteä
lähdeteokset	NOUN	lähde#teos
lähdettiin	VERB	lähteä
lähdettyä	VERB	lähteä
lähdettyään	VERB	lähteä
lähdetyksi	VERB	lähteä
lähdetään	VERB	lähteä
lähdimme	VERB	lähteä
lähdin	VERB	lähteä
lähdön	NOUN	lähtö
lähdössä	NOUN	lähtö
lähdöstään	NOUN	lähtö
läheisen	ADJ	läheinen
läheisessä	ADJ	läheinen
läheiset	ADJ	läheinen
läheiset	NOUN	läheinen
läheisiltä	NOUN	läheinen
läheisiä	ADJ	läheinen
läheistä	ADJ	läheinen
läheisyydessä	NOUN	läheisyys
läheisyyttä	NOUN	läheisyys
lähelleen	ADV	lähelle
lähelleni	ADV	lähelle
lähelläkään	ADP	lähellä
lähelläkään	ADV	lähellä
lähen	VERB	lähteä
lähenee	VERB	lähetä
läheni	VERB	lähetä
lähennytty	VERB	lähentyä
lähentämisessä	NOUN	lähentäminen
lähentämistä	NOUN	lähentäminen
lähestyessä	VERB	lähestyä
lähestyivät	VERB	lähestyä
lähestymisen	NOUN	lähestyminen
lähestymisestä	NOUN	lähestyminen
lähestymistapoja	NOUN	lähestymis#tapa
lähestymistavan	NOUN	lähestymis#tapa
lähestymistavoilla	NOUN	lähestymis#tapa
lähestymistie	NOUN	lähestyä#tie
lähestymässä	VERB	lähestyä
lähestytään	VERB	lähestyä
lähestyvä	VERB	lähestyä
lähestyvän	VERB	lähestyä
lähestyvät	VERB	lähestyä
lähestyy	VERB	lähestyä
lähet	VERB	lähteä
lähetessä	VERB	lähetä
lähetettiin	VERB	lähettää
lähetetty	VERB	lähettää
lähetettyjen	VERB	lähettää
lähetettyyn	VERB	lähettää
lähetetyt	VERB	lähettää
lähetetään	VERB	lähettää
lähetin	NOUN	lähetti
lähetin	VERB	lähettää
lähetistä	NOUN	lähetti
lähettekö	VERB	lähteä
lähetti	VERB	lähettää
lähettivät	VERB	lähettää
lähettämisestä	NOUN	lähettäminen
lähettämistä	VERB	lähettää
lähettämiä	VERB	lähettää
lähettämälle	VERB	lähettää
lähettämänsä	VERB	lähettää
lähettämästä	VERB	lähettää
lähettämään	VERB	lähettää
lähettäneet	VERB	lähettää
lähetykseen	NOUN	lähetys
lähetyksinä	NOUN	lähetys
lähetyssaarnaajia	NOUN	lähetys#saarnaaja
lähetystölle	NOUN	lähetystö
lähetystön	NOUN	lähetystö
lähetät	VERB	lähettää
lähi-idän	PROPN	Lähi-itä
lähi-idässä	PROPN	Lähi-itä
lähiaikoina	NOUN	lähi#aika
lähialueen	NOUN	lähi#alue
lähialueiden	NOUN	lähi#alue
lähikaupan	NOUN	lähi#kauppa
lähikuvassa	NOUN	lähi#kuva
lähimmäiselleen	NOUN	lähimmäinen
lähimmäisten	NOUN	lähimmäinen
lähimmälle	ADJ	lähin
lähimmän	NOUN	lähin
lähimmät	ADJ	lähin
lähioikeuden	NOUN	lähi#oikeus
lähipiirinsä	NOUN	lähi#piiri
lähipubiin	NOUN	lähi#pubi
lähipubissa	NOUN	lähi#pubi
lähipöydissä	NOUN	lähi#pöytä
lähiseudun	NOUN	lähi#seutu
lähistöllä	NOUN	lähistö
lähistöltä	NOUN	lähistö
lähisuhdeväkivaltaan	NOUN	lähi#suhde#väki#valta
lähitalojen	NOUN	lähi#talo
lähiviikot	NOUN	lähi#viikko
lähivuosina	NOUN	lähi#vuosi
lähiympäristöstä	NOUN	lähi#ympäristö
lähiöpermanentilta	NOUN	lähiö#permanentti
lähiöt	NOUN	lähiö
lähtee	VERB	lähteä
lähteiden	NOUN	lähde
lähteissä	NOUN	lähde
lähteistä	NOUN	lähde
lähtemäisillään	VERB	lähteä
lähtemään	VERB	lähteä
lähteneen	VERB	lähteä
lähteneet	VERB	lähteä
lähtenyt	VERB	lähteä
lähtevä	VERB	lähteä
lähteväksi	VERB	lähteä
lähtevän	VERB	lähteä
lähteväni	VERB	lähteä
lähtevät	VERB	lähteä
lähteäkseen	VERB	lähteä
lähti	VERB	lähteä
lähtiessä	VERB	lähteä
lähtiessäni	VERB	lähteä
lähtiessään	VERB	lähteä
lähtis	VERB	lähteä
lähtisi	VERB	lähteä
lähtisikö	VERB	lähteä
lähtivät	VERB	lähteä
lähtivätkin	VERB	lähteä
lähtöaikoihin	NOUN	lähtö#aika
lähtöalustalleen	NOUN	lähtö#alusta
lähtökohdaksi	NOUN	lähtö#kohta
lähtökohdat	NOUN	lähtö#kohta
lähtökohdista	NOUN	lähtö#kohta
lähtökohtana	NOUN	lähtö#kohta
lähtömaata	NOUN	lähtö#maa
lähtöni	NOUN	lähtö
lähtönsä	NOUN	lähtö
lähtöpaikan	NOUN	lähtö#paikka
lähtöselvityksessä	NOUN	lähtö#selvitys
lähtöä	NOUN	lähtö
lähtöään	NOUN	lähtö
lähtöön	NOUN	lähtö
läikän	NOUN	läikkä
läiskettä	NOUN	läiske
läiskältä	NOUN	läiskä
läjän	NOUN	läjä
läksyjä	NOUN	läksy
lämmintä	ADJ	lämmin
lämmitettynä	VERB	lämmittää
lämmitti	VERB	lämmittää
lämmittäessä	VERB	lämmittää
lämmittämiseen	NOUN	lämmittäminen
lämmittämisen	NOUN	lämmittäminen
lämmittämättömässä	ADJ	lämmittämätön
lämmöllä	NOUN	lämpö
lämmön	NOUN	lämpö
lämmöstä	NOUN	lämpö
lämpenemässä	VERB	lämmetä
lämpimien	ADJ	lämmin
lämpiminä	ADJ	lämmin
lämpimiä	ADJ	lämmin
lämpimäksi	ADJ	lämmin
lämpimämmille	ADJ	lämmin
lämpimämmällä	ADJ	lämmin
lämpimän	ADJ	lämmin
lämpimänä	ADJ	lämmin
lämpimässä	ADJ	lämmin
lämpimästä	ADJ	lämmin
lämpimään	ADJ	lämmin
lämpiäviin	VERB	lämmitä
lämpiävä	VERB	lämmitä
lämpöpatterit	NOUN	lämpö#patteri
lämpötilassa	NOUN	lämpö#tila
lämpötiloista	NOUN	lämpö#tila
lämpöä	NOUN	lämpö
lämpöön	NOUN	lämpö
lännen	NOUN	länsi
lännessä	NOUN	länsi
lännestä	NOUN	länsi
länsi-balkanin	PROPN	Länsi-Balkan
länsi-euroopassa	PROPN	Länsi-Eurooppa
länsi-georgiassa	PROPN	Länsi-Georgia
länsi-suomen	PROPN	Länsi-Suomi
länsi-venäjälle	PROPN	Länsi-Venäjä
länsimaalaisessa	ADJ	länsi#maalainen
länsimaalaisesta	ADJ	länsi#maalainen
länsimaiseen	ADJ	länsi#mainen
länsimaisen	ADJ	länsi#mainen
länsimaisessa	ADJ	länsi#mainen
länsimaissa	NOUN	länsi#maa
länsimaista	ADJ	länsi#mainen
länsiosassa	NOUN	länsi#osa
länsirannalla	NOUN	länsi#ranta
länsirannikon	NOUN	länsi#rannikko
länteen	NOUN	länsi
läntiseen	ADJ	läntinen
läntisen	ADJ	läntinen
läpikulkumatkalla	NOUN	läpi#kulku#matka
läpimitaltaan	NOUN	läpi#mitta
läpimurtonsa	NOUN	läpi#murto
läpimurtotyön	NOUN	läpi#murto#työ
läpipääsemättömällä	ADJ	läpi#pääsemätön
läppärikin	NOUN	läppäri
läppärin	NOUN	läppäri
läpäisemää	VERB	läpäistä
läsnäoleviksi	ADJ	läsnäoleva
läsnäolijoiden	NOUN	läsnäolija
läsnäolijoista	NOUN	läsnä#olija
läsnäollessa	VERB	läsnä#olla
läsnäoloa	NOUN	läsnäolo
läsnäolollaan	NOUN	läsnä#olo
läsähti	VERB	läsähtää
lätkän	NOUN	lätkä
lätsähdä	VERB	lätsähtää
lättypannulla	NOUN	lätty#pannu
lättytaikinaksi	NOUN	lätty#taikina
lätyn	NOUN	lätty
lätäkön	NOUN	lätäkkö
lävitseni	ADV	lävitse
lääkeaineiden	NOUN	lääke#aine
lääkealan	NOUN	lääke#ala
lääkehoidon	NOUN	lääke#hoito
lääkekaapin	NOUN	lääke#kaappi
lääkekehitykselle	NOUN	lääke#kehitys
lääkekehityksellä	NOUN	lääke#kehitys
lääkekehityksen	NOUN	lääke#kehitys
lääkekehitystoiminnan	NOUN	lääke#kehitys#toiminta
lääkekeskukseen	NOUN	lääke#keskus
lääkekeskuksen	NOUN	lääke#keskus
lääkelaitoksen	NOUN	lääke#laitos
lääketeollisuuden	NOUN	lääke#teollisuus
lääketieteelliseen	ADJ	lääke#tieteellinen
lääketieteelliselle	ADJ	lääke#tieteellinen
lääketieteellisen	ADJ	lääke#tieteellinen
lääketieteellisessä	ADJ	lääke#tieteellinen
lääketieteen	NOUN	lääke#tiede
lääketieteessä	NOUN	lääke#tiede
lääketuliaisten	NOUN	lääke#tuliainen
lääkeyritykset	NOUN	lääke#yritys
lääkeyrityksiä	NOUN	lääke#yritys
lääkintämiehenä	NOUN	lääkintä#mies
lääkityksen	NOUN	lääkitys
lääkitystä	NOUN	lääkitys
lääkkeelle	NOUN	lääke
lääkkeen	NOUN	lääke
lääkkeenä	NOUN	lääke
lääkkeet	NOUN	lääke
lääkkeiden	NOUN	lääke
lääkkeitä	NOUN	lääke
lääkäreiden	NOUN	lääkäri
lääkäriasemia	NOUN	lääkäri#asema
lääkäriasemilla	NOUN	lääkäri#asema
lääkärien	NOUN	lääkäri
lääkärikokemuksensa	NOUN	lääkäri#kokemus
lääkärikoulutukseen	NOUN	lääkäri#koulutus
lääkärille	NOUN	lääkäri
lääkärin	NOUN	lääkäri
lääkärinsä	NOUN	lääkäri
lääkärinvastaanotolla	NOUN	lääkäri#vastaanotto
lääkärissäkin	NOUN	lääkäri
lääkärit	NOUN	lääkäri
lääniin	NOUN	lääni
läänin	NOUN	lääni
läänityksilleen	NOUN	läänitys
läääkeaineiden	NOUN	lääke#aine
löhöpenkkien	NOUN	löhö#penkki
löi	VERB	lyödä
löivät	VERB	lyödä
lönnrot-mitali	NOUN	Lönnrot#mitali
lörpöttelee	VERB	lörpötellä
lötkisty	VERB	lötkistyä
löydettiin	VERB	löytää
löydetty	VERB	löytää
löydettävissä	VERB	löytää
löydettävyyttä	NOUN	löydettävyys
löydetyksi	VERB	löytää
löydetyn	VERB	löytää
löydetä	VERB	löytää
löydy	VERB	löytyä
löydän	VERB	löytää
löydätte	VERB	löytää
löydöt	NOUN	löytö
löylyhuoneen	NOUN	löyly#huone
löylyhuoneeseen	NOUN	löyly#huone
löylyssä	NOUN	löyly
löylyttelin	VERB	löylytellä
löylyä	NOUN	löyly
löysi	VERB	löytää
löysin	VERB	löytää
löysinkin	VERB	löytää
löysivät	VERB	löytää
löytyi	VERB	löytyä
löytymisestä	NOUN	löytyminen
löytyny	VERB	löytyä
löytynyt	VERB	löytyä
löytyviä	VERB	löytyä
löytyvä	VERB	löytyä
löytyvällä	VERB	löytyä
löytyvän	VERB	löytyä
löytyvät	VERB	löytyä
löytyvätkin	VERB	löytyä
löytyy	VERB	löytyä
löytyykin	VERB	löytyä
löytäessään	VERB	löytää
löytäisi	VERB	löytää
löytämiseen	NOUN	löytäminen
löytämisessä	NOUN	löytäminen
löytämä	VERB	löytää
löytämämme	VERB	löytää
löytämänsä	VERB	löytää
löytämään	VERB	löytää
löytäneet	VERB	löytää
löytänyt	VERB	löytää
löytänytkään	VERB	löytää
löytävät	VERB	löytää
löytääkseen	VERB	löytää
löytääksemme	VERB	löytää
löytöihini	NOUN	löytö
m-19:n	PROPN	M#19
m3:sen	NOUN	M3
maa-	NOUN	maa
maa-alueen	NOUN	maa#alue
maa-alueita	NOUN	maa#alue
maahan	NOUN	maa
maahankinnoissaan	NOUN	maa#hankinta
maahanmuuton	NOUN	maahan#muutto
maahanmuutosta	NOUN	maahan#muutto
maahanmuuttajanaisten	NOUN	maahan#muuttaja#nainen
maahanmuuttajanuorten	NOUN	maahan#muuttaja#nuori
maahanmuuttajat	NOUN	maahan#muuttaja
maahanmuuttajia	NOUN	maahan#muuttaja
maahanmuuttajien	NOUN	maahan#muuttaja
maahanmuuttajille	NOUN	maahan#muuttaja
maahanmuuttajista	NOUN	maahan#muuttaja
maahanmuutto-	NOUN	maahan#muutto
maahanmuuttoa	NOUN	maahan#muutto
maahanmuuttoon	NOUN	maahan#muutto
maahanmuuttopolitiikan	NOUN	maahan#muutto#politiikka
maahanpääsyjärjestelmien	NOUN	maa#pääsy#järjestelmä
maahanpääsymenettelyissä	NOUN	maahan#pääsy#menettely
maahanpääsymenettelyjen	NOUN	maahan#pääsy#menettely
maahanpääsyn	NOUN	maa#pääsy
maahanpääsyssä	NOUN	maahan#pääsy
maahansa	NOUN	maa
maahansyöksyssä	NOUN	maahansyöksy
maahantulleita	VERB	maahan#tulla
maahantuodut	VERB	maahantuoda
maaillmassa	NOUN	maailma
maailmaa	NOUN	maailma
maailmaan	NOUN	maailma
maailmaansa	NOUN	maailma
maailmalla	NOUN	maailma
maailmalle	NOUN	maailma
maailman	NOUN	maailma
maailman	PROPN	maailma
maailman-	NOUN	maailma
maailmancupia	NOUN	maailman#cup
maailmancupin	NOUN	maailman#cup
maailmanennätystä	NOUN	maailman#ennätys
maailmanhistorian	NOUN	maailman#historia
maailmanjärjestystä	NOUN	maailman#järjestys
maailmankaikkeudella	NOUN	maailman#kaikkeus
maailmankaikkeuden	NOUN	maailman#kaikkeus
maailmankaikkeudessa	NOUN	maailman#kaikkeus
maailmankaikkeuteen	NOUN	maailman#kaikkeus
maailmankuulun	ADJ	maailma#kuulu
maailmankuvaa	NOUN	maailman#kuva
maailmankuvansa	NOUN	maailman#kuva
maailmankuvassa	NOUN	maailman#kuva
maailmankuvien	NOUN	maailman#kuva
maailmankäsitykseen	NOUN	maailman#käsitys
maailmanlaajuisella	ADJ	maailman#laajuinen
maailmanlaajuisesta	ADJ	maailman#laajuinen
maailmanlaajuiset	ADJ	maailman#laajuinen
maailmanlaajuista	ADJ	maailman#laajuinen
maailmanloppua	NOUN	maailman#loppu
maailmanlopun	NOUN	maailman#loppu
maailmanmarkkinahinnan	NOUN	maailman#markkina#hinta
maailmanmarkkinahinnasta	NOUN	maailman#markkina#hinta
maailmanmarkkinahintaa	NOUN	maailman#markkina#hinta
maailmanmenosta	NOUN	maailma#meno
maailmanmestaruuden	NOUN	maailman#mestaruus
maailmanmestaruuskilpailussa	NOUN	maailman#mestaruus#kilpailu
maailmansodan	NOUN	maailman#sota
maailmansodassa	NOUN	maailman#sota
maailmansotaa	NOUN	maailman#sota
maailmantalouden	NOUN	maailman#talous
maailmantilasta	NOUN	maailma#tila
maailmasi	NOUN	maailma
maailmassa	NOUN	maailma
maailmasta	NOUN	maailma
maajoukkueen	NOUN	maa#joukkue
maajoukkueeseen	NOUN	maa#joukkue
maajoukkueessa	NOUN	maa#joukkue
maajoukkueissa	NOUN	maa#joukkue
maajoukkuetta	NOUN	maa#joukkue
maajoukkueuransa	NOUN	maa#joukkue#ura
maakaupoissa	NOUN	maa#kauppa
maakohtaisen	ADJ	maa#kohtainen
maakoloissa	NOUN	maa#kolo
maakunnan	NOUN	maa#kunta
maakunnassa	NOUN	maa#kunta
maakuntia	NOUN	maa#kunta
maalailemassa	VERB	maalailla
maalaisin	VERB	maalata
maalaiskunnan	NOUN	maalais#kunta
maalaiskunnassa	NOUN	maalais#kunta
maalaisleivän	NOUN	maalais#leipä
maalaisliiton	NOUN	maalais#liitto
maalasi	VERB	maalata
maalasimme	VERB	maalata
maalattu	VERB	maalata
maalauksen	NOUN	maalaus
maalauksineen	NOUN	maalaus
maaleista	NOUN	maali
maaleja	NOUN	maali
maalia	NOUN	maali
maaliennätyksen	NOUN	maali#ennätys
maaliikenteelle	NOUN	maa#liikenne
maaliin	NOUN	maali
maaliinsa	NOUN	maali
maalijyvänsä	NOUN	maali#jyvä
maalijyväänsä	NOUN	maali#jyvä
maalikuninkuuden	NOUN	maali#kuninkuus
maalilla	NOUN	maali
maalillaan	NOUN	maali
maalilta	NOUN	maali
maalin	NOUN	maali
maalipinnan	NOUN	maali#pinta
maalipörssin	NOUN	maali#pörssi
maalipörssissä	NOUN	maali#pörssi
maaliskuun	NOUN	maaliskuu
maaliskuussa	NOUN	maaliskuu
maaliskuusta	NOUN	maaliskuu
maaliskuuta	NOUN	maaliskuu
maalista	NOUN	maali
maalitykin	NOUN	maali#tykki
maalivahdeista	NOUN	maali#vahti
maalivahdin	NOUN	maali#vahti
maalivahteihin	NOUN	maali#vahti
maalla	NOUN	maa
maalle	NOUN	maa
maallista	ADJ	maallinen
maan	NOUN	maa
maan	PROPN	Maa
maanalaisen	ADJ	maan#alainen
maanalaisesta	ADJ	maan#alainen
maanalaisilla	ADJ	maan#alainen
maanantaiaamuna	NOUN	maanantai#aamu
maanantaina	NOUN	maanantai
maanantaita	NOUN	maanantai
maanjäristyksiin	NOUN	maan#järistys
maanmittauksen	NOUN	maan#mittaus
maannu	VERB	maata
maanomistajan	NOUN	maan#omistaja
maanomistajat	NOUN	maan#omistaja
maanosista	NOUN	maan#osa
maanpaossa	NOUN	maan#pako
maanpinnan	NOUN	maan#pinta
maanpuolustukselle	NOUN	maan#puolustus
maanpuolustuksen	NOUN	maan#puolustus
maanraivaajaksi	NOUN	maan#raivaaja
maanrakennusliiketoimintaa	NOUN	maan#rakennus#liike#toiminta
maansa	NOUN	maa
maanteiden	NOUN	maan#tie
maanteillä	NOUN	maan#tie
maantieliikenteen	NOUN	maa#tie#liikenne
maantiellä	NOUN	maan#tie
maantieteelliset	ADJ	maan#tieteellinen
maanviljelijänä	NOUN	maan#viljelijä
maanviljelijät	NOUN	maan#viljelijä
maanviljelijöihin	NOUN	maan#viljelijä
maanviljelijöiksi	NOUN	maan#viljelijä
maanviljelystä	NOUN	maan#viljelys
maapalloa	NOUN	maa#pallo
maapallolla	NOUN	maa#pallo
maapallon	NOUN	maa#pallo
maapallosta	NOUN	maa#pallo
maaperän	NOUN	maa#perä
maaperänäytteen	NOUN	maa#perä#näyte
maaperään	NOUN	maa#perä
maarajaa	NOUN	maa#raja
maaseudulla	NOUN	maa#seutu
maaseudulle	NOUN	maa#seutu
maaseudun	NOUN	maa#seutu
maassa	NOUN	maa
maasta	NOUN	maa
maasta	PROPN	Maa
maastokäyttöisten	ADJ	maasto#käyttöinen
maastotutkimuksen	NOUN	maasto#tutkimus
maastrichtin	PROPN	Maastricht
maat	NOUN	maa
maata	NOUN	maa
maatalouden	NOUN	maa#talous
maataloudessa	NOUN	maa#talous
maatalousajoneuvot	NOUN	maa#talous#ajo#neuvo
maataloustuotteiden	NOUN	maa#talous#tuote
maataloustöissä	NOUN	maa#talous#työ
maaten	VERB	maata
maatessa	VERB	maata
maatutkaluotauksiin	NOUN	maa#tutka#luotaus
maatutkaluotauksissa	NOUN	maa#tutka#luotaus
maatutkaluotauksissaan	NOUN	maa#tutka#luotaus
maavoimilla	NOUN	maa#voimat
macciavellin	PROPN	Macciavelli
macin	PROPN	Mac
macyn	PROPN	Macy
madeiran	PROPN	Madeira
madridiin	PROPN	Madrid
madridissa	PROPN	Madrid
magazinen	PROPN	Magazine
maghreb-maihin	NOUN	Maghreb#maa
magneettikuvauksin	NOUN	magneetti#kuvaus
magnumin	PROPN	Magnum
magnusissa	PROPN	Magnus
mahahaavaan	NOUN	maha#haava
mahallani	NOUN	maha
mahallesi	NOUN	maha
mahani	NOUN	maha
mahansa	NOUN	maha
mahassaan	NOUN	maha
mahdolliseen	ADJ	mahdollinen
mahdollisella	ADJ	mahdollinen
mahdolliselle	ADJ	mahdollinen
mahdollisen	ADJ	mahdollinen
mahdollisesta	ADJ	mahdollinen
mahdolliset	ADJ	mahdollinen
mahdollisia	ADJ	mahdollinen
mahdollisille	ADJ	mahdollinen
mahdollisilta	ADJ	mahdollinen
mahdollisissa	ADJ	mahdollinen
mahdollisista	ADJ	mahdollinen
mahdollista	ADJ	mahdollinen
mahdollistamiseksi	NOUN	mahdollistaminen
mahdollistamme	VERB	mahdollistaa
mahdollistanut	VERB	mahdollistaa
mahdollistavat	VERB	mahdollistaa
mahdollistavia	VERB	mahdollistaa
mahdollisten	ADJ	mahdollinen
mahdollistetaan	VERB	mahdollistaa
mahdollisti	VERB	mahdollistaa
mahdollisuuden	NOUN	mahdollisuus
mahdollisuudesta	NOUN	mahdollisuus
mahdollisuudet	NOUN	mahdollisuus
mahdollisuuksia	NOUN	mahdollisuus
mahdollisuuksien	NOUN	mahdollisuus
mahdollisuuksiin	NOUN	mahdollisuus
mahdollisuuksista	NOUN	mahdollisuus
mahdollisuutena	NOUN	mahdollisuus
mahdollisuutensa	NOUN	mahdollisuus
mahdollisuutta	NOUN	mahdollisuus
mahdotonta	ADJ	mahdoton
mahdottomaksi	ADJ	mahdoton
mahdottomat	ADJ	mahdoton
mahdu	VERB	mahtua
mahduttiin	VERB	mahtua
mahtailevalta	ADJ	mahtaileva
mahtaisi	AUX	mahtaa
mahtaisimmeko	AUX	mahtaa
mahtanut	AUX	mahtaa
mahtanut	VERB	mahtaa
mahtavaa	ADJ	mahtava
mahtavampi	ADJ	mahtava
mahtavan	ADJ	mahtava
mahtavasta	ADJ	mahtava
mahtavia	ADJ	mahtava
mahtien	NOUN	mahti
mahtipontisella	ADJ	mahtipontinen
mahtui	VERB	mahtua
mahtuisi	VERB	mahtua
mahtumaan	VERB	mahtua
mahtuu	VERB	mahtua
mahtuvat	VERB	mahtua
maiden	NOUN	maa
maidolle	NOUN	maito
maidon	NOUN	maito
maidonjalostaja	NOUN	maito#jalostaja
maidossa	NOUN	maito
maihin	NOUN	maa
maijan	PROPN	Maija
mailin	NOUN	maili
mailla	NOUN	maa
maille	NOUN	maa
mailleen	NOUN	maa
maineen	NOUN	maine
maineikkailla	ADJ	maineikas
maineikkaita	ADJ	maineikas
mainetta	NOUN	maine
mainettaan	NOUN	maine
maininnut	VERB	mainita
mainioin	ADJ	mainio
mainiot	ADJ	mainio
mainitaan	VERB	mainita
mainitkaamme	VERB	mainita
mainitsee	VERB	mainita
mainitsemaa	VERB	mainita
mainitsemaan	VERB	mainita
mainitsematta	VERB	mainita
mainitsemattoman	VERB	mainita
mainitsen	VERB	mainita
mainitsi	VERB	mainita
mainitsin	VERB	mainita
mainittakoon	VERB	mainita
mainittava	VERB	mainita
mainittiin	VERB	mainita
mainittu	VERB	mainita
mainittuja	VERB	mainita
mainittujen	VERB	mainita
mainittuun	VERB	mainita
mainituissa	VERB	mainita
mainituista	VERB	mainita
mainitun	VERB	mainita
mainitussa	VERB	mainita
mainitut	VERB	mainita
mainoksia	NOUN	mainos
mainoksissa	NOUN	mainos
mainonnassa	NOUN	mainonta
mainosalan	NOUN	mainos#ala
mainospuheiden	NOUN	mainos#puhe
mainospuheistaan	NOUN	mainos#puhe
mainostajien	NOUN	mainostaja
mainosten	NOUN	mainos
mainutut	VERB	mainita
maisemaa	NOUN	maisema
maisemaan	NOUN	maisema
maisemalla	NOUN	maisema
maiseman	NOUN	maisema
maisemien	NOUN	maisema
maisemointitöiden	NOUN	maisemointi#työ
maissa	NOUN	maa
maissin	NOUN	maissi
maista	NOUN	maa
maistamaan	VERB	maistaa
maistele	VERB	maistella
maistelemassa	VERB	maistella
maisteltiin	VERB	maistella
maisteriin	NOUN	maisteri
maisteriksi	NOUN	maisteri
maisterin	NOUN	maisteri
maisterivaiheen	NOUN	maisteri#vaihe
maistettaviksi	VERB	maistaa
maistoin	VERB	maistaa
maistraatin	NOUN	maistraatti
maistu	VERB	maistua
maistui	VERB	maistua
maistuivat	VERB	maistua
maistuu	VERB	maistua
maistuvat	VERB	maistua
maistuvia	VERB	maistua
maita	NOUN	maa
maitoa	NOUN	maito
maitolammikkoon	NOUN	maito#lammikko
maitotuotteet	NOUN	maito#tuote
maitotuotteita	NOUN	maito#tuote
maittoi	VERB	maittaa
majaan	NOUN	maja
majaansa	NOUN	maja
majaillessa	VERB	majailla
majakat	NOUN	majakka
majamieheni	NOUN	maja#mies
majapaikan	NOUN	maja#paikka
majapaikkanamme	NOUN	maja#paikka
majapaikkani	NOUN	maja#paikka
majatalon	NOUN	maja#talo
majatalot	NOUN	maja#talo
majesteetillisuudesta	NOUN	majesteetillisuus
majoitukseen	NOUN	majoitus
majoituksen	NOUN	majoitus
majoituksessa	NOUN	majoitus
majoitun	VERB	majoittua
majoitustiloihin	NOUN	majoitus#tila
majurin	NOUN	majuri
makaamaan	VERB	maata
makaamassa	VERB	maata
makaavansa	VERB	maata
makailemaan	VERB	makailla
makasi	VERB	maata
makasin	VERB	maata
makeaa	ADJ	makea
makeaksi	ADJ	makea
makeanhimoa	NOUN	makea#himo
makedonian	PROPN	Makedonia
makeita	ADJ	makea
maken	PROPN	Make
makeutusaineet	NOUN	makeutus#aine
makkaraa	NOUN	makkara
makkarakansaa	NOUN	makkara#kansa
makkaralla	NOUN	makkara
makkaran	NOUN	makkara
makkaransyönti	NOUN	makkara#syönti
makoilulle	NOUN	makoilu
makoisaa	ADJ	makoisa
makrojen	NOUN	makro
makrokääpiöksi	NOUN	makro#kääpiö
makrotaloudellisia	ADJ	makro#taloudellinen
makrotalouden	NOUN	makro#talous
maksa	VERB	maksaa
maksaisi	VERB	maksaa
maksaisivat	VERB	maksaa
maksajien	NOUN	maksaja
maksakaa	VERB	maksaa
maksalaatikkoon	NOUN	maksa#laatikko
maksalaatikosta	NOUN	maksa#laatikko
maksalle	NOUN	maksa
maksamaa	VERB	maksaa
maksamaan	PROPN	Maksamaa
maksamaan	VERB	maksaa
maksaman	VERB	maksaa
maksamat	VERB	maksaa
maksamattomia	VERB	maksaa
maksamattomista	ADJ	maksamaton
maksamiin	VERB	maksaa
maksan	VERB	maksaa
maksanut	VERB	maksaa
maksat	VERB	maksaa
maksava	VERB	maksaa
maksavan	VERB	maksaa
maksavat	VERB	maksaa
makseta	VERB	maksaa
maksetaan	VERB	maksaa
maksetaankin	VERB	maksaa
maksettava	VERB	maksaa
maksettavaksi	VERB	maksaa
maksettavana	VERB	maksaa
maksettavat	VERB	maksaa
maksettaviksi	VERB	maksaa
maksettavista	VERB	maksaa
maksettu	VERB	maksaa
maksettujen	VERB	maksaa
maksimissaan	NOUN	maksimi
maksoi	VERB	maksaa
maksoin	VERB	maksaa
maksoivat	VERB	maksaa
maksoja	NOUN	maksa
maksua	NOUN	maksu
maksuhäiriöistä	NOUN	maksu#häiriö
maksuhäiriömerkinnän	NOUN	maksu#häiriö#merkintä
maksuhäiriömerkintöjen	NOUN	maksu#häiriö#merkintä
maksuja	NOUN	maksu
maksujen	NOUN	maksu
maksujensa	NOUN	maksu
maksukanavaa	NOUN	maksu#kanava
maksukorttien	NOUN	maksu#kortti
maksukykyä	NOUN	maksu#kyky
maksullisessa	ADJ	maksullinen
maksullisia	ADJ	maksullinen
maksullista	ADJ	maksullinen
maksumiehet	NOUN	maksu#mies
maksuperusteisen	ADJ	maksu#perusteinen
maksuperusteisia	ADJ	maksu#perusteinen
maksut	NOUN	maksu
maksutonta	ADJ	maksuton
maksuttoman	ADJ	maksuton
maksuvalmiusluoton	NOUN	maksu#valmius#luotto
maksuvälineiden	NOUN	maksu#väline
makua	NOUN	maku
makuaan	NOUN	maku
makuiset	ADJ	makuinen
makuista	ADJ	makuinen
makuja	NOUN	maku
makujakin	NOUN	maku
makumieltymysten	NOUN	maku#mieltymys
makuuhaavaa	NOUN	makuu#haava
makuuhaavan	NOUN	makuu#haava
makuuhaavoja	NOUN	makuu#haava
makuuhuoneen	NOUN	makuu#huone
makuuhuoneeseen	NOUN	makuu#huone
makuuhuoneessa	NOUN	makuu#huone
makuuhuoneesta	NOUN	makuu#huone
makuumme	NOUN	maku
makuun	NOUN	maku
makuupussia	NOUN	makuu#pussi
makuupussissa	NOUN	makuu#pussi
makuutiloihin	NOUN	makuu#tila
maleksimassa	VERB	maleksia
maljaa	NOUN	malja
maljoja	NOUN	malja
malleina	NOUN	malli
malleissa	NOUN	malli
mallia	NOUN	malli
mallien	NOUN	malli
malliin	NOUN	malli
mallikaasti	ADV	mallikkaasti
mallikkaalta	ADJ	mallikas
malliltaan	NOUN	malli
mallin	NOUN	malli
mallina	NOUN	malli
mallioikeuden	NOUN	malli#oikeus
mallissa	NOUN	malli
mallista	NOUN	malli
mallit	NOUN	malli
mallivuodeksi	NOUN	malli#vuosi
malmeja	NOUN	malmi
malmilla	PROPN	Malmi
malmion	PROPN	Malmio
malmön	PROPN	Malmö
malta	VERB	malttaa
maltassa	PROPN	Malta
maltilliselta	ADJ	maltillinen
maltillisempaa	ADJ	maltillinen
malttamattominta	ADJ	malttamaton
mamikonianin	PROPN	Mamikonian
mamin	NOUN	mami
managementin	PROPN	Management
managerina	NOUN	manageri
manchasta	PROPN	Mancha
mandaattia	NOUN	mandaatti
maneereihin	NOUN	maneeri
manga-	NOUN	manga
mangan	NOUN	manga
mangosta	PROPN	Mango
mangrovemetsissä	NOUN	mangrove#metsä
manian	NOUN	mania
manifestin	PROPN	Manifesti
manipuloinnista	NOUN	manipulointi
mannekiinin	NOUN	mannekiini
mannerheim-risti	NOUN	Mannerheim#risti
mannerheim-ristin	NOUN	Mannerheim#risti
mannerheimristin	NOUN	Mannerheim#risti
mansen	PROPN	Manse
mansesterissa	PROPN	Mansesteri
mansikan	NOUN	mansikka
mansikat	NOUN	mansikka
mansikatkin	NOUN	mansikka
mansikkaa	NOUN	mansikka
mansikkahillon	NOUN	mansikka#hillo
mansikoiden	NOUN	mansikka
mansikoille	NOUN	mansikka
mansikoita	NOUN	mansikka
mansonin	PROPN	Manson
mansourahin	PROPN	Mansourah
mantelilastut	NOUN	manteli#lastu
mantelirouheessa	NOUN	manteli#rouhe
mantereellemme	NOUN	manner
mantereelta	NOUN	manner
mantereen	NOUN	manner
mantereiden	NOUN	manner
mantraa	NOUN	mantra
mantukimalaiselle	NOUN	mantu#kimalainen
mantukimalaisen	NOUN	mantu#kimalainen
mantukimalaisten	NOUN	mantu#kimalainen
maoreille	NOUN	maori
maoreja	NOUN	maori
maoria	NOUN	maori
maorien	NOUN	maori
maoriheimon	NOUN	maori#heimo
maoriheimot	NOUN	maori#heimo
maoriperheestä	NOUN	maori#perhe
maorit	NOUN	maori
maputossa	PROPN	Maputo
marcuksen	PROPN	Marcus
marginaaliin	NOUN	marginaali
marginaalilla	NOUN	marginaali
marginaaliryhmän	NOUN	marginaali#ryhmä
marginaaliseksi	ADJ	marginaalinen
marginaalit	NOUN	marginaali
marian	PROPN	Maria
mariasta	PROPN	Maria
marien	PROPN	Marie
marinoituja	VERB	marinoida
maritimuksen	PROPN	maritimus
marja-liisa	PROPN	Marja#Liisa
marjaisan	ADJ	marjaisa
marjaravintoon	NOUN	marja#ravinto
marjoista	NOUN	marja
marjoja	NOUN	marja
marjojen	NOUN	marja
markan	NOUN	markka
markettien	NOUN	marketti
markiisien	NOUN	markiisi
markin	PROPN	Mark
markkaa	NOUN	markka
markkaan	NOUN	markka
markkasen	PROPN	Markkanen
markkijonoa	NOUN	merkki#jono
markkina-alue	NOUN	markkina#alue
markkina-alueena	NOUN	markkina#alue
markkina-alueiden	NOUN	markkina#alue
markkina-aluetta	NOUN	markkina#alue
markkina-asema	NOUN	markkina#asema
markkina-asemaa	NOUN	markkina#asema
markkinajärjestelyjen	NOUN	markkina#järjestely
markkinajärjestelystä	NOUN	markkina#järjestely
markkinakoroissa	NOUN	markkina#korko
markkinaolosuhteiden	NOUN	markkina#olo#suhteet
markkinaosuuden	NOUN	markkina#osuus
markkinaosuudesta	NOUN	markkina#osuus
markkinaosuusrajat	NOUN	markkina#osuus#raja
markkinaosuusrajojen	NOUN	markkina#osuus#raja
markkinaosuuttaan	NOUN	markkina#osuus
markkinatalouden	NOUN	markkina#talous
markkinatalousmaissa	NOUN	markkina#talous#maa
markkinatalousmaista	NOUN	markkina#talous#maa
markkinataloutta	NOUN	markkina#talous
markkinatilanteeseen	NOUN	markkina#tilanne
markkinatilanteessa	NOUN	markkina#tilanne
markkinatilanteesta	NOUN	markkina#tilanne
markkinavetoisia	ADJ	markkina#vetoinen
markkinavoiman	NOUN	markkina#voima
markkinavoimien	NOUN	markkina#voima
markkinoidaan	VERB	markkinoida
markkinoidemme	NOUN	markkinat
markkinoiden	NOUN	markkinat
markkinoilla	NOUN	markkinat
markkinoille	NOUN	markkinat
markkinointiin	NOUN	markkinointi
markkinoista	NOUN	markkinat
markkinoita	NOUN	markkinat
marktilla	PROPN	Markt
markukselle	PROPN	Markus
marlborosie	PROPN	Marlboros
marlboroughissa	PROPN	Marlborough
marmaranmeren	PROPN	Marmaran#meri
marmorinvaalea	ADJ	marmori#vaalea
marmorisia	ADJ	marmorinen
marraskuisena	ADJ	marras#kuinen
marraskuulle	NOUN	marraskuu
marraskuun	NOUN	marraskuu
marraskuussa	NOUN	marraskuu
marraskuuta	NOUN	marraskuu
mars-lento	NOUN	Mars#lento
marshall-apua	NOUN	Marshall#apu
marsin	PROPN	Mars
marskin	PROPN	Marski
marssi	VERB	marssia
marssimusiikissa	NOUN	marssi#musiikki
marssitunnin	NOUN	marssi#tunti
martensin	PROPN	Martens
martta-tädin	NOUN	Martta#täti
marttyyriksi	NOUN	marttyyri
martínezin	PROPN	Martínez
marunan	PROPN	Maruna
marx-veljesten	NOUN	Marx#veljekset
masennukseen	NOUN	masennus
masennusta	NOUN	masennus
masensi	VERB	masentaa
mashrek-maihin	NOUN	Mashrek#maa
masistellaan	VERB	masistella
massaa	NOUN	massa
massalla	NOUN	massa
massaltaan	NOUN	massa
massan	NOUN	massa
massasta	NOUN	massa
massiivisempi	ADJ	massiivinen
massiivista	ADJ	massiivinen
massoihin	NOUN	massa
mastui	VERB	maistua
matadorit	NOUN	matadori
mataessa	VERB	mataa
mataksi	ADJ	matta
matalaa	ADJ	matala
matalaan	ADJ	matala
matalaksi	ADJ	matala
matalalla	ADJ	matala
matalat	ADJ	matala
matalavetisissä	ADJ	matala#vetinen
matalia	ADJ	matala
matalien	ADJ	matala
matalla	ADV	matalalla
matatalia	ADJ	matala
matelin	VERB	madella
matemaattis-luonnontieteellinen	ADJ	matemaattis#luonnon#tieteellinen
matemaattis-luonnontieteelliseen	ADJ	matemaattis#luonnon#tieteellinen
matematiikan	NOUN	matematiikka
materiaaleista	NOUN	materiaali
materiaalia	NOUN	materiaali
materiaalin	NOUN	materiaali
materiaalisia	ADJ	materiaalinen
materian	NOUN	materia
materiankin	NOUN	materia
materiasta	NOUN	materia
matikan	NOUN	matikka
matikanluokan	NOUN	matikka#luokka
matilden	PROPN	Matilde
matista	PROPN	Matti
matitetuksi	VERB	matittaa
matkaa	NOUN	matka
matkaan	NOUN	matka
matkaani	NOUN	matka
matkaansa	NOUN	matka
matkaava	VERB	matkata
matkaavan	VERB	matkata
matkaenduroihin	NOUN	matka#enduro
matkailee	VERB	matkailla
matkailijat	NOUN	matkailija
matkailua	NOUN	matkailu
matkailun	NOUN	matkailu
matkailuun	NOUN	matkailu
matkailuvaliokunnassa	NOUN	matkailu#valio#kunta
matkailuvaliokuntaa	NOUN	matkailu#valio#kunta
matkalaukullista	NOUN	matka#laukullinen
matkalla	NOUN	matka
matkallaan	NOUN	matka
matkalle	NOUN	matka
matkan	NOUN	matka
matkannut	VERB	matkata
matkaoppaita	NOUN	matka#opas
matkapuhelimia	NOUN	matka#puhelin
matkapuhelimiaan	NOUN	matka#puhelin
matkapuhelinmarkkinoiden	NOUN	matka#puhelin#markkinat
matkaradion	NOUN	matka#radio
matkaradiossa	NOUN	matka#radio
matkaseuralaisille	NOUN	matka#seuralainen
matkaseurana	NOUN	matka#seura
matkasi	VERB	matkata
matkasin	VERB	matkata
matkassa	NOUN	matka
matkasta	NOUN	matka
matkastamme	NOUN	matka
matkasuunnitelmat	NOUN	matka#suunnitelma
matkat	NOUN	matka
matkatavaraa	NOUN	matka#tavara
matkatavaralla	NOUN	matka#tavara
matkatavaran	NOUN	matka#tavara
matkatavarat	NOUN	matka#tavara
matkatavaroiden	NOUN	matka#tavara
matkatavaroidensa	NOUN	matka#tavara
matkatavaroihin	NOUN	matka#tavara
matkatavaroihinsa	NOUN	matka#tavara
matkatavaroista	NOUN	matka#tavara
matkatavaroitaan	NOUN	matka#tavara
matkatyylistä	NOUN	matka#tyyli
matkoihin	NOUN	matka
matkoihinsa	NOUN	matka
matkoista	NOUN	matka
matkoja	NOUN	matka
matkojen	NOUN	matka
matkustaessa	VERB	matkustaa
matkustajaa	NOUN	matkustaja
matkustajalle	NOUN	matkustaja
matkustajan	NOUN	matkustaja
matkustajat	NOUN	matkustaja
matkustajatiedot	NOUN	matkustaja#tieto
matkustajia	NOUN	matkustaja
matkustajiakaan	NOUN	matkustaja
matkustajien	NOUN	matkustaja
matkustajiin	NOUN	matkustaja
matkustajille	NOUN	matkustaja
matkustajistahan	NOUN	matkustaja
matkustamalla	VERB	matkustaa
matkustamisesta	NOUN	matkustaminen
matkustaneet	VERB	matkustaa
matkustavan	VERB	matkustaa
matkustavista	VERB	matkustaa
matkustelevat	VERB	matkustella
matkustelin	VERB	matkustella
matkustellen	VERB	matkustella
matkusti	VERB	matkustaa
matlun	PROPN	Matlu
matoista	NOUN	matto
maton	NOUN	matto
matteukselle	PROPN	Matteus
mattia	NOUN	matti
mattighofenissa	PROPN	Mattighofen
mattihyökkäyksin	NOUN	matti#hyökkäys
mattopiiskalla	NOUN	matto#piiska
mattopommituksessa	NOUN	matto#pommitus
maturiteetin	NOUN	maturiteetti
maturiteetti-	ADV	maturiteetti
maudin	PROPN	Maud
maukkaalta	ADJ	maukas
maun	NOUN	maku
maurikiokselle	PROPN	Maurikios
maurilaisesta	ADJ	maurilainen
mausta	VERB	maustaa
maustamatonta	ADJ	maustamaton
maustan	VERB	maustaa
maustasi	NOUN	maku
mausteet	NOUN	mauste
mausteilla	NOUN	mauste
mausteista	NOUN	mauste
mausteita	NOUN	mauste
mausteitakin	NOUN	mauste
maustekaapille	NOUN	mauste#kaappi
maustepippurit	NOUN	mauste#pippuri
maustettu	VERB	maustaa
maustettua	VERB	maustaa
maustettuja	VERB	maustaa
maustettuna	VERB	maustaa
maut	NOUN	maku
mauttomia	ADJ	mauton
mba-ohjelma	NOUN	MBA#ohjelma
mccainilla	PROPN	McCain
mccainin	PROPN	McCain
mclarenin	PROPN	McLaren
md-82	SYM	MD#82
md-83-tyyppinen	ADJ	MD#83#tyyppinen
me	PRON	minä
me-henki	NOUN	me#henki
media-	NOUN	media
mediadefender-yritys	NOUN	Mediadefender#yritys
medialle	NOUN	media
mediamaksua	NOUN	media#maksu
mediamaksuehdotusta	NOUN	media#maksu#ehdotus
mediamaksun	NOUN	media#maksu
median	NOUN	media
median	PROPN	media
mediassa	NOUN	media
mee	VERB	mennä
meerin	PROPN	Meeri
meet	VERB	mennä
meetwurstia	NOUN	meetwursti
mefen	NOUN	meri
megatrendejä	NOUN	mega#trendi
mehiläisille	NOUN	mehiläinen
mehua	NOUN	mehu
mehän	PRON	minä
meidän	PRON	minä
meidät	PRON	minä
meikattuna	VERB	meikata
meikatut	VERB	meikata
meikki-	NOUN	meikki
meikkikokemukselleni	NOUN	meikki#kokemus
meikkikuvaa	NOUN	meikki#kuva
meikkitaiteilijalta	NOUN	meikki#taiteilija
meikkituotteita	NOUN	meikki#tuote
meil	PRON	minä
meille	PRON	minä
meillon	VERB	meillä#on
meillä	PRON	minä
meilläkin	PRON	minä
meiltä	PRON	minä
meinaa	VERB	meinata
meinasi	VERB	meinata
meinasin	VERB	meinata
meiningin	NOUN	meininki
meistä	PRON	minä
meitä	PRON	minä
meiäm	PRON	minä
meiän	PRON	minä
mekaanisen	ADJ	mekaaninen
mekanismeista	NOUN	mekanismi
mekanismeja	NOUN	mekanismi
mekanismia	NOUN	mekanismi
mekanismien	NOUN	mekanismi
mekanismit	NOUN	mekanismi
mekin	PRON	minä
mekkoa	NOUN	mekko
mekon	NOUN	mekko
mekossa	NOUN	mekko
mekosta	NOUN	mekko
meksikon	PROPN	Meksiko
meksikossa	PROPN	Meksiko
meleerattu	VERB	meleerata
melkeinpä	ADV	melkein
melkoisen	ADJ	melkoinen
mellakat	NOUN	mellakka
mellakoitsijoiden	NOUN	mellakoitsija
melodista	ADJ	melodinen
melua	NOUN	melu
melun	NOUN	melu
memphisin	PROPN	Memphis
mene	VERB	mennä
menee	VERB	mennä
menehtyi	VERB	menehtyä
menehän	VERB	mennä
menemme	VERB	mennä
menemällä	VERB	mennä
menemättä	VERB	mennä
menemään	VERB	mennä
menen	VERB	mennä
menestyi	VERB	menestyä
menestyksekkäin	ADJ	menestyksekäs
menestyksekkäästä	ADJ	menestyksekäs
menestyksekästä	ADJ	menestyksekäs
menestyksen	NOUN	menestys
menestyksensä	NOUN	menestys
menestyksestään	NOUN	menestys
menestymisen	NOUN	menestyminen
menestymismahdollisuuksia	NOUN	menestyä#mahdollisuus
menestyneen	VERB	menestyä
menestyneessä	ADJ	menestynyt
menestyneet	VERB	menestyä
menestyneille	ADJ	menestynyt
menestynein	ADJ	menestynyt
menestynyt	VERB	menestyä
menestystä	NOUN	menestys
menestyviä	VERB	menestyä
menestyvät	VERB	menestyä
menestyy	VERB	menestyä
menestyäkseen	VERB	menestyä
menetelmien	NOUN	menetelmä
menetelmällä	NOUN	menetelmä
menetelmän	NOUN	menetelmä
menetelmät	NOUN	menetelmä
menetelmää	NOUN	menetelmä
menetettyään	VERB	menettää
menettelyihin	NOUN	menettely
menettelyissä	NOUN	menettely
menettelyistä	NOUN	menettely
menettelyjen	NOUN	menettely
menettelyjä	NOUN	menettely
menettelyn	NOUN	menettely
menettelystä	NOUN	menettely
menettelysäännöt	NOUN	menettely#sääntö
menettelyt	NOUN	menettely
menettelytapoihin	NOUN	menettely#tapa
menettelytapoja	NOUN	menettely#tapa
menettelytapojen	NOUN	menettely#tapa
menettelytavoilla	NOUN	menettely#tapa
menettelyyn	NOUN	menettely
menettelyä	NOUN	menettely
menetti	VERB	menettää
menettivät	VERB	menettää
menettämiseen	NOUN	menettäminen
menettämässä	VERB	menettää
menettäneensä	VERB	menettää
menettäneenä	VERB	menettää
menettäneitä	VERB	menettää
menettänyt	VERB	menettää
menettävänsä	VERB	menettää
menettävät	VERB	menettää
menetykset	NOUN	menetys
menetyksiä	NOUN	menetys
menetyskohtauksia	NOUN	menetys#kohtaus
menetysten	NOUN	menetys
menetät	VERB	menettää
meneviä	VERB	mennä
menevä	VERB	mennä
menevän	VERB	mennä
meneväni	VERB	mennä
menevät	VERB	mennä
meni	VERB	mennä
menikin	VERB	mennä
menikö	VERB	mennä
menin	VERB	mennä
menis	VERB	mennä
menisi	VERB	mennä
menisit	VERB	mennä
menit	VERB	mennä
menivät	VERB	mennä
menivätkin	VERB	mennä
menkääpä	VERB	mennä
menneet	VERB	mennä
menneistä	ADJ	mennyt
menneisyyden	NOUN	menneisyys
menneisyydestä	NOUN	menneisyys
menneitä	ADJ	mennyt
mennessä	VERB	mennä
mennessään	VERB	mennä
mennyt	VERB	mennä
mennään	VERB	mennä
mennäänpä	VERB	mennä
menoissa	NOUN	meno
menoja	NOUN	meno
menojen	NOUN	meno
menokehitystä	NOUN	meno#kehitys
menoleikkaukset	NOUN	meno#leikkaus
menoleikkauksia	NOUN	meno#leikkaus
menon	NOUN	meno
menoon	NOUN	meno
menossa	VERB	mennä
menovettä	NOUN	meno#vesi
mentaalisten	ADJ	mentaalinen
mentaliteeteista	NOUN	mentaliteetti
mentholtupakkaansa	NOUN	menthol#tupakka
mentiin	VERB	mennä
mentoroinnilla	NOUN	mentorointi
menty	VERB	mennä
mentäessä	VERB	mennä
mentäisiin	VERB	mennä
mentävä	VERB	mennä
mercosur-maihin	NOUN	Mercosur#maa
mereen	NOUN	meri
merelle	NOUN	meri
merellä	NOUN	meri
mereltä	NOUN	meri
meren	NOUN	meri
merenalaisen	ADJ	meren#alainen
merenalaisten	ADJ	meren#alainen
merenkulkualan	NOUN	meren#kulku#ala
merenkulkuopiston	NOUN	meren#kulku#opisto
merenkurkussa	PROPN	Merenkurkku
merenmaasta	PROPN	Merenmaa
merenpinnan	NOUN	meren#pinta
merenpinnasta	NOUN	meren#pinta
merenpohjien	NOUN	meren#pohja
merenrannalta	NOUN	meren#ranta
merentakaisia	ADJ	meren#takainen
merentakaisien	ADJ	meren#takainen
meressä	NOUN	meri
merien	NOUN	meri
merikilpikonnien	NOUN	meri#kilpi#konna
merikortteja	NOUN	meri#kortti
merikotkia	NOUN	meri#kotka
meriliikennejärjestelmän	NOUN	meri#liikenne#järjestelmä
meriliikennettä	NOUN	meri#liikenne
meriliikenteen	NOUN	meri#liikenne
merimailin	NOUN	meri#maili
merimieskirkkoon	NOUN	meri#mies#kirkko
meriruohokentillä	NOUN	meri#ruoho#kenttä
meriteollisuuden	NOUN	meri#teollisuus
meriturvallisuuteen	NOUN	meri#turvallisuus
merituulessa	NOUN	meri#tuuli
meriupseerin	NOUN	meri#upseeri
merivartiotoimintaa	NOUN	meri#vartio#toiminta
merjan	PROPN	Merja
merkeissä	NOUN	merkki
merkille	NOUN	merkki
merkillä	NOUN	merkki
merkinnästä	NOUN	merkintä
merkinnät	NOUN	merkintä
merkinnöillä	NOUN	merkintä
merkinnöistä	NOUN	merkintä
merkintää	NOUN	merkintä
merkintöjä	NOUN	merkintä
merkit	NOUN	merkki
merkitse	VERB	merkitä
merkitsee	VERB	merkitä
merkitsemiseen	NOUN	merkitseminen
merkitsemistä	NOUN	merkitseminen
merkitsette	VERB	merkitä
merkitsevät	VERB	merkitä
merkitsi	VERB	merkitä
merkitsisi	VERB	merkitä
merkittiin	VERB	merkitä
merkitty	VERB	merkitä
merkittyt	VERB	merkitä
merkittävimmistä	ADJ	merkittävä
merkittävimmät	ADJ	merkittävä
merkittävimpiä	ADJ	merkittävä
merkittävin	ADJ	merkittävä
merkittävistä	ADJ	merkittävä
merkittäviä	ADJ	merkittävä
merkittävyyteen	NOUN	merkittävyys
merkittäväksi	ADJ	merkittävä
merkittävän	ADJ	merkittävä
merkittävänä	ADJ	merkittävä
merkittävästä	ADJ	merkittävä
merkittävää	ADJ	merkittävä
merkittävään	ADJ	merkittävä
merkityksellisen	ADJ	merkityksellinen
merkityksellisistä	ADJ	merkityksellinen
merkityksellisiä	ADJ	merkityksellinen
merkityksellisyyttä	NOUN	merkityksellisyys
merkityksen	NOUN	merkitys
merkityksensä	NOUN	merkitys
merkityksessä	NOUN	merkitys
merkityksestä	NOUN	merkitys
merkityksiä	NOUN	merkitys
merkitystä	NOUN	merkitys
merkitään	VERB	merkitä
merkkejä	NOUN	merkki
merkkejäkään	NOUN	merkki
merkkiainemolekyyleinä	NOUN	merkki#aine#molekyyli
merkkien	NOUN	merkki
merkkiin	NOUN	merkki
merkkijonoja	NOUN	merkki#jono
merkkikassia	NOUN	merkki#kassi
merkkinä	NOUN	merkki
merkkiä	NOUN	merkki
merta	NOUN	meri
messeniuksen	PROPN	Messenius
mestarina	NOUN	mestari
mestaritasolla	NOUN	mestari#taso
mestaruuden	NOUN	mestaruus
mestaruuskauden	NOUN	mestaruus#kausi
mestaruusvyöt	NOUN	mestaruus#vyö
mestaruutta	NOUN	mestaruus
mestoksi	PROPN	mesto
metakasta	NOUN	metakka
metakkaa	NOUN	metakka
metalista	NOUN	metal
metalleista	NOUN	metalli
metallican	PROPN	Metallica
metalliesineen	NOUN	metalli#esine
metalliesineestä	NOUN	metalli#esine
metalliin	NOUN	metalli
metalliköyhempi	ADJ	metalli#köyhä
metallille	NOUN	metalli
metallimessuun	NOUN	metalli#messu
metallimusiikin	NOUN	metalli#musiikki
metallimusiikkia	NOUN	metalli#musiikki
metallin	NOUN	metalli
metallisella	ADJ	metallinen
metallisen	ADJ	metallinen
metallisulaan	NOUN	metalli#sula
metallituotteessa	NOUN	metalli#tuote
metallityöväen	NOUN	metalli#työ#väki
meteliä	NOUN	meteli
metelöinnistä	NOUN	metelöinti
meteorihavaitsijan	NOUN	meteori#havaitsija
meteoriittiparvet	NOUN	meteoriitti#parvi
metodina	NOUN	metodi
metrien	NOUN	metri
metrillä	NOUN	metri
metriltä	NOUN	metri
metrin	NOUN	metri
metriä	NOUN	metri
metro-lehdestä	NOUN	metro#lehti
metroa	NOUN	metro
metroasemalla	NOUN	metro#asema
metroseksuaaleilta	ADJ	metro#seksuaali
metrossa	NOUN	metro
metrotunnelin	NOUN	metro#tunneli
metrotunnelit	NOUN	metro#tunneli
metsiä	NOUN	metsä
metsähallituksen	NOUN	metsä#hallitus
metsälle	NOUN	metsä
metsän	NOUN	metsä
metsänhakkuut	NOUN	metsän#hakkuu
metsäntutkimuslaitoksen	NOUN	metsä#tutkimus#laitos
metsänvartija	NOUN	metsä#vartija
metsäpolkuja	NOUN	metsä#polku
metsässäkin	NOUN	metsä
metsästetty	VERB	metsästää
metsästystä	NOUN	metsästys
metsästä	NOUN	metsä
metsästäjien	NOUN	metsästäjä
metsätaloudessa	NOUN	metsä#talous
metsäyhtiöitä	NOUN	metsä#yhtiö
metsäyhtiöt	NOUN	metsä#yhtiö
metsää	NOUN	metsä
metsään	NOUN	metsä
mettä	NOUN	mesi
meuhkaamaan	VERB	meuhkata
meuhkaaminen	NOUN	meuhkaaaminen
meuhkaavat	VERB	meuhkata
mexicossa	PROPN	Mexico
mezzosopraanot	NOUN	mezzosopraano
mff:n	PROPN	MFF
microsoft-pohjaisia	ADJ	Microsoft#pohjainen
microsoft-pohjaisten	ADJ	Microsoft#pohjainen
microsoftin	PROPN	Microsoft
midsomerin	PROPN	Midsomer
mie	PRON	minä
miedoimmasta	ADJ	mieto
miedommaksi	ADJ	mieto
mieheensä	NOUN	mies
mieheksi	NOUN	mies
miehekästä	ADJ	miehekäs
miehelle	NOUN	mies
miehelleen	NOUN	mies
miehellä	NOUN	mies
mieheltä	NOUN	mies
mieheltäni	NOUN	mies
miehen	NOUN	mies
mieheni	NOUN	mies
miehenikin	NOUN	mies
miehensä	NOUN	mies
miehensäkään	NOUN	mies
miehenä	NOUN	mies
miehestä	NOUN	mies
miehestäni	NOUN	mies
miehestään	NOUN	mies
miehet	NOUN	mies
miehille	NOUN	mies
miehisiin	ADJ	miehinen
miehistä	NOUN	mies
miehistöjä	NOUN	miehistö
miehistön	NOUN	miehistö
miehitetty	VERB	miehittää
miehitti	VERB	miehittää
miehittämättömän	ADJ	miehittämätön
miehityksen	NOUN	miehitys
miehiä	NOUN	mies
miehuuttani	NOUN	miehuus
miekallaan	NOUN	miekka
miekan	NOUN	miekka
miekkaa	NOUN	miekka
miekkailemaan	VERB	miekkailla
miekkansa	NOUN	miekka
mielee	NOUN	mieli
mieleen	NOUN	mieli
mieleeni	NOUN	mieli
mieleeniskostetut	VERB	mieleen#iskostettu
mieleenkään	NOUN	mieli
mieleenpainuvinta	ADJ	mieleenpainuva
mieleensä	NOUN	mieli
mielekkyyttä	NOUN	mielekkyys
mielekkään	ADJ	mielekäs
mielekästä	ADJ	mielekäs
mielelläni	ADV	mielellään
mieleltäni	NOUN	mieli
mielen	NOUN	mieli
mielenhäiriössä	NOUN	mielen#häiriö
mieleni	NOUN	mieli
mielenilmaisut	NOUN	mielen#ilmaisu
mielenkiinnon	NOUN	mielenkiinto
mielenkiintoa	NOUN	mielenkiinto
mielenkiintoisella	ADJ	mielenkiintoinen
mielenkiintoisen	ADJ	mielen#kiintoinen
mielenkiintoisena	ADJ	mielenkiintoinen
mielenkiintoiset	ADJ	mielenkiintoinen
mielenkiintoisia	ADJ	mielenkiintoinen
mielenkiintoisiin	ADJ	mielenkiintoinen
mielenkiintoisimman	ADJ	mielenkiintoinen
mielenkiintoista	ADJ	mielenkiintoinen
mielenkiintonsa	NOUN	mielenkiinto
mielenosoittajia	NOUN	mielen#osoittaja
mielenosoittajien	NOUN	mielen#osoittaja
mielenosoituksen	NOUN	mielen#osoitus
mielenosoitukset	NOUN	mielen#osoitus
mielenosoituksia	NOUN	mielen#osoitus
mielenosoitusta	NOUN	mielen#osoitus
mielensä	NOUN	mieli
mielenterveyshäiriöiden	NOUN	mielen#terveys#häiriö
mielenterveysongelmaiseksi	ADJ	mielen#terveys#ongelmainen
mielentilassa	NOUN	mielen#tila
mielessä	NOUN	mieli
mielessämme	NOUN	mieli
mielessäni	NOUN	mieli
mielessään	NOUN	mieli
mielestä	NOUN	mieli
mielestämme	NOUN	mieli
mielestäni	NOUN	mieli
mielestään	NOUN	mieli
mieli	VERB	mieliä
mielialahäiriön	NOUN	mieli#ala#häiriö
mielijohteesta	NOUN	mieli#johde
mielikuvan	NOUN	mieli#kuva
mielikuvia	NOUN	mieli#kuva
mielikuvissa	NOUN	mieli#kuva
mielikuvituksellisimpia	ADJ	mieli#kuvituksellinen
mielikuvituksenne	NOUN	mieli#kuvitus
mielikuvituspoikaystävän	NOUN	mieli#kuvitus#poika#ystävä
mielikuvitusta	NOUN	mieli#kuvitus
mielin	NOUN	mieli
mielipahaa	NOUN	mieli#paha
mielipidemittauksesta	NOUN	mieli#pide#mittaus
mielipiteensä	NOUN	mieli#pide
mielipiteistä	NOUN	mieli#pide
mielipiteitä	NOUN	mieli#pide
mielissäni	ADV	mielissään
mielivaltaisena	ADJ	mieli#valtainen
mieliä	NOUN	mieli
miellettyjen	VERB	mieltää
miellettäisiin	VERB	mieltää
mielletään	VERB	mieltää
mielleyhtymät	NOUN	mielle#yhtymä
miellyttämisen	NOUN	miellyttäminen
miellyttävän	ADJ	miellyttävä
miellyttävät	ADJ	miellyttävä
miellyttävää	ADJ	miellyttävä
miellämme	VERB	mieltää
mieltä	NOUN	mieli
mieltään	NOUN	mieli
mieluisana	ADJ	mieluisa
mielummin	ADV	mieluummin
mieshän	NOUN	mies
mieskin	NOUN	mies
mieslaulajista	NOUN	mies#laulaja
miespuolisen	ADJ	mies#puolinen
miespuolisten	ADJ	mies#puolinen
miespääosan	NOUN	mies#pää#osa
miesten	NOUN	mies
miesten-	NOUN	mies
miestutkimuskin	NOUN	mies#tutkimus
miestä	NOUN	mies
miestäni	NOUN	mies
miestään	NOUN	mies
mietin	VERB	miettiä
mietinnän	NOUN	mietintä
mietinnöissä	NOUN	mietintö
mietinnön	NOUN	mietintö
mietinnössä	NOUN	mietintö
mietinnöstä	NOUN	mietintö
mietinnöstään	NOUN	mietintö
mietintöjen	NOUN	mietintä
mietintöluonnoksesta	NOUN	mietintö#luonnos
mietintöni	NOUN	mietintö
mietintönne	NOUN	mietintö
mietintöä	NOUN	mietintö
mietintöön	NOUN	mietintö
mietintöönsä	NOUN	mietintö
mietiskelyä	NOUN	mietiskely
mietittynä	VERB	miettiä
mietitään	VERB	miettiä
mietti	VERB	miettiä
miettiessään	VERB	miettiä
miettii	VERB	miettiä
miettijän	NOUN	miettijä
miettikää	VERB	miettiä
miettimässä	VERB	miettiä
miettimään	VERB	miettiä
miettinyt	VERB	miettiä
miettivät	VERB	miettiä
mihil	PRON	mikä
mihin	PRON	mikä
mihinkin	PRON	mikä
mihinkään	PRON	mikään
mihkään	PRON	mikään
mihranidi-dynastian	NOUN	mihranidi#dynastia
mihranidien	NOUN	mihranidi
miinalaivoissa	NOUN	miina#laiva
miinalaivojen	NOUN	miina#laiva
miinaupseerille	NOUN	miina#upseeri
miinuksella	NOUN	miinus
miinukselle	NOUN	miinus
miinuksen	NOUN	miinus
miinusmaahan	PROPN	Miinusmaa
miinuspuoleksi	NOUN	miinus#puoli
miinusta	NOUN	miinus
miittejä	NOUN	miitti
mikaa	PROPN	Mika
mikaelin	PROPN	Mikael
mikan	PROPN	Mika
mikasta	PROPN	Mika
mikkelin	PROPN	Mikkeli
mikkelinsaarilla	PROPN	Mikkelinsaaret
mikkelinsaarille	PROPN	Mikkelinsaaret
mikkelinsaarilta	PROPN	Mikkelinsaaret
mikkelinsaarista	PROPN	Mikkelinsaaret
mikkelinsaarten	PROPN	Mikkelinsaaret
mikkiin	NOUN	mikki
mikkosella	PROPN	Mikkonen
mikkosen	PROPN	Mikkonen
mikkosta	PROPN	Mikkonen
mikon	PROPN	Mikko
mikroaaltouunin	NOUN	mikro#aalto#uuni
mikroluokan	NOUN	mikro#luokka
mikroluokkaa	NOUN	mikro#luokka
mikropiirin	NOUN	mikro#piiri
mikroprosessorin	NOUN	mikro#prosessori
mikrossa	NOUN	mikro
miks	ADV	miksi
miksi	PRON	mikä
miksihän	ADV	miksi
mikähän	PRON	mikä
mikäs	PRON	mikä
milanosta	PROPN	Milano
milano–san	PROPN	Milano#San
militanttisella	ADJ	militanttinen
miljardeilla	NOUN	miljardi
miljardeissa	NOUN	miljardi
miljardia	NUM	miljardi
miljardien	NUM	miljardi
miljardin	NOUN	miljardi
miljardin	NUM	miljardi
miljardipanostuksia	NOUN	miljardi#panostus
miljardivelat	NOUN	miljardi#velka
miljoonaa	NUM	miljoona
miljoonaan	NUM	miljoona
miljoonakaupungit	NOUN	miljoona#kaupunki
miljoonakaupunkia	NOUN	miljoona#kaupunki
miljoonakaupunkien	NOUN	miljoona#kaupunki
miljoonalla	NUM	miljoona
miljoonalta	NUM	miljoona
miljoonan	NUM	miljoona
miljoonasosan	NOUN	miljoonas#osa
miljoonasta	NUM	miljoona
miljoonat	NUM	miljoona
miljoonia	NUM	miljoona
miljoonien	NUM	miljoona
miljoonista	NUM	miljoona
millaisen	ADJ	millainen
millaisena	ADJ	millainen
millaisesta	ADJ	millainen
millaiset	ADJ	millainen
millaisia	ADJ	millainen
millaisilla	ADJ	millainen
millaista	ADJ	millainen
millaisten	ADJ	millainen
mille	PRON	mikä
millekään	PRON	mikään
millimetrin	NOUN	milli#metri
millin	NOUN	milli
millisekunnin	NOUN	milli#sekunti
millä	PRON	mikä
milläs	PRON	mikä
millään	PRON	mikään
miltä	PRON	mikä
miltäpä	PRON	mikä
miltään	PRON	mikään
mim-23	SYM	MIM#23
mimmiä	NOUN	mimmi
mimmonen	ADJ	mimmoinen
mineraaliluomiväriä	NOUN	mineraali#luomi#väri
mineraalimeikkejä	NOUN	mineraali#meikki
mineraalista	NOUN	mineraali
mineralissiman	PROPN	Mineralissima
mini-lomalle	NOUN	mini#loma
miniatyyri-	NOUN	miniatyyri
minikokoisten	ADJ	mini#kokoinen
minilomalle	NOUN	mini#loma
miniluumutomaatteja	NOUN	mini#luumu#tomaatti
minimaalisella	ADJ	minimaalinen
minimi-yöunet	NOUN	minimi#yö#uni
minimimäärän	NOUN	minimi#määrä
minimitarjouskoron	NOUN	minimi#tarjous#korko
minimivalotusajalla	NOUN	minimi#valotus#aika
minimoidaan	VERB	minimoida
minimoimisesta	NOUN	minimoiminen
ministereidensä	NOUN	ministeri
ministerineuvostolle	NOUN	ministeri#neuvosto
ministeripäätöksessä	NOUN	ministeri#päätös
ministerivuosista	NOUN	ministeri#vuosi
ministeriä	NOUN	ministeri
ministeriöiden	NOUN	ministeriö
ministeriön	NOUN	ministeriö
minkä	PRON	mikä
minkähän	PRON	mikä
minkälaisen	ADJ	minkälainen
minkälaisia	ADJ	minkälainen
minkälaista	ADJ	minkälainen
minkään	PRON	mikään
minkäänlaisia	ADJ	minkäänlainen
minkäänlaista	ADJ	minkäänlainen
minnan	PROPN	Minna
minorin	PROPN	Minor
mintun	PROPN	Minttu
minua	PRON	minä
minulla	PRON	minä
minulle	PRON	minä
minulta	PRON	minä
minultakin	PRON	minä
minun	PRON	minä
minunkin	PRON	minä
minussa	PRON	minä
minussakin	PRON	minä
minusta	PRON	minä
minut	PRON	minä
minutkin	PRON	minä
minuttia	NOUN	minuutti
minuun	PRON	minä
minuuteista	NOUN	minuutti
minuutiksi	NOUN	minuutti
minuutin	NOUN	minuutti
minuutissa	NOUN	minuutti
minuutit	NOUN	minuutti
minuutteja	NOUN	minuutti
minuuttia	NOUN	minuutti
minähän	PRON	minä
minäkin	PRON	minä
minäkään	PRON	minä
minäpä	PRON	minä
mirianin	PROPN	Mirian
mississippin	PROPN	Mississippi
missä	PRON	mikä
missälieneejossain	PRON	mikä#lienee#jokin
missään	PRON	mikään
mist	PRON	mikä
mistä	PRON	mikä
mistään	PRON	mikään
mit:ssä	PROPN	MIT
mit:stä	PROPN	MIT
mitaleille	NOUN	mitali
mitalin	NOUN	mitali
mitalit	NOUN	mitali
mitalitilin	NOUN	mitali#tili
mitaltaan	NOUN	mitta
mitassa	NOUN	mitta
mitat	NOUN	mitta
mitataan	VERB	mitata
mitattavaa	VERB	mitata
mitattiin	VERB	mitata
mitattuna	VERB	mitata
mitatut	VERB	mitata
mithridateelle	PROPN	Mithridades
mithridateen	PROPN	Mithridates
mithridateesta	PROPN	Mithridates
mithridatekseltä	PROPN	Mithridates
mitkä	PRON	mikä
mitkään	PRON	mikään
mittaa	NOUN	mitta
mittaa	VERB	mitata
mittaamaan	VERB	mitata
mittaamalla	VERB	mitata
mittaamiseen	NOUN	mittaaminen
mittaamistaan	NOUN	mittaaminen
mittaan	NOUN	mitta
mittaili	VERB	mittailla
mittaiseksi	NOUN	mittainen
mittaisen	ADJ	mittainen
mittaista	ADJ	mittainen
mittakaavassa	NOUN	mitta#kaava
mittalaitteita	NOUN	mitta#laite
mittanne	NOUN	mitta
mittareilla	NOUN	mittari
mittasivat	VERB	mitata
mittasuhteiltaan	NOUN	mitta#suhde
mittasuhteisiin	NOUN	mitta#suhteet
mittausdatan	NOUN	mittaus#data
mittauspisteitä	NOUN	mittaus#piste
mittausryhmällä	NOUN	mittaus#ryhmä
mittavan	ADJ	mittava
mittelöt	NOUN	mittelö
mitä	PRON	mikä
mitähän	PRON	mikä
mitäkin	PRON	mikin
mitämitä	PRON	mikä
mitäs	PRON	mikä
mitättömänä	ADJ	mitätön
mitätöityvät	VERB	mitätöityä
mitää	PRON	mikään
mitään	PRON	mikään
mitäänsanomattomia	ADJ	mitään#sanomaton
mm-kilpailuissa	NOUN	MM#kilpailu
mm-kisat	NOUN	MM#kisa
mm-kisoissa	NOUN	MM#kisa
mm-kotikisoissa	NOUN	MM#koti#kisa
mm-kyykkä	NOUN	MM#kyykkä
mm-kyykän	NOUN	MM#kyykkä
mm-kyykässä	NOUN	MM#kyykkä
mm-sarjassakin	NOUN	MM#sarja
mmyös	ADV	myös
mobiilipalvelut	NOUN	mobiili#palvelu
mobiilista	ADJ	mobiili
mobilin	PROPN	Mobil
modausta	NOUN	modaus
modem-puolueen	NOUN	MoDem#puolue
moderneissa	ADJ	moderni
moderneja	ADJ	moderni
moderniksi	ADJ	moderni
modernismin	NOUN	modernismi
modernismista	NOUN	modernismi
modernisoitumisesta	NOUN	modernisoituminen
modernista	ADJ	moderni
moersin	PROPN	Moers
moisesta	ADJ	moinen
moiskauttamassa	VERB	moiskauttaa
moista	ADJ	moinen
moitimme	VERB	moittia
moitteetta	NOUN	moite
moitteettomalle	ADJ	moitteeton
moitteettoman	ADJ	moitteeton
moitti	VERB	moittia
mokkapintaiset	ADJ	mokka#pintainen
mokkasiinit	NOUN	mokkasiini
moldovan	PROPN	Moldova
molekulaarisen	ADJ	molekulaarinen
molekyylibiologiaa	NOUN	molekyyli#biologia
molekyylibiologian	NOUN	molekyyli#biologia
molemmilla	PRON	molemmat
molemmille	PRON	molemmat
molemmin	PRON	molemmat
molemmissa	PRON	molemmat
molempia	PRON	molemmat
molempien	PRON	molemmat
molla-lehmä	NOUN	Molla#lehmä
mollaa	PROPN	Molla
mollalle	PROPN	Molla
mollallekin	PROPN	Molla
mollan	PROPN	Molla
molvaniaa	PROPN	Molvania
molvaniaan	PROPN	Molvania
molvanian	PROPN	Molvania
monarkiaan	NOUN	monarkia
monarkian	NOUN	monarkia
monarkiasta	NOUN	monarkia
monarkistien	NOUN	monarkisti
monarkkina	NOUN	monarkki
moneen	PRON	moni
moneksi	PRON	moni
monella	PRON	moni
monellakin	PRON	moni
monelle	PRON	moni
monen	PRON	moni
monenlaiseen	ADJ	monenlainen
monenlaiset	ADJ	monenlainen
monenlaisia	ADJ	monenlainen
monenlaisissa	ADJ	monenlainen
monenlaisista	ADJ	monenlainen
monenlaisten	ADJ	monenlainen
monennessa	PRON	mones
monennetta	PRON	mones
monenväliseksi	ADJ	monenvälinen
monenväliset	ADJ	monenvälinen
monesko	PRON	mones
monessa	PRON	moni
monet	PRON	moni
monetkaan	PRON	moni
mongoliaan	PROPN	Mongolia
monia	PRON	moni
moniarvoisena	ADJ	moniarvoinen
moniarvoisesta	ADJ	moniarvoinen
moniarvoisuuden	NOUN	moni#arvoisuus
moniarvoisuudesta	NOUN	moniarvoisuus
monien	PRON	moni
moniin	PRON	moni
monijäsenisille	ADJ	moni#jäseninen
monikulttuurisia	ADJ	monikulttuurinen
monikulttuurisissa	ADJ	moni#kulttuurinen
monikulttuuristen	ADJ	monikulttuurinen
monikulttuurisuuden	NOUN	monikulttuurisuus
monilla	PRON	moni
monille	PRON	moni
monilta	PRON	moni
monilukuisina	ADJ	monilukuinen
monimuotoisemmiksi	ADJ	monimuotoinen
monimutkaisiin	ADJ	monimutkainen
monimutkaista	ADJ	monimutkainen
monimutkaistaneet	VERB	monimutkaistaa
monin	PRON	moni
moninaisilla	ADJ	moninainen
moniosaisessa	ADJ	moniosainen
monipuolisen	ADJ	monipuolinen
monipuolista	ADJ	monipuolinen
monipuolisten	ADJ	monipuolinen
monipuolistuessa	VERB	monipuolistua
monipuolisuutensa	NOUN	monipuolisuus
monissa	PRON	moni
monista	PRON	moni
monisteiden	NOUN	moniste
monisteita	NOUN	moniste
monistejäynän	NOUN	moniste#jäynä
monistetta	NOUN	moniste
monitahoisia	ADJ	moni#tahoinen
monitieteisempi	ADJ	moni#tieteinen
monitieteisen	ADJ	moni#tieteinen
monitieteisessä	ADJ	monitieteinen
monitieteisiä	ADJ	monitieteinen
monitieteistä	ADJ	moni#tieteinen
monitieteisyydestä	NOUN	monitieteisyys
monitoimikoneen	NOUN	monitoimikone
monivuotisesta	ADJ	moni#vuotinen
monivuotiset	ADJ	moni#vuotinen
monivuotisia	ADJ	moni#vuotinen
monivuotisiin	ADJ	moni#vuotinen
monivuotisissa	ADJ	moni#vuotinen
monivuotisten	ADJ	moni#vuotinen
monopoleista	NOUN	monopoli
monopoleja	NOUN	monopoli
monsterit	NOUN	monsteri
monta	PRON	moni
montako	PRON	moni
montanassa	PROPN	Montana
montenegroon	PROPN	Montenegro
montereynmäntyä	NOUN	montereyn#mänty
monteverdiksi	PROPN	Monteverd
monteverdille	PROPN	Monteverd
montrealin	PROPN	Montreal
montrealissa	PROPN	Montreal
monumenteissa	NOUN	monumentti
moody'silta	PROPN	Moody's
moody'sin	PROPN	Moody's
moolenaarilla	PROPN	Moolenaari
moolenaarin	PROPN	Moolenaari
moottoreiden	NOUN	moottori
moottoreihin	NOUN	moottori
moottoreita	NOUN	moottori
moottoriajoneuvoa	NOUN	moottori#ajo#neuvo
moottoriajoneuvoilla	NOUN	moottori#ajo#neuvo
moottoriajoneuvoja	NOUN	moottori#ajo#neuvo
moottoriajoneuvojen	NOUN	moottori#ajo#neuvo
moottoriajoneuvolla	NOUN	moottori#ajo#neuvo
moottoriajoneuvon	NOUN	moottori#ajo#neuvo
moottoriajoneuvot	NOUN	moottori#ajo#neuvo
moottorikäyttöisten	ADJ	moottori#käyttöinen
moottorikäyttöistä	ADJ	moottori#käyttöinen
moottorilla	NOUN	moottori
moottorin	NOUN	moottori
moottorina	NOUN	moottori
moottorintoimittaja	NOUN	moottori#toimittaja
moottoripyörien	NOUN	moottori#pyörä
moottoripyöriin	NOUN	moottori#pyörä
moottoripyöriä	NOUN	moottori#pyörä
moottoripyöriään	NOUN	moottori#pyörä
moottoripyöräluokan	NOUN	moottori#pyörä#luokka
moottoripyörää	NOUN	moottori#pyörä
moottorit	NOUN	moottori
moottoritiellä	NOUN	moottori#tie
moottoritoimista	ADJ	moottori#toiminen
moottoritorpedoveneissä	NOUN	moottori#torpedo#vene
moottoriurheilun	NOUN	moottori#urheilu
moraalisen	ADJ	moraalinen
moraalisia	ADJ	moraalinen
moraalisäännöt	NOUN	moraali#sääntö
moraalitonta	ADJ	moraaliton
morillonin	PROPN	Morillon
moskovaan	PROPN	Moskova
moskovalaiset	NOUN	moskovalainen
moskovan	PROPN	Moskova
moskovassa	PROPN	Moskova
motarin	NOUN	motari
motiivini	NOUN	motiivi
motionin	PROPN	Motion
motocrossin	NOUN	motocross
motocrossissa	NOUN	motocross
motocrosspyörät	NOUN	motocross#pyörä
motogp-sarjaan	NOUN	MotoGP#sarja
moton	NOUN	motto
motoparkissa	PROPN	Motoparkki
motoriseen	ADJ	motorinen
motorsin	PROPN	Motors
mottonsa	NOUN	motto
mouhijärven	PROPN	Mouhijärvi
moukarilla	NOUN	moukari
moules-annoksille	NOUN	moules#annos
mozzarellaa	NOUN	mozzarella
mozzarellapalloja	NOUN	mozzarella#pallo
mtv3-kanavalla	NOUN	MTV3#kanava
mtv3:lle	PROPN	MTV3
mtv3:n	PROPN	MTV3
mtv:llä	PROPN	MTV
mua	PRON	minä
muassaan	ADV	muassa
muhkealla	ADJ	muhkea
muiden	PRON	muu
muidenkin	PRON	muu
muihin	PRON	muu
muilla	PRON	muu
muille	PRON	muu
muillekin	PRON	muu
muilta	PRON	muu
muina	PRON	muu
muinaisen	ADJ	muinainen
muinaisjäännökset	NOUN	muinais#jäännös
muinaiskreikaksi	NOUN	muinais#kreikka
muinaismuistolain	NOUN	muinais#muisto#laki
muineen	PRON	muu
muissa	PRON	muu
muissakin	PRON	muu
muista	PRON	muu
muista	VERB	muistaa
muistaakseni	VERB	muistaa
muistaisi	VERB	muistaa
muistaisin	VERB	muistaa
muistakaa	VERB	muistaa
muistakin	PRON	muu
muistan	VERB	muistaa
muistaneen	VERB	muistaa
muistaneet	VERB	muistaa
muistanut	VERB	muistaa
muistat	VERB	muistaa
muistatko	VERB	muistaa
muistatte	VERB	muistaa
muistavatko	VERB	muistaa
muistelee	VERB	muistella
muistelemaan	VERB	muistella
muistelen	VERB	muistella
muistelevat	VERB	muistella
muistellaan	VERB	muistella
muistetaan	VERB	muistaa
muistettava	VERB	muistaa
muisti	VERB	muistaa
muistikapasiteettini	NOUN	muisti#kapasiteetti
muistikirjaa	NOUN	muisti#kirja
muistikuvia	NOUN	muisti#kuva
muistikuvien	NOUN	muisti#kuva
muistikykyyn	NOUN	muisti#kyky
muistin	VERB	muistaa
muistissa	NOUN	muisti
muistoihin	NOUN	muisto
muistoissa	NOUN	muisto
muistoja	NOUN	muisto
muistojaan	NOUN	muisto
muistojen	NOUN	muisto
muistoksi	NOUN	muisto
muistomerkin	NOUN	muisto#merkki
muistomitalilla	NOUN	muisto#mitali
muiston	NOUN	muisto
muistot	NOUN	muisto
muistutan	VERB	muistuttaa
muistutetaan	VERB	muistuttaa
muistutettava	VERB	muistuttaa
muistuttaneensa	VERB	muistuttaa
muistuttava	VERB	muistuttaa
muistuttavan	VERB	muistuttaa
muistuttavasta	VERB	muistuttaa
muistuttavat	VERB	muistuttaa
muistutti	VERB	muistuttaa
muistuttivat	VERB	muistuttaa
muistutuksia	NOUN	muistutus
muita	PRON	muu
muitakin	PRON	muu
mukaani	ADV	mukaan
mukaansa	ADP	mukaan
mukaansa	ADV	mukaan
mukaantulonsa	NOUN	mukaantulo
mukaelmasta	NOUN	mukaelma
mukaiseen	ADJ	mukainen
mukaiseksi	ADJ	mukainen
mukaisen	ADJ	mukainen
mukaiset	ADJ	mukainen
mukaisia	ADJ	mukainen
mukaisiin	ADJ	mukainen
mukaisiksi	ADJ	mukainen
mukaista	ADJ	mukainen
mukaisten	ADJ	mukainen
mukanaan	ADP	mukana
mukanaan	ADV	mukana
mukanamme	ADV	mukana
mukanani	ADV	mukana
mukautetaan	VERB	mukauttaa
mukautettava	VERB	mukauttaa
mukautettu	VERB	mukauttaa
mukauttamiseksi	NOUN	mukauttaminen
mukautukset	NOUN	mukautus
mukautuksia	NOUN	mukautus
mukautuksista	NOUN	mukautus
mukautunut	VERB	mukautua
mukautuu	VERB	mukautua
mukavaa	ADJ	mukava
mukavaan	ADJ	mukava
mukavahan	ADJ	mukava
mukavalla	ADJ	mukava
mukavalta	ADJ	mukava
mukavampaa	ADJ	mukava
mukavampi	ADJ	mukava
mukavan	ADJ	mukava
mukavat	ADJ	mukava
mukavia	ADJ	mukava
mukavuuspisteeni	NOUN	mukavuus#piste
mukavuutta	NOUN	mukavuus
mukillista	NOUN	mukillinen
mukisematta	VERB	mukista
mukit	NOUN	muki
muksuille	NOUN	muksu
mukulakivet	NOUN	mukula#kivi
mukulakiviä	NOUN	mukula#kivi
mul	PRON	minä
mulhacénista	PROPN	Mulhacén
mulkoiluiden	NOUN	mulkoilu
mull	PRON	minä
mulla	PRON	minä
mullan	NOUN	multa
mulle	PRON	minä
mullekin	PRON	minä
mullistavaa	ADJ	mullistava
mullistuu	VERB	mullistua
multa	PRON	minä
multiplexing-efekti	NOUN	multiplexing#efekti
mummoalusvaatteiden	NOUN	mummo#alus#vaate
mummol	NOUN	mummo
mummomökkiä	NOUN	mummo#mökki
mummon	NOUN	mummo
mummot	NOUN	mummo
mummuaan	NOUN	mummu
mummulassa	NOUN	mummula
mun	PRON	minä
munaa	NOUN	muna
munamankelista	NOUN	muna#mankeli
munan	NOUN	muna
munankuoria	NOUN	munan#kuori
munat	NOUN	muna
munia	NOUN	muna
munien	NOUN	muna
munii	VERB	munia
munille	NOUN	muna
munimat	VERB	munia
munivalle	ADJ	muniva
munuaiset	NOUN	munuainen
munuaisille	NOUN	munuainen
muodikkailla	ADJ	muodikas
muodikkaille	ADJ	muodikas
muodoissa	NOUN	muoto
muodoista	NOUN	muoto
muodolliseksi	ADJ	muodollinen
muodolliset	ADJ	muodollinen
muodollista	ADJ	muodollinen
muodollisuuksia	NOUN	muodollisuus
muodossa	NOUN	muoto
muodostaen	VERB	muodostaa
muodostama	VERB	muodostaa
muodostamaan	VERB	muodostaa
muodostamastaan	VERB	muodostaa
muodostamatta	VERB	muodostaa
muodostamia	VERB	muodostaa
muodostamien	VERB	muodostaa
muodostamiseksi	NOUN	muodostaminen
muodostava	VERB	muodostaa
muodostavan	VERB	muodostaa
muodostavat	VERB	muodostaa
muodostetaan	VERB	muodostaa
muodostettava	VERB	muodostaa
muodostettu	VERB	muodostaa
muodosti	VERB	muodostaa
muodostivat	VERB	muodostaa
muodostui	VERB	muodostua
muodostumiseen	NOUN	muodostuminen
muodostuneen	VERB	muodostua
muodostunutta	VERB	muodostua
muodostuu	VERB	muodostua
muodot	NOUN	muoto
muodottomiksi	ADJ	muodoton
muodottomuudessaan	NOUN	muodottomuus
muokanneet	VERB	muokata
muokattavaan	VERB	muokata
muokkaamista	NOUN	muokkaaminen
muokkaukseen	NOUN	muokkaus
muokkauksia	NOUN	muokkaus
muotijatrendit-salla	PROPN	Muotijatrendit#Salla
muotisuunnittelijan	NOUN	muoti#suunnittelija
muotitoimittajana	NOUN	muoti#toimittaja
muotoaan	NOUN	muoto
muotoile	VERB	muotoilla
muotoili	VERB	muotoilla
muotoillaan	VERB	muotoilla
muotoilluilla	VERB	muotoilla
muotoillut	VERB	muotoilla
muotoiluosastolle	NOUN	muotoilu#osasto
muotoilusta	NOUN	muotoilu
muotoilustipendin	NOUN	muotoilu#stipendi
muotoisen	ADJ	muotoinen
muotoisia	ADJ	muotoinen
muotoja	NOUN	muoto
muotojen	NOUN	muoto
muotokuvistaan	NOUN	muoto#kuva
muotoon	NOUN	muoto
muotovaahdot	NOUN	muoto#vaahto
muovasi	VERB	muovata
muovia	NOUN	muovi
muovin	NOUN	muovi
muovittavat	VERB	muovittaa
mureaa	ADJ	murea
murehdi	VERB	murehtia
murehdimme	VERB	murehtia
murehdita	VERB	murehtia
murekkeen	NOUN	mureke
murekkeesta	NOUN	mureke
murhaa	NOUN	murha
murhaamaan	VERB	murhata
murhaamisesta	NOUN	murhaaminen
murhan	NOUN	murha
murhasi	VERB	murhata
murhasivat	VERB	murhata
murhat	NOUN	murha
murhatuksi	VERB	murhata
murhautti	VERB	murhauttaa
murheet	NOUN	murhe
murhenäytelmästä	NOUN	murhe#näytelmä
murphyn	PROPN	Murphy
murretta	NOUN	murre
murretun	VERB	murtaa
murrokseen	NOUN	murros
murroksen	NOUN	murros
murruttua	VERB	murtua
mursi	VERB	murtaa
murskaantuneet	VERB	murskaantua
murskaisi	VERB	murskata
murskasi	VERB	murskata
murskasin	VERB	murskata
murtautui	VERB	murtautua
murtautumaan	VERB	murtautua
murteenpuhujat	NOUN	murteen#puhuja
murteet	NOUN	murre
murteisiin	NOUN	murre
murto-osa	NOUN	murto#osa
murtuman	NOUN	murtuma
murtumassa	VERB	murtua
murtumien	NOUN	murtuma
murtunut	VERB	murtua
museon	NOUN	museo
museoviraston	NOUN	museo#virasto
musertavalla	ADJ	musertava
musertumaan	VERB	musertua
musiikilla	NOUN	musiikki
musiikin	NOUN	musiikki
musiikissa	NOUN	musiikki
musiikista	NOUN	musiikki
musiikkia	NOUN	musiikki
musiikkialan	NOUN	musiikki#ala
musiikkibusineksessa	NOUN	musiikki#business
musiikkiesityksiin	NOUN	musiikki#esitys
musiikkiin	NOUN	musiikki
musiikkikasvatuksen	NOUN	musiikki#kasvatus
musiikkikirjastosta	NOUN	musiikki#kirjasto
musiikkiteoksen	NOUN	musiikki#teos
musiikkiteoksista	NOUN	musiikki#teos
musiikkitilaisuuteen	NOUN	musiikki#tilaisuus
musiikkivideot	NOUN	musiikki#video
muskelimiehet	NOUN	muskeli#mies
musketteja	NOUN	musketti
muskettisodissa	NOUN	musketti#sota
muslimeista	NOUN	muslimi
muslimeja	NOUN	muslimi
muslimiasukasta	NOUN	muslimi#asukas
muslimiterrorismiin	NOUN	muslimi#terrorismi
musta	PRON	minä
mustaa	ADJ	musta
mustaa	NOUN	musta
mustajoen	PROPN	Mustajoki
mustalaislapset	NOUN	mustalais#lapsi
mustalla	NOUN	musta
mustalle	ADJ	musta
mustalle	NOUN	musta
mustan	ADJ	musta
mustan	NOUN	musta
mustan	PROPN	Musta
mustanaan	ADJ	musta
mustanmeren	PROPN	Mustameri
mustapippuria	NOUN	musta#pippuri
mustapippurilla	NOUN	musta#pippuri
mustapippurirouhetta	NOUN	mustapippuri#rouhe
mustapunaisiksi	ADJ	musta#punainen
mustasaaren	PROPN	Mustasaari
mustasta	ADJ	musta
mustasukkaisia	ADJ	musta#sukkainen
mustasukkaisuudesta	NOUN	mustasukkaisuus
mustasukkaisuuteen	NOUN	mustasukkaisuus
mustat	ADJ	musta
mustatusta	VERB	mustata
mustavalkoiseen	ADJ	musta#valkoinen
mustavalkoisella	ADJ	musta#valkoinen
musteella	NOUN	muste
mustekynällä	NOUN	muste#kynä
mustelman	NOUN	mustelma
mustia	ADJ	musta
mustien	ADJ	musta
mustikalla	NOUN	mustikka
mustikan	NOUN	mustikka
mustikasta	NOUN	mustikka
mustikkaa	NOUN	mustikka
mustikoiden	NOUN	mustikka
mustilla	NOUN	musta
mut	ADV	mutta
mut	CCONJ	mutta
mut	PRON	minä
mut	SCONJ	mutta
mutaiset	ADJ	mutainen
mutaisia	ADJ	mutainen
mutaisien	ADJ	mutainen
mutaisissa	ADJ	mutainen
mutaisten	ADJ	mutainen
mutanttien	NOUN	mutantti
mutapohjalla	NOUN	muta#pohja
mutasella	ADJ	mutainen
mutisen	VERB	mutista
mutisi	VERB	mutista
mutkaa	NOUN	mutka
mutkaisia	ADJ	mutkainen
mutkan	NOUN	mutka
mutkikkaampi	ADJ	mutkikas
mutkistuva	VERB	mutkistua
mutristamisella	NOUN	mutristaminen
mutrusuina	NOUN	mutru#suu
muuallakaan	ADV	muualla
muuassa	ADV	muassa
muuhun	PRON	muu
muuhunkin	PRON	muu
muukaan	PRON	muu
muukalaisvastaisuuteen	NOUN	muukalais#vastaisuus
muukin	PRON	muu
muulla	PRON	muu
muullakin	PRON	muu
muulle	PRON	muu
muulta	PRON	muu
muun	PRON	muu
muuna	PRON	muu
muunakin	PRON	muu
muunlaista	ADJ	muunlainen
muunnelmana	NOUN	muunnelma
muunnelmissa	NOUN	muunnelma
muurahaiset	NOUN	muurahainen
muurarilla	NOUN	muurari
muurilta	NOUN	muuri
muurin	NOUN	muuri
muusikoiden	NOUN	muusikko
muusikon	NOUN	muusikko
muusikot	NOUN	muusikko
muussa	PRON	muu
muussakin	PRON	muu
muusta	PRON	muu
muustakaan	PRON	muu
muut	PRON	muu
muuta	PRON	muu
muutakaan	PRON	muu
muutakin	PRON	muu
muutamaa	PRON	muutama
muutamaksi	PRON	muutama
muutaman	PRON	muutama
muutamassa	PRON	muutama
muutamat	PRON	muutama
muutamia	PRON	muutama
muutamien	PRON	muutama
muutamilla	PRON	muutama
muutamissa	PRON	muutama
muutamista	PRON	muutama
muutan	VERB	muuttaa
muuteltu	VERB	muutella
muutenkaan	ADV	muuten
muutenkin	ADV	muuten
muuteta	VERB	muuttaa
muutetaan	VERB	muuttaa
muutettaisiin	VERB	muuttaa
muutettava	VERB	muuttaa
muutettavaksi	VERB	muuttaa
muutettiin	VERB	muuttaa
muutettu	VERB	muuttaa
muutettuna	VERB	muuttaa
muutetun	VERB	muuttaa
muutin	VERB	muuttaa
muutkin	PRON	muu
muutokselle	NOUN	muutos
muutoksen	NOUN	muutos
muutoksenalainen	ADJ	muutos#alainen
muutoksessa	NOUN	muutos
muutoksesta	NOUN	muutos
muutokset	NOUN	muutos
muutoksia	NOUN	muutos
muutoksiin	NOUN	muutos
muutoksista	NOUN	muutos
muuton	NOUN	muutto
muutosesitykseen	NOUN	muutos#esitys
muutosesityksistä	NOUN	muutos#esitys
muutosesitystä	NOUN	muutos#esitys
muutosjohtajia	NOUN	muutos#johtaja
muutosta	NOUN	muutos
muutosten	NOUN	muutos
muutostöitä	NOUN	muutos#työ
muutosvoimana	NOUN	muutos#voima
muuttaessani	VERB	muuttaa
muuttaisi	VERB	muuttaa
muuttaisin	VERB	muuttaa
muuttamaan	VERB	muuttaa
muuttamalla	VERB	muuttaa
muuttamassa	VERB	muuttaa
muuttamisella	NOUN	muuttaminen
muuttamisesta	NOUN	muuttaminen
muuttavansa	VERB	muuttaa
muuttavat	VERB	muuttaa
muutti	VERB	muuttaa
muuttivat	VERB	muuttaa
muuttoliikeiden	NOUN	muutto#liike
muuttoliikeilmiöiden	NOUN	muutto#liike#ilmiö
muuttoliikettä	NOUN	muutto#liike
muuttoliikkeen	NOUN	muutto#liike
muuttoliikkeeseen	NOUN	muutto#liike
muuttoliikkeiden	NOUN	muutto#liike
muuttoliikkeitä	NOUN	muutto#liike
muuttolintuja	NOUN	muutto#lintu
muuttovirtojen	NOUN	muutto#virta
muuttui	VERB	muuttua
muuttuivat	VERB	muuttua
muuttujat	NOUN	muuttuja
muuttujia	NOUN	muuttuja
muuttujien	NOUN	muuttuja
muuttumassa	VERB	muuttua
muuttumattomana	ADJ	muuttumaton
muuttuneeseen	VERB	muuttua
muuttuneet	VERB	muuttua
muuttuneista	VERB	muuttua
muuttunut	VERB	muuttua
muuttuu	VERB	muuttua
muuttuvan	VERB	muuttua
muuttuvani	VERB	muuttua
muuttuvansa	VERB	muuttua
muuttuvat	ADJ	muuttuva
muuttuvat	VERB	muuttua
muutu	VERB	muuttua
muutuin	VERB	muuttua
muutun	VERB	muuttua
muzion	PROPN	Muzio
myanmarin	PROPN	Myanmar
myhäilee	VERB	myhäillä
myi	VERB	myydä
myin	VERB	myydä
myivät	VERB	myydä
mykistykseksi	NOUN	mykistys
mykkyrässä	NOUN	mykkyrä
mykkäelokuvan	NOUN	mykkä#elo#kuva
mykkäkouluna	NOUN	mykkä#koulu
mykotoksiinin	PROPN	mykotoksiini
mylleriä	PROPN	Myller
myllertämään	VERB	myllertää
myllyjokeen	PROPN	Myllyjoki
myllykosken	PROPN	Myllykoski
myllyyn	NOUN	mylly
myllyä	NOUN	mylly
myrkkyjä	NOUN	myrkky
myrkkyä	NOUN	myrkky
myrkyllisen	ADJ	myrkyllinen
myrkyllisiä	ADJ	myrkyllinen
myrkyt	NOUN	myrkky
myrkytykseen	NOUN	myrkytys
myrkytysvaikutuksia	NOUN	myrkytys#vaikutus
myrskyää	VERB	myrskytä
myskintuoksua	NOUN	myskin#tuoksu
myskintuoksuiseen	ADJ	myskin#tuoksuinen
myskiä	NOUN	myski
mysql-tietokannassa	NOUN	MySQL#tieto#kanta
myssyt	NOUN	myssy
mystifioinut	VERB	mystifioida
myy	VERB	myydä
myydyin	ADJ	myyty
myydään	VERB	myydä
myyjien	NOUN	myyjä
myyjälle	NOUN	myyjä
myyjästä	NOUN	myyjä
myyjät	NOUN	myyjä
myymistä	NOUN	myyminen
myymäläautoa	NOUN	myymälä#auto
myymäläautoissa	NOUN	myymälä#auto
myymäläautoja	NOUN	myymälä#auto
myymäläautojen	NOUN	myymälä#auto
myymäläauton	NOUN	myymälä#auto
myymäläkopioita	NOUN	myymälä#kopio
myymälöiden	NOUN	myymälä
myymälöitä	NOUN	myymälä
myymästä	VERB	myydä
myymään	VERB	myydä
myyneet	VERB	myydä
myynnin	NOUN	myynti
myynnissä	NOUN	myynti
myynnistä	NOUN	myynti
myynti-	NOUN	myynti
myyntiajan	NOUN	myynti#aika
myyntihetkellä	NOUN	myynti#hetki
myyntihinnan	NOUN	myynti#hinta
myyntiin	NOUN	myynti
myyntikustannusten	NOUN	myynti#kustannus
myyntilupatoimintojen	NOUN	myynti#lupa#toiminto
myyntinsä	NOUN	myynti
myyntipisteissä	NOUN	myynti#piste
myyntisuosituksen	NOUN	myynti#suositus
myyntivirkailijan	NOUN	myynti#virkailija
myyntivoitot	NOUN	myynti#voitto
myyntiä	NOUN	myynti
myynyt	VERB	myydä
myyrät	NOUN	myyrä
myyt	VERB	myydä
myytiin	VERB	myydä
myytiinkö	VERB	myydä
myytissä	NOUN	myytti
myyttisen	ADJ	myyttinen
myyttiset	ADJ	myyttinen
myyttistä	ADJ	myyttinen
myyty	VERB	myydä
myytyjen	ADJ	myyty
myytyjen	VERB	myydä
myytyyn	VERB	myydä
myytäviksi	VERB	myydä
myytäviä	VERB	myydä
myytävä	VERB	myydä
myytäväksi	VERB	myydä
myytävänä	VERB	myydä
myyvien	VERB	myydä
myyviä	VERB	myydä
myyvänsä	VERB	myydä
myöhemmistä	ADJ	myöhä
myöhemmän	ADJ	myöhä
myöhemmässä	ADJ	myöhä
myöhemmät	ADJ	myöhä
myöhempään	ADJ	myöhä
myöhäisellä	ADJ	myöhäinen
myöhäisestä	ADJ	myöhäinen
myöhäisillan	NOUN	myöhäis#ilta
myöhäistä	ADJ	myöhäinen
myöhästelee	VERB	myöhästellä
myöhästyivät	VERB	myöhästyä
myöhästymiseni	NOUN	myöhästyminen
myöhästymisestä	NOUN	myöhästyminen
myöhästymiset	NOUN	myöhästyminen
myöhästymistäni	NOUN	myöhästyminen
myöhästynyt	VERB	myöhästyä
myönnettiin	VERB	myöntää
myönnetty	VERB	myöntää
myönnettävä	VERB	myöntää
myönnetyn	VERB	myöntää
myönnetyt	VERB	myöntää
myönnetä	VERB	myöntää
myönnetääan	VERB	myöntää
myönnetään	VERB	myöntää
myönnytyksen	NOUN	myönnytys
myönnytyksiä	NOUN	myönnytys
myönsi	VERB	myöntää
myönsivät	VERB	myöntää
myönteisellä	ADJ	myönteinen
myönteisemmin	ADV	myönteisesti
myönteisen	ADJ	myönteinen
myönteisenä	ADJ	myönteinen
myönteiset	ADJ	myönteinen
myönteisistä	ADJ	myönteinen
myönteisiä	ADJ	myönteinen
myönteisten	ADJ	myönteinen
myönteistä	ADJ	myönteinen
myöntämiselle	NOUN	myöntäminen
myöntämisen	NOUN	myöntäminen
myöntämisestä	NOUN	myöntäminen
myöntämä	VERB	myöntää
myöntämällä	VERB	myöntää
myöntämän	VERB	myöntää
myöntämään	VERB	myöntää
myöntänyt	VERB	myöntää
myöntävät	VERB	myöntää
myötäilevää	VERB	myötäillä
myötätuntoa	NOUN	myötä#tunto
mä	PRON	minä
mäelle	NOUN	mäki
mäen	NOUN	mäki
mäen	PROPN	Mäki
mäenlaskukilpailun	NOUN	mäen#lasku#kilpailu
mäennyppylälle	NOUN	mäen#nyppylä
mäenpäällä	PROPN	mäenpää
mäessä	NOUN	mäki
mäkelän	PROPN	Mäkelä
mäkelää	PROPN	Mäkelä
mäkiselle	PROPN	Mäkinen
mäkisellä	PROPN	Mäkinen
mäkisen	PROPN	Mäkinen
mäkiä	NOUN	mäki
mäkätyksenä	NOUN	mäkätys
männy	VERB	mennä
männyn	NOUN	mänty
männynjuuren	PROPN	Männynjuuri
mänty-	NOUN	mänty
mäntylajikkeita	NOUN	mänty#lajike
mäntyä	NOUN	mänty
märillä	ADJ	märkä
märkinä	ADJ	märkä
märkiä	ADJ	märkä
märkäajon	NOUN	märkä#ajo
märkää	ADJ	märkä
märäksi	ADJ	märkä
märät	ADJ	märkä
mättänen	PROPN	Määttänen
mätäne	VERB	mädätä
mää	PRON	minä
määrien	NOUN	määrä
määrin	PROPN	Määri
määristä	NOUN	määrä
määritellyistä	VERB	määritellä
määritellyn	VERB	määritellä
määritellään	VERB	määritellä
määritelmiin	NOUN	määritelmä
määritelmän	NOUN	määritelmä
määritelmässä	NOUN	määritelmä
määritelmät	NOUN	määritelmä
määriteltiin	VERB	määritellä
määritelty	VERB	määritellä
määriteltäessä	VERB	määritellä
määriteltävä	VERB	määritellä
määritetty	VERB	määrittää
määritettäessä	VERB	määrittää
määritettävä	VERB	määrittää
määritetään	VERB	määrittää
määrittelee	VERB	määritellä
määrittelemiinsä	VERB	määritellä
määrittelemisessä	NOUN	määritteleminen
määrittelemää	VERB	määritellä
määrittelen	VERB	määritellä
määrittelevät	VERB	määritellä
määritteli	VERB	määritellä
määrittelyjen	NOUN	määrittely
määrittelyssä	NOUN	määrittely
määrittelyyn	NOUN	määrittely
määritti	VERB	määrittää
määrittäessään	VERB	määrittää
määrittämiseksi	NOUN	määrittäminen
määrittämisessä	NOUN	määrittäminen
määrittämään	VERB	määrittää
määrittäneet	VERB	määrittää
määrittävään	VERB	määrittää
määritykseen	NOUN	määritys
määrityksen	NOUN	määritys
määrityksessä	NOUN	määritys
määrityksiin	NOUN	määritys
määritä	VERB	määrittää
määriä	NOUN	määrä
määräaikaan	NOUN	määrä#aika
määräaikaiseen	ADJ	määrä#aikainen
määräaikaiskertomuksessa	NOUN	määrä#aikais#kertomus
määräaikoja	NOUN	määrä#aika
määräajaksi	NOUN	määrä#aika
määräajan	NOUN	määrä#aika
määräajassa	NOUN	määrä#aika
määräajasta	NOUN	määrä#aika
määräajat	NOUN	määrä#aika
määräenemmistöllä	NOUN	määrä#enemmistö
määräenemmistöpäätöstä	NOUN	määrä#enemmistö#päätös
määräile	VERB	määräillä
määräksi	NOUN	määrä
määrällisiä	ADJ	määrällinen
määrällä	NOUN	määrä
määrältään	NOUN	määrä
määrän	NOUN	määrä
määränpäähämme	NOUN	määrän#pää
määräpaikkaan	NOUN	määrä#paikka
määrärahan	NOUN	määrä#raha
määrärahoja	NOUN	määrä#raha
määräsi	VERB	määrätä
määrässä	NOUN	määrä
määrästä	NOUN	määrä
määrät	NOUN	määrä
määrätietoisemmin	ADV	määrä#tietoisesti
määrätietoista	ADJ	määrä#tietoinen
määrätietoisuudesta	NOUN	määrä#tietoisuus
määrättiin	VERB	määrätä
määrätty	VERB	määrätä
määrättyjen	VERB	määrätä
määrättyä	VERB	määrätä
määrättävä	VERB	määrätä
määrättävästä	VERB	määrätä
määrätyissä	VERB	määrätä
määrätyllä	VERB	määrätä
määrätyt	VERB	määrätä
määrätään	VERB	määrätä
määräyksellä	NOUN	määräys
määräyksen	NOUN	määräys
määräyksestä	NOUN	määräys
määräykset	NOUN	määräys
määräyksiä	NOUN	määräys
määräysten	NOUN	määräys
määräystä	NOUN	määräys
määräytyi	VERB	määräytyä
määräytyvät	VERB	määräytyä
määräytyy	VERB	määräytyä
määrää	NOUN	määrä
määrää	VERB	määrätä
määrään	NOUN	määrä
määräävää	ADJ	määräävä
määttäselle	PROPN	Määttänen
määttäsen	PROPN	Määttänen
määttästä	PROPN	Määttänen
mårtenia	PROPN	Mårten
mårtenilla	PROPN	Mårten
mårtenin	PROPN	Mårten
mökille	NOUN	mökki
mökillä	NOUN	mökki
mökillään	NOUN	mökki
mökinranta	NOUN	mökki#ranta
mökkejään	NOUN	mökki
mökki-	NOUN	mökki
mökkiteillä	NOUN	mökki#tie
mönjät	NOUN	mönjä
mörköä	NOUN	mörkö
möttölälle	PROPN	Möttölä
möttölällä	PROPN	Möttölä
mööpelin	NOUN	mööpeli
mūsikēn	NOUN	mūsikē
n	X	_
naamaa	NOUN	naama
naamaan	NOUN	naama
naamaani	NOUN	naama
naamaasi	NOUN	naama
naamalleni	NOUN	naama
naamalta	NOUN	naama
naaman	NOUN	naama
naamani	NOUN	naama
naamioitu	VERB	naamioida
naamioituneesta	VERB	naamioitua
naamioituvat	VERB	naamioitua
naantalin	PROPN	Naantali
naapuriasemasta	NOUN	naapuri#asema
naapurimaassa	NOUN	naapuri#maa
naapurimaille	NOUN	naapuri#maa
naapurimaissa	NOUN	naapuri#maa
naapurin	NOUN	naapuri
naapurinsa	NOUN	naapuri
naapurirappuun	NOUN	naapuri#rappu
naapurireviiriläiset	NOUN	naapuri#reviiriläinen
naapurissa	NOUN	naapuri
naapurista	NOUN	naapuri
naapurit	NOUN	naapuri
naapuritilalla	NOUN	naapuri#tila
naapurivaltioon	NOUN	naapuri#valtio
naapurustossa	NOUN	naapurusto
naapurustosta	NOUN	naapurusto
naapuruuspolitiikassa	NOUN	naapuruus#politiikka
naapuruuspolitiikkaa	NOUN	naapuruus#politiikka
naaraan	NOUN	naaras
naaraat	NOUN	naaras
naaraiden	NOUN	naaras
naaran	NOUN	naaras
nablameloniyllätyksen	NOUN	nabla#meloni#yllätys
nafon	PROPN	NAFO
naftaa	NOUN	nafta
nahan	NOUN	nahka
nahkaa	NOUN	nahka
nahkasaappaat	NOUN	nahka#saapas
nahkatakin	NOUN	nahka#takki
nahoissaan	NOUN	nahka
nai	VERB	naida
naiiviin	ADJ	naiivi
nainenkin	NOUN	nainen
naiseen	NOUN	nainen
naisella	NOUN	nainen
naiselle	NOUN	nainen
naiselta	NOUN	nainen
naisen	NOUN	nainen
naisesta	NOUN	nainen
naiset	NOUN	nainen
naishuippuhiihtäjistä	NOUN	nais#huippu#hiihtäjä
naisia	NOUN	nainen
naisiin	NOUN	nainen
naisiksi	NOUN	nainen
naisilla	NOUN	nainen
naisille	NOUN	nainen
naisista	NOUN	nainen
naiskaupasta	NOUN	nais#kauppa
naisopiskelijat	NOUN	nais#opiskelija
naisparit	NOUN	nais#pari
naispuolisena	ADJ	nais#puolinen
naisskandaalia	NOUN	nais#skandaali
naista	NOUN	nainen
naisten	NOUN	nainen
naistenlehden	NOUN	naisten#lehti
naistenpäivän	NOUN	naisten#päivä
naistenpäivää	NOUN	naisten#päivä
naistutkijoita	NOUN	nais#tutkija
naistutkimukselle	NOUN	nais#tutkimus
naistutkimuksen	NOUN	nais#tutkimus
naistutkimuksesta	NOUN	nais#tutkimus
naisvallan	NOUN	nais#valta
naisvalokuvaajaksi	NOUN	nais#valokuvaaja
naisvoimistelijoita	NOUN	nais#voimistelija
nakeista	NOUN	nakki
nakit	NOUN	nakki
nakkaan	VERB	nakata
nakkelivat	VERB	nakella
nakkiin	NOUN	nakki
nakkisormetkin	NOUN	nakki#sormi
namusetä-jlon	PROPN	namusetä#JLo
namysłowskin	PROPN	Namysłowski
nanan	PROPN	Nana
napansa	NOUN	napa
napanöyhtäänsä	NOUN	napa#nöyhtä
napapaitojen	NOUN	napa#paita
napattu	VERB	napata
napin	NOUN	nappi
napinläpeä	NOUN	napin#läpi
napista	NOUN	nappi
napit	NOUN	nappi
napitettuna	VERB	napittaa
napoleonin	PROPN	Napoleon
nappaan	VERB	napata
nappaisi	VERB	napata
nappejakin	NOUN	nappi
nappia	NOUN	nappi
nappien	NOUN	nappi
nappisilmät	NOUN	nappi#silmä
nappulaa	NOUN	nappula
nappulan	NOUN	nappula
napsaistua	VERB	napsaista
napsakkaan	ADJ	napakka
napsii	VERB	napsia
naputellut	VERB	naputella
narikkajonossa	NOUN	narikka#jono
narisee	VERB	narista
narisevasta	ADJ	nariseva
narkkarit	NOUN	narkkari
narua	NOUN	naru
narujen	NOUN	naru
narun	NOUN	naru
narut	NOUN	naru
nasaretista	PROPN	Nasaret
naseviin	ADJ	naseva
nastolan	PROPN	Nastola
nationalin	PROPN	National
nationalistisista	ADJ	nationalistinen
natisevasta	ADJ	natiseva
nato-jäsenyyden	NOUN	Nato#jäsenyys
nato:n	NOUN	NATO
naton	PROPN	Nato
natoon	PROPN	Nato
natseihin	NOUN	natsi
natseille	NOUN	natsi
natseja	NOUN	natsi
natsi-ideologiaan	NOUN	natsi#ideologia
natsi-saksa	PROPN	natsi#Saksa
natsi-saksan	PROPN	natsi#Saksa
natsi-saksassa	PROPN	natsi#Saksa
natsien	NOUN	natsi
natsihallintoa	NOUN	natsi#hallinto
natsikorttikin	NOUN	natsi#kortti
natsiksi	NOUN	natsi
natsina	NOUN	natsi
natsipuolueeseen	NOUN	natsi#puolue
natsismiin	NOUN	natsismi
natsismille	NOUN	natsismi
naudan	NOUN	nauta
nauhat	NOUN	nauha
nauhattomat	ADJ	nauhaton
nauhoitettiin	VERB	nauhoittaa
nauhoittamia	VERB	nauhoittaa
nauhoitusten	NOUN	nauhoitus
naulasin	VERB	naulata
naura	VERB	nauraa
nauraakin	VERB	nauraa
nauraen	VERB	nauraa
naurahteli	VERB	naurahdella
naurahti	VERB	naurahtaa
nauramme	VERB	nauraa
nauranut	VERB	nauraa
naurat	VERB	nauraa
naurata	VERB	naurattaa
nauratakaan	VERB	naurattaa
nauratti	VERB	naurattaa
nauretaan	VERB	nauraa
naurettavan	ADJ	naurettava
naurettu	VERB	nauraa
nauroi	VERB	nauraa
nauroivat	VERB	nauraa
naurut	NOUN	nauru
nautaeläinten	NOUN	nauta#eläin
nautin	VERB	nauttia
nautinnollisen	ADJ	nautinnollinen
nautinnollista	ADJ	nautinnollinen
nautinnon	NOUN	nautinto
nautinnosta	NOUN	nautinto
nautintoa	NOUN	nautinto
nautintojen	NOUN	nautinto
nautiskelen	VERB	nautiskella
nautittaviksi	VERB	nauttia
nautittavuuden	NOUN	nautittavuus
nautittiin	VERB	nauttia
nautittu	VERB	nauttia
nautittua	VERB	nauttia
nauttii	VERB	nauttia
nauttiin	VERB	nauttia
nauttimaan	VERB	nauttia
nauttimia	VERB	nauttia
nauttimisella	NOUN	nauttiminen
nauttinut	VERB	nauttia
nauttisikaan	VERB	nauttia
nauttivan	VERB	nauttia
nauttivat	VERB	nauttia
navakassa	ADJ	navakka
navarran	PROPN	Navarra
navastani	NOUN	napa
navetan	NOUN	navetta
navetasssa	NOUN	navetta
navettaan	NOUN	navetta
naši-järjestö	NOUN	Naši#järjestö
naši-mielenosoitus	NOUN	Naši#mielen#osoitus
naši-nuorisojärjestön	NOUN	Naši#nuoriso#järjestö
naši-ryhmän	NOUN	Naši#ryhmä
našin	PROPN	Naši
nba:ssa	PROPN	NBA
ne	PRON	se
negatiiviseen	ADJ	negatiivinen
negatiivisella	ADJ	negatiivinen
negatiivisen	ADJ	negatiivinen
negatiiviset	ADJ	negatiivinen
negatiivista	ADJ	negatiivinen
negatiivistakin	ADJ	negatiivinen
negatiivisten	ADJ	negatiivinen
nekin	PRON	se
nelisensataa	NUM	nelisen#sata
nelisylinteristä	ADJ	neli#sylinterinen
neliöhintojen	NOUN	neliö#hinta
neliökilometrin	NOUN	neliö#kilo#metri
neliökilometriä	NOUN	neliö#kilo#metri
neliöltä	NOUN	neliö
neliömetrin	NOUN	neliö#metri
neliön	NOUN	neliö
neljäkymmentäyhdeksän	NUM	neljä#kymmenen#yhdeksän
neljälle	NUM	neljä
neljällä	NUM	neljä
neljän	NUM	neljä
neljänkymmenen	NUM	neljä#kymmenen
neljänneksellä	NOUN	neljännes
neljänneksen	NOUN	neljännes
neljänneksestä	NOUN	neljännes
neljänneksi	ADJ	neljäs
neljännellä	ADJ	neljäs
neljännen	ADJ	neljäs
neljännessä	ADJ	neljäs
neljännesvuosia	NOUN	neljännes#vuosi
neljännesvuosittaisen	ADJ	neljännes#vuosittainen
neljännet	ADJ	neljäs
neljänteen	ADJ	neljäs
neljäntenä	ADJ	neljäs
neljänä	NUM	neljä
neljästä	NUM	neljä
neljättä	ADJ	neljäs
neljää	NUM	neljä
neljään	NUM	neljä
nelosella	PROPN	Nelonen
nelosluokan	NOUN	nelos#luokka
nelosta	NOUN	nelonen
nelosten	NOUN	nelonen
nelostielle	NOUN	nelos#tie
nelsonin	PROPN	Nelson
nenäliinoista	NOUN	nenä#liina
nenäliinoja	NOUN	nenä#liina
nenällämme	NOUN	nenä
nenällään	NOUN	nenä
nenämme	NOUN	nenä
nenäni	NOUN	nenä
nenänsä	NOUN	nenä
nenässä	NOUN	nenä
neofasismiin	NOUN	neofasismi
neonatsismiin	NOUN	neonatsismi
nepalissa	PROPN	Nepal
neptunusten	NOUN	neptunus
nerehta-	PROPN	Nerehta
nerehtan	PROPN	Nerehta
nerehtasta	PROPN	Nerehta
nerokkainkin	ADJ	nerokas
neroksi	NOUN	nero
nesteellä	NOUN	neste
nesteellä	PROPN	Neste
nesteen	NOUN	neste
nesteen	PROPN	Neste
nesteeseen	NOUN	neste
nestemäisiä	ADJ	nestemäinen
nestemäistä	ADJ	nestemäinen
nestettä	NOUN	neste
netin	NOUN	netti
netissä	NOUN	netti
netistä	NOUN	netti
nettikapasiteettia	NOUN	netti#kapasiteetti
nettikeskustelussa	NOUN	netti#keskustelu
nettikirjoittajakoulun	NOUN	netti#kirjoittaja#koulu
nettipelaamiseen	NOUN	netti#pelaaminen
nettipelaamisen	NOUN	netti#pelaaminen
nettipokerin	NOUN	netti#pokeri
nettisivujen	NOUN	netti#sivu
nettotuotoissa	NOUN	netto#tuotto
nettotuotot	NOUN	netto#tuotto
neulasiin	NOUN	neulanen
neulasta	NOUN	neulanen
neulasten	NOUN	neulanen
neuleen	NOUN	neule
neuletakin	NOUN	neule#takki
neuletakkiin	NOUN	neule#takki
neuloin	VERB	neuloa
neurologiset	ADJ	neurologinen
neurologisia	ADJ	neurologinen
neurosiksen	PROPN	Neurosis
neurotieteen	NOUN	neurotiede
neutraaleja	ADJ	neutraali
neuvoa	NOUN	neuvo
neuvoa-antavaa	ADJ	neuvoa-antava
neuvoa-antavan	ADJ	neuvoa-antava
neuvoi	VERB	neuvoa
neuvoja	NOUN	neuvo
neuvonantajan	NOUN	neuvon#antaja
neuvonantajia	NOUN	neuvon#antaja
neuvonnast	NOUN	neuvonta
neuvonpitoon	NOUN	neuvon#pito
neuvoo	VERB	neuvoa
neuvostoa	NOUN	neuvosto
neuvostoaikaisen	ADJ	neuvosto#aikainen
neuvostoajan	NOUN	neuvosto#aika
neuvostojen	NOUN	neuvosto
neuvostoliitolle	PROPN	Neuvostoliitto
neuvostoliiton	PROPN	Neuvostoliitto
neuvostoliitosta	PROPN	Neuvostoliitto
neuvostoliittolaisia	ADJ	neuvostoliittolainen
neuvostoliittolaisten	NOUN	neuvostoliittolainen
neuvostolle	NOUN	neuvosto
neuvostomiehityksen	NOUN	neuvosto#miehitys
neuvoston	NOUN	neuvosto
neuvostoon	NOUN	neuvosto
neuvostossa	NOUN	neuvosto
neuvostoviranomaiset	NOUN	neuvosto#viran#omainen
neuvot	NOUN	neuvo
neuvoteltava	VERB	neuvotella
neuvottelee	VERB	neuvotella
neuvottelemaan	VERB	neuvotella
neuvottelemalla	VERB	neuvotella
neuvottelevan	VERB	neuvotella
neuvotteluhuoneita	NOUN	neuvottelu#huone
neuvotteluihin	NOUN	neuvottelu
neuvotteluissa	NOUN	neuvottelu
neuvotteluista	NOUN	neuvottelu
neuvotteluja	NOUN	neuvottelu
neuvottelujen	NOUN	neuvottelu
neuvottelukunnan	NOUN	neuvottelu#kunta
neuvottelut	NOUN	neuvottelu
neuvottelutulosta	NOUN	neuvottelu#tulos
neuvotteluvaltuudesta	NOUN	neuvottelu#valtuus
neuvotteluvaltuutensa	NOUN	neuvottelu#valtuus
neuvottomuuden	NOUN	neuvottomuus
nevadan	PROPN	Nevada
newsin	PROPN	News
newtonin	PROPN	Newton
nhl-joukkuetta	NOUN	NHL#joukkue
nhl-pomolta	NOUN	NHL#pomo
nhl-ura	NOUN	NHL#ura
nhl:n	PROPN	NHL
ni	ADV	niin
ni	SCONJ	niin
nicaraguan	PROPN	Nicaragua
nielaisee	VERB	nielaista
nielaisin	VERB	nielaista
nieli	VERB	niellä
nieltiin	VERB	niellä
nielua	NOUN	nielu
nielun	NOUN	nielu
nielussa	NOUN	nielu
niemimaahan	NOUN	niemi#maa
niemimaalla	NOUN	niemi#maa
niemimaalle	NOUN	niemi#maa
niemimaan	NOUN	niemi#maa
niemisen	PROPN	Nieminen
nietzscheä	PROPN	Nietzsche
nightin	PROPN	Night
nii	ADV	niin
nii	SCONJ	niin
niiden	PRON	se
niidenkin	PRON	se
niihin	PRON	se
niiiin	ADV	niin
niiku	ADV	niinku
niikuttelun	NOUN	niikuttelu
niil	PRON	se
niilin	PROPN	Niili
niilki	PRON	se
niille	PRON	se
niillä	PRON	se
niilläkin	PRON	se
niilolle	PROPN	Niilo
niiltä	PRON	se
niinhän	ADV	niin
niinistön	PROPN	Niinistö
niinkin	ADV	niin
niinku	ADV	niin#kuin
niinku	SCONJ	niin#kuin
niinkään	ADV	niin
niinä	PRON	se
niissä	PRON	se
niistin	VERB	niistää
niistä	PRON	se
niistäkin	PRON	se
niistän	VERB	niistää
niistääkseni	VERB	niistää
niit	PRON	se
niitten	PRON	se
niittänyt	VERB	niittää
niityllä	NOUN	niitty
niityn	NOUN	niitty
niityssä	NOUN	niitty
niitä	PRON	se
nikolaoksen	PROPN	Nikolaos
nikomedeen	PROPN	Nikomedes
nikon	PROPN	Niko
nikotiinin	NOUN	nikotiini
nilkka-	NOUN	nilkka
nilkkojen	NOUN	nilkka
nilviäisten	NOUN	nilviäinen
nimekseen	NOUN	nimi
nimeksi	NOUN	nimi
nimelliseltä	ADJ	nimellinen
nimellä	NOUN	nimi
nimeltä	NOUN	nimi
nimeltään	NOUN	nimi
nimen	NOUN	nimi
nimenhuudossa	NOUN	nimen#huuto
nimenhuutoäänestyksen	NOUN	nimen#huuto#äänestys
nimenhuutoäänestyksessä	NOUN	nimen#huuto#äänestys
nimeni	NOUN	nimi
nimenneet	VERB	nimetä
nimennyt	VERB	nimetä
nimenomaisesta	ADJ	nimen#omainen
nimenomaisia	ADJ	nimen#omainen
nimensä	NOUN	nimi
nimensähän	NOUN	nimi
nimenä	NOUN	nimi
nimesi	VERB	nimetä
nimesin	VERB	nimetä
nimesivät	VERB	nimetä
nimessä	NOUN	nimi
nimestä	NOUN	nimi
nimet	NOUN	nimi
nimettiin	VERB	nimetä
nimetty	VERB	nimetä
nimettömiksi	ADJ	nimetön
nimettömäksi	ADJ	nimetön
nimettömänä	ADJ	nimetön
nimetään	VERB	nimetä
nimeä	NOUN	nimi
nimeämien	VERB	nimetä
nimeämät	VERB	nimetä
nimeämättä	VERB	nimetä
nimikin	NOUN	nimi
nimikkeen	NOUN	nimike
nimikkeenä	NOUN	nimike
nimikkeet	NOUN	nimike
nimikkeiden	NOUN	nimike
nimikkeistöjen	NOUN	nimikkeistö
nimikkopalkintoaan	NOUN	nimikko#palkinto
nimilappua	NOUN	nimi#lappu
nimillä	NOUN	nimi
nimisiä	ADJ	niminen
nimismiehen	NOUN	nimis#mies
nimissä	NOUN	nimi
nimitettiin	VERB	nimittää
nimitetty	VERB	nimittää
nimitetään	VERB	nimittää
nimittivät	VERB	nimittää
nimittämistään	NOUN	nimittäminen
nimittämään	VERB	nimittää
nimityksiä	NOUN	nimitys
nimitystä	NOUN	nimitys
nimiä	NOUN	nimi
nipisti	VERB	nipistää
niputettiin	VERB	niputtaa
niputtaneet	VERB	niputtaa
nirskautti	VERB	nirskauttaa
nisibiksen	PROPN	Nisibis
niskaan	NOUN	niska
niskaani	NOUN	niska
niskaansa	NOUN	niska
niskalenkistään	NOUN	niska#lenkki
niskan	NOUN	niska
niskanikamat	NOUN	niska#nikama
niskassa	NOUN	niska
niskatuen	NOUN	niska#tuki
niskojen	NOUN	niska
nissän	PROPN	Nissan
nistin	NOUN	nisti
nitridisulkaumat	NOUN	nitridi#sulkeuma
niukan	ADJ	niukka
niukemmin	ADV	niukasti
nivelöimätöntä	ADJ	nivelöimätön
nizzan	PROPN	Nizza
nkvd:n	PROPN	NKVD
nmky:n	PROPN	NMKY
nn:n	PROPN	NN
noahille	PROPN	Noah
noahin	PROPN	Noah
nobeleista	PROPN	Nobel
nobelin	PROPN	Nobel
noi	ADV	noin
noi	PRON	tuo
noiden	PRON	tuo
noihin	PRON	tuo
noilla	PRON	tuo
noille	PRON	tuo
noinkin	ADV	noin
noinkohan	ADV	noin
noisniemen	PROPN	Noisniemi
noisniemestä	PROPN	Noisniemi
noista	PRON	tuo
noita	PRON	tuo
noitumaan	VERB	noitua
nojasin	VERB	nojata
nojatuoleissa	NOUN	noja#tuoli
nojatuolia	NOUN	noja#tuoli
nojauduin	VERB	nojautua
nojaudun	VERB	nojautua
nojausystävällisen	ADJ	nojaus#ystävällinen
nokaksi	NOUN	nokka
nokan	NOUN	nokka
nokeentuvat	VERB	nokeentua
nokiaa	PROPN	Nokia
nokialaiset	NOUN	nokialainen
nokialle	PROPN	Nokia
nokian	PROPN	Nokia
nokiseksi	ADJ	nokinen
nokiset	ADJ	nokinen
nokkeliin	ADJ	nokkela
nollaan	NUM	nolla
nollaantuu	VERB	nollaantua
nollaantuvat	VERB	nollaantua
nollattu	VERB	nollata
nollilla	NOUN	nolla
nollille	NOUN	nolla
nolostuneeseen	VERB	nolostua
noloudelle	NOUN	nolous
nominativi	NOUN	nominatiivi
nominien	NOUN	nomini
nonon	PROPN	Nono
nonparelleja	NOUN	nonparelli
nooan	PROPN	Nooa
noormarkussa	PROPN	Noormarkku
nopeaa	ADJ	nopea
nopeakasvuisia	ADJ	nopea#kasvuinen
nopealla	ADJ	nopea
nopeammin	ADV	nopeasti
nopeasta	ADJ	nopea
nopeat	ADJ	nopea
nopeesti	ADV	nopeasti
nopeilla	ADJ	nopea
nopeimmin	ADV	nopeasti
nopein	ADJ	nopea
nopeudesta	NOUN	nopeus
nopeuteensa	NOUN	nopeus
nopeutta	NOUN	nopeus
nopeuttaan	NOUN	nopeus
nordean	PROPN	Nordea
nordlandialla	PROPN	Nordlandia
norjaan	PROPN	Norja
norjalaiset	ADJ	norjalainen
norjalaisiin	NOUN	norjalainen
norjan	PROPN	Norja
norjassa	PROPN	Norja
normaalia	ADJ	normaali
normaaliarvoa	NOUN	normaali#arvo
normaaliarvon	NOUN	normaali#arvo
normaaliarvoon	NOUN	normaali#arvo
normaaliasettelulle	NOUN	normaali#asettelu
normaalien	ADJ	normaali
normaaliin	ADJ	normaali
normaalikoululle	NOUN	normaali#koulu
normaalikoulusta	NOUN	normaali#koulu
normaaliksi	ADJ	normaali
normaalilinjoilla	NOUN	normaali#linja
normaalimmalta	ADJ	normaali
normaalimmankin	ADJ	normaali
normaalin	ADJ	normaali
normaalina	ADJ	normaali
normaalissa	ADJ	normaali
normaalista	ADJ	normaali
normaalit	ADJ	normaali
normatiiviset	ADJ	normatiivinen
normatiivista	ADJ	normatiivinen
normeihin	NOUN	normi
normeja	NOUN	normi
normit	NOUN	normi
normoitua	VERB	normittaa
norsuja	NOUN	norsu
norsunluurannikolla	PROPN	Norsun#luu#rannikko
norui	VERB	norua
norwalden	PROPN	Norwald
nosta	VERB	nostaa
nostaessaan	VERB	nostaa
nostalgisia	ADJ	nostalginen
nostalgisiin	ADJ	nostalginen
nostamaan	VERB	nostaa
nostamiseen	NOUN	nostaminen
nostamiseksi	NOUN	nostaminen
nostamista	NOUN	nostaminen
nostaneet	VERB	nostaa
nostanut	VERB	nostaa
nostattamaan	VERB	nostattaa
nostatti	VERB	nostattaa
nostavan	VERB	nostaa
nostavansa	VERB	nostaa
nostavat	VERB	nostaa
nostetaan	VERB	nostaa
nostetta	NOUN	noste
nostettaisiin	VERB	nostaa
nostettiin	VERB	nostaa
nostettu	VERB	nostaa
nosti	VERB	nostaa
nostit	VERB	nostaa
nostivat	VERB	nostaa
nosto-oikeudella	NOUN	nosto#oikeus
nosto-oikeuden	NOUN	nosto#oikeus
nosto-oikeuteen	NOUN	nosto#oikeus
nosto-oikeutta	NOUN	nosto#oikeus
nostokulut	NOUN	nosto#kulu
nostossa	NOUN	nosto
notaationa	NOUN	notaatio
noteerattiin	VERB	noteerata
noteerattu	VERB	noteerata
notkuivat	VERB	notkua
noudata	VERB	noudattaa
noudateta	VERB	noudattaa
noudatetaan	VERB	noudattaa
noudatettaessa	VERB	noudattaa
noudatettaisiin	VERB	noudattaa
noudatettava	VERB	noudattaa
noudatettavaa	VERB	noudattaa
noudatettavat	ADJ	noudatettava
noudatettavat	VERB	noudattaa
noudatettiin	VERB	noudattaa
noudatettu	VERB	noudattaa
noudattaen	VERB	noudattaa
noudattamaan	VERB	noudattaa
noudattamalla	VERB	noudattaa
noudattamatta	VERB	noudattaa
noudattamiseksi	NOUN	noudattaminen
noudattamisen	NOUN	noudattaminen
noudattamista	NOUN	noudattaminen
noudattaneensa	VERB	noudattaa
noudattavaksi	VERB	noudattaa
noudattavat	VERB	noudattaa
noudatti	VERB	noudattaa
noudin	VERB	noutaa
noudon	NOUN	nouto
nouse	VERB	nousta
nousee	VERB	nousta
nousemaan	VERB	nousta
nousemassa	VERB	nousta
nousemiseksi	NOUN	nouseminen
nousemme	VERB	nousta
nousen	VERB	nousta
nousevan	VERB	nousta
nousevat	VERB	nousta
nousi	VERB	nousta
nousimme	VERB	nousta
nousin	VERB	nousta
nousisi	VERB	nousta
nousisimmekin	VERB	nousta
nousivat	VERB	nousta
nousseet	VERB	nousta
noussut	VERB	nousta
noustaan	VERB	nousta
nousteessa	VERB	nousta
noustessa	VERB	nousta
nousu-	NOUN	nousu
nousua	NOUN	nousu
nousukiidon	NOUN	nousu#kiito
nousun	NOUN	nousu
nousussa	NOUN	nousu
noususta	NOUN	nousu
noususuhdanteesta	NOUN	nousu#suhdanne
nousuun	NOUN	nousu
noutamaan	VERB	noutaa
novartikselle	PROPN	Novartis
novelleja	NOUN	novelli
novellini	NOUN	novelli
nro	NOUN	numero
nrw:llä	NOUN	NRW
nual	VERB	nuolla
nudea	ADJ	nude
nudekenkien	NOUN	nude#kenkä
nudekorkkareihin	NOUN	nude#korkkari
nuden	NOUN	nude
nudet	ADJ	nude
nuhdeltaisiin	VERB	nuhdella
nuhjuisen	ADJ	nuhjuinen
nuhraantui	VERB	nuhraantua
nuhruisessa	ADJ	nuhruinen
nuhteettomasta	ADJ	nuhteeton
nuijakuvan	NOUN	nuija#kuva
nuijin	VERB	nuijia
nuijittuna	VERB	nuijia
nukahtamislääkkeet	NOUN	nukahtamis#lääke
nukahtanut	VERB	nukahtaa
nuken	NOUN	nukke
nukkekodilla	NOUN	nukke#koti
nukkui	VERB	nukkua
nukkumaan	VERB	nukkua
nukkumapaikaltaan	NOUN	nukkuma#paikka
nukkumassa	VERB	nukkua
nukkumisesta	NOUN	nukkuminen
nukkuneeni	VERB	nukkua
nukkunut	VERB	nukkua
nukkuu	VERB	nukkua
nukkuvat	VERB	nukkua
nuku	VERB	nukkua
nukuin	VERB	nukkua
nukun	VERB	nukkua
nukutaan	VERB	nukkua
nukuttiin	VERB	nukkua
nukuttuani	VERB	nukkua
nukuttujen	VERB	nukkua
numeroa	NOUN	numero
numeroiden	NOUN	numero
numeroin	NOUN	numero
numeroissa	NOUN	numero
numeroita	NOUN	numero
numerojärjestelmässä	NOUN	numero#järjestelmä
numerolla	NOUN	numero
numerolleen	NOUN	numero
numeron	NOUN	numero
numeroon	NOUN	numero
numerorivin	NOUN	numero#rivi
numerot	NOUN	numero
numerotietoja	NOUN	numero#tieto
nummi-pusulan	PROPN	Nummi-Pusula
nummisen	PROPN	Numminen
nuo	PRON	tuo
nuolien	NOUN	nuoli
nuolilla	NOUN	nuoli
nuolina	NOUN	nuoli
nuollessa	VERB	nuolla
nuorella	ADJ	nuori
nuorelle	ADJ	nuori
nuorelta	ADJ	nuori
nuoremman	ADJ	nuori
nuoremmat	ADJ	nuori
nuoremmillekin	ADJ	nuori
nuorempaa	ADJ	nuori
nuorempi	ADJ	nuori
nuorempia	ADJ	nuori
nuoren	ADJ	nuori
nuoren	NOUN	nuori
nuorena	ADJ	nuori
nuorenparin	NOUN	nuori#pari
nuoret	ADJ	nuori
nuoret	NOUN	nuori
nuoria	ADJ	nuori
nuoria	NOUN	nuori
nuoriin	NOUN	nuori
nuorilla	ADJ	nuori
nuorille	ADJ	nuori
nuorille	NOUN	nuori
nuorimmasta	ADJ	nuori
nuorin	ADJ	nuori
nuorisoleirillä	NOUN	nuoriso#leiri
nuorisotoimelta	NOUN	nuoriso#toimi
nuorsuomalaisten	NOUN	nuorsuomalainen
nuorta	ADJ	nuori
nuorten	ADJ	nuori
nuorten	NOUN	nuori
nuorukaisen	NOUN	nuorukainen
nuorukaista	NOUN	nuorukainen
nuoruuden	NOUN	nuoruus
nuoruudessaan	NOUN	nuoruus
nuotiolta	NOUN	nuotio
nuotion	NOUN	nuotio
nurkassa	NOUN	nurkka
nurkilla	NOUN	nurkka
nurkilta	NOUN	nurkka
nurkissa	NOUN	nurkka
nurkkaan	NOUN	nurkka
nurkkapöydän	NOUN	nurkka#pöytä
nurkkapöydässä	NOUN	nurkka#pöytä
nurkkapöytäläiset	NOUN	nurkka#pöytäläinen
nurkkapöytää	NOUN	nurkka#pöytä
nurkkapöytään	NOUN	nurkka#pöytä
nurmelan	PROPN	Nurmela
nurmelle	NOUN	nurmi
nurmikkoon	NOUN	nurmikko
nurmikoilla	NOUN	nurmikko
nurmikollani	NOUN	nurmikko
nurmikolle	NOUN	nurmikko
nurmisen	PROPN	Nurminen
nurtsi	NOUN	nurmikko
nurtsilla	NOUN	nurmikko
nuuhkaisi	VERB	nuuhkaista
nuuhki	VERB	nuuhkia
nuuskan	NOUN	nuuska
nuuskapussien	NOUN	nuuska#pussi
nuuskineet	VERB	nuuskia
nuuskutti	VERB	nuuskuttaa
ny	ADV	nyt
nyhdetty	VERB	nyhtää
nyheterin	PROPN	Nyheter
nykii	VERB	nykiä
nykivät	VERB	nykiä
nyky-venäjään	PROPN	nyky#Venäjä
nyky-yhteiskunnan	NOUN	nyky#yhteis#kunta
nykyaikaan	NOUN	nyky#aika
nykyaikaisen	ADJ	nyky#aikainen
nykyaikaisessa	ADJ	nyky#aikainen
nykyaikaiset	ADJ	nyky#aikainen
nykyaikaisissa	ADJ	nyky#aikainen
nykyaikana	NOUN	nyky#aika
nykyajan	NOUN	nyky#aika
nykyhetkeen	NOUN	nyky#hetki
nykyiseen	ADJ	nykyinen
nykyiseksi	ADJ	nykyinen
nykyisellä	ADJ	nykyinen
nykyisen	ADJ	nykyinen
nykyisessä	ADJ	nykyinen
nykyisestä	ADJ	nykyinen
nykyiset	ADJ	nykyinen
nykyisissäkään	ADJ	nykyinen
nykyisistä	ADJ	nykyinen
nykyisiä	ADJ	nykyinen
nykyisten	ADJ	nykyinen
nykyistä	ADJ	nykyinen
nykymaailmassa	NOUN	nyky#maailma
nykypoliitikkoja	NOUN	nyky#poliitikko
nykysuomalaisten	NOUN	nyky#suomalainen
nykytaloudessa	NOUN	nyky#talous
nykytiedon	NOUN	nyky#tieto
nykytilaa	NOUN	nyky#tila
nykytolallaan	NOUN	nyky#tola
nylonkielistä	ADJ	nylon#kielinen
nypi	VERB	nyppiä
nyrkein	NOUN	nyrkki
nyrkkipajasta	NOUN	nyrkki#paja
nyrpeää	ADJ	nyrpeä
nyrpistyneenä	VERB	nyrpistyä
nytkin	ADV	nyt
nytkään	ADV	nyt
nyökkäsin	VERB	nyökätä
nyökkää	VERB	nyökätä
näe	VERB	nähdä
näemme	VERB	nähdä
näen	VERB	nähdä
näennäis-spontaanilla	ADJ	näennäis#spontaani
näette	VERB	nähdä
nähdessään	VERB	nähdä
nähdäkseen	VERB	nähdä
nähdäkseni	VERB	nähdä
nähdään	VERB	nähdä
nähdäänkin	VERB	nähdä
nähneensä	VERB	nähdä
nähny	VERB	nähdä
nähnyt	VERB	nähdä
nähtiin	VERB	nähdä
nähty	VERB	nähdä
nähtyään	VERB	nähdä
nähtävillä	VERB	nähdä
nähtävissä	VERB	nähdä
nähtävyyksiä	NOUN	nähtävyys
nähtäväkseen	VERB	nähdä
nähtäväksi	VERB	nähdä
nähtävät	VERB	nähdä
nähä	VERB	nähdä
näiden	PRON	tämä
näihin	PRON	tämä
näij	ADV	näin
näille	PRON	tämä
näillä	PRON	tämä
näimme	VERB	nähdä
näin	VERB	nähdä
näinkin	VERB	nähdä
näinkö	ADV	näin
näinä	PRON	tämä
näis	PRON	tämä
näissä	PRON	tämä
näissäkin	PRON	tämä
näistä	PRON	tämä
näit	VERB	nähdä
näitä	PRON	tämä
näkee	VERB	nähdä
näkemisestä	NOUN	näkeminen
näkemyksen	NOUN	näkemys
näkemyksensä	NOUN	näkemys
näkemykset	NOUN	näkemys
näkemyksiin	NOUN	näkemys
näkemyksillä	NOUN	näkemys
näkemyksiä	NOUN	näkemys
näkemästä	NOUN	näkemä
näkemästä	VERB	nähdä
näkemään	VERB	nähdä
näkevinäni	VERB	nähdä
näkevinään	VERB	nähdä
näkevämme	VERB	nähdä
näkevänsä	VERB	nähdä
näkevät	VERB	nähdä
näkeä	VERB	nähdä
näki	VERB	nähdä
näkisi	VERB	nähdä
näkisin	VERB	nähdä
näkisit	VERB	nähdä
näkivät	VERB	nähdä
näkyi	VERB	näkyä
näkyikin	VERB	näkyä
näkyivät	VERB	näkyä
näkyjen	NOUN	näky
näkymistä	NOUN	näkymä
näkymänsä	NOUN	näkymä
näkymät	NOUN	näkymä
näkymättömiin	ADJ	näkymätön
näkymään	VERB	näkyä
näkyneet	VERB	näkyä
näkynyt	VERB	näkyä
näkyviin	VERB	näkyä
näkyvillä	VERB	näkyä
näkyvissä	VERB	näkyä
näkyviä	ADJ	näkyvä
näkyvyyden	NOUN	näkyvyys
näkyvyyttä	NOUN	näkyvyys
näkyvä	VERB	näkyä
näkyväksi	ADJ	näkyvä
näkyvämpi	ADJ	näkyvä
näkyvän	VERB	näkyä
näkyvät	VERB	näkyä
näkyy	VERB	näkyä
näkyyn	NOUN	näky
näkyä	NOUN	näky
näköisen	ADJ	näköinen
näköisiä	ADJ	näköinen
näköistä	ADJ	näköinen
näkökantaan	NOUN	näkö#kanta
näkökantamme	NOUN	näkö#kanta
näkökantansa	NOUN	näkö#kanta
näkökantoja	NOUN	näkö#kanta
näkökenttää	NOUN	näkö#kenttä
näkökohdat	NOUN	näkö#kohta
näkökohtia	NOUN	näkö#kohta
näkökulmaa	NOUN	näkö#kulma
näkökulman	NOUN	näkö#kulma
näkökulmasta	NOUN	näkö#kulma
näkökulmia	NOUN	näkö#kulma
näkökulmien	NOUN	näkö#kulma
näkökulmista	NOUN	näkö#kulma
näkönen	ADJ	näköinen
näköpiirissä	NOUN	näkö#piiri
näkösiä	ADJ	näköinen
näköä	NOUN	näkö
nälkää	NOUN	nälkä
nälkään	NOUN	nälkä
nämä	PRON	tämä
näppituntumalta	NOUN	näppi#tuntuma
näppäimen	NOUN	näppäin
näppäimet	NOUN	näppäin
näppäimien	NOUN	näppäin
näppäimistöjä	NOUN	näppäimistö
näppäimistöjärjestykseen	NOUN	näppäimistö#järjestys
näppäimistöltä	NOUN	näppäimistö
näppäimistön	NOUN	näppäimistö
näppäinjärjestelyt	NOUN	näppäin#järjestely
näppäinjärjestykset	NOUN	näppäin#järjestys
näppäintä	NOUN	näppäin
näreen	NOUN	näre
närän	PROPN	Närä
nättinä	ADJ	nätti
näy	VERB	näkyä
näyn	NOUN	näky
näytellessään	VERB	näytellä
näytellyt	VERB	näytellä
näytelmät	NOUN	näytelmä
näytelmää	NOUN	näytelmä
näytettävä	VERB	näyttää
näytetään	VERB	näyttää
näytin	VERB	näyttää
näytteet	NOUN	näyte
näytteilleasettajaa	NOUN	näytteilleasettaja
näytteilleasettajien	NOUN	näytteilleasettaja
näyttelee	VERB	näytellä
näytteli	VERB	näytellä
näyttelijä-imitaattorit	NOUN	näyttelijä#imitaattori
näyttelijäjäseniä	NOUN	näyttelijä#jäsen
näyttelijäkoulussa	NOUN	näyttelijä#koulu
näyttelijän	NOUN	näyttelijä
näyttelijäntöiden	NOUN	näyttelijän#työ
näyttelijäsuorituksiin	NOUN	näyttelijä#suoritus
näyttelijät	NOUN	näyttelijä
näyttelijöitä	NOUN	näyttelijä
näyttelyitä	NOUN	näyttely
näyttelyjen	NOUN	näyttely
näyttelykokonaisuudet	NOUN	näyttely#kokonaisuus
näytti	VERB	näyttää
näyttikään	VERB	näyttää
näyttäen	VERB	näyttää
näyttäisi	VERB	näyttää
näyttämällä	VERB	näyttää
näyttämät	VERB	näyttää
näyttämään	VERB	näyttää
näyttänyt	VERB	näyttää
näyttävissä	ADJ	näyttävä
näyttäviä	VERB	näyttää
näyttävät	VERB	näyttää
näyttäytyi	VERB	näyttäytyä
näyttäytymästä	VERB	näyttäytyä
näyttäytymään	VERB	näyttäytyä
näyttäytyvän	VERB	näyttäytyä
näyttäytyy	VERB	näyttäytyä
näyttääkin	VERB	näyttää
näyttääpäs	VERB	näyttää
näyttöjen	NOUN	näyttö
näyttöjä	NOUN	näyttö
näyttöni	NOUN	näyttö
näyttöä	NOUN	näyttö
näyttöön	NOUN	näyttö
näytä	VERB	näyttää
näytän	VERB	näyttää
näytöille	NOUN	näyttö
näytöksen	NOUN	näytös
näytölle	NOUN	näyttö
näytön	NOUN	näyttö
näytössä	NOUN	näyttö
nää	PRON	tämä
nääntyi	VERB	nääntyä
nökötti	VERB	nököttää
nörtti-	NOUN	nörtti
nössöimmästä	ADJ	nössö
nürnbergissä	PROPN	Nürnberg
o	AUX	olla
o-	NOUN	o
o:n	NOUN	o
obamaa	PROPN	Obama
obamalla	PROPN	Obama
obamalle	PROPN	Obama
obaman	PROPN	Obama
objektiivista	ADJ	objektiivinen
obornen	PROPN	Oborne
odoksuvia	ADJ	oudoksuva
odota	VERB	odottaa
odotamme	VERB	odottaa
odotan	VERB	odottaa
odotankin	VERB	odottaa
odotat	VERB	odottaa
odotellaan	VERB	odotella
odotellessa	VERB	odotella
odotetaan	VERB	odottaa
odotettaessa	VERB	odottaa
odotettavissa	VERB	odottaa
odotettiin	VERB	odottaa
odotettu	VERB	odottaa
odotettua	VERB	odottaa
odotettuaan	VERB	odottaa
odotin	VERB	odottaa
odottaakaan	VERB	odottaa
odottaen	VERB	odottaa
odottaessa	VERB	odottaa
odottamaan	VERB	odottaa
odottamassa	VERB	odottaa
odottamatta	VERB	odottaa
odottamattomaan	ADJ	odottamaton
odottamisen	NOUN	odottaminen
odottaneet	VERB	odottaa
odottanu	VERB	odottaa
odottanut	VERB	odottaa
odottava	VERB	odottaa
odottavaa	VERB	odottaa
odottavan	VERB	odottaa
odottavasta	VERB	odottaa
odottavat	VERB	odottaa
odottaville	VERB	odottaa
odottelemaan	VERB	odotella
odottelin	VERB	odotella
odotti	VERB	odottaa
odottivat	VERB	odottaa
odotuksen	NOUN	odotus
odotuksessa	NOUN	odotus
odotukset	NOUN	odotus
odotuksia	NOUN	odotus
odotuksiaan	NOUN	odotus
odotuksiin	NOUN	odotus
oecd:	NOUN	OECD
oelmassa	VERB	olla
ogdenin	PROPN	Ogden
ohikiitävää	ADJ	ohikiitävä
ohikulkijaa	NOUN	ohikulkija
ohikulkijoina	NOUN	ohikulkija
ohikulkumatkalla	NOUN	ohikulku#matka
ohikulkumatkallaan	NOUN	ohikulku#matka
ohion	PROPN	Ohio
ohitan	VERB	ohittaa
ohitimme	VERB	ohittaa
ohittamisesta	NOUN	ohittaminen
ohittanut	VERB	ohittaa
ohittavat	VERB	ohittaa
ohitustien	NOUN	ohitus#tie
ohjaa	VERB	ohjata
ohjaajana	NOUN	ohjaaja
ohjaama	VERB	ohjata
ohjaamalla	VERB	ohjata
ohjaamana	VERB	ohjata
ohjaamassa	VERB	ohjata
ohjaamissa	VERB	ohjata
ohjanneet	VERB	ohjata
ohjannut	VERB	ohjata
ohjasi	VERB	ohjata
ohjattuun	VERB	ohjata
ohjaukseen	NOUN	ohjaus
ohjauksella	NOUN	ohjaus
ohjauksen	NOUN	ohjaus
ohjauksessa	NOUN	ohjaus
ohjauksessaan	NOUN	ohjaus
ohjauskeskuksesta	NOUN	ohjaus#keskus
ohjauskorkoihin	NOUN	ohjaus#korko
ohjauskorkoja	NOUN	ohjaus#korko
ohjauskorkojen	NOUN	ohjaus#korko
ohjausohjelmat	NOUN	ohjaus#ohjelma
ohjausohjelmien	NOUN	ohjaus#ohjelma
ohjausohjelmiin	NOUN	ohjaus#ohjelma
ohjausohjelmissa	NOUN	ohjaus#ohjelma
ohjausryhmän	NOUN	ohjaus#ryhmä
ohjausta	NOUN	ohjaus
ohjautui	VERB	ohjautua
ohjautuu	VERB	ohjautua
ohjeella	NOUN	ohje
ohjeellisten	ADJ	ohjeellinen
ohjeessa	NOUN	ohje
ohjeet	NOUN	ohje
ohjeiden	NOUN	ohje
ohjeissa	NOUN	ohje
ohjeista	NOUN	ohje
ohjeita	NOUN	ohje
ohjekirjoja	NOUN	ohje#kirja
ohjelmaa	NOUN	ohjelma
ohjelmaan	NOUN	ohjelma
ohjelman	NOUN	ohjelma
ohjelmana	NOUN	ohjelma
ohjelmansa	NOUN	ohjelma
ohjelmanumeroiden	NOUN	ohjelma#numero
ohjelmanumeroihin	NOUN	ohjelma#numero
ohjelmanumeroita	NOUN	ohjelma#numero
ohjelmassa	NOUN	ohjelma
ohjelmasta	NOUN	ohjelma
ohjelmat	NOUN	ohjelma
ohjelmia	NOUN	ohjelma
ohjelmien	NOUN	ohjelma
ohjelmiin	NOUN	ohjelma
ohjelmista	NOUN	ohjelma
ohjelmisto-	NOUN	ohjelmisto
ohjelmistoa	NOUN	ohjelmisto
ohjelmistoaan	NOUN	ohjelmisto
ohjelmistoista	NOUN	ohjelmisto
ohjelmistoja	NOUN	ohjelmisto
ohjelmistojen	NOUN	ohjelmisto
ohjelmoijien	NOUN	ohjelmoija
ohjelmoinnin	NOUN	ohjelmointi
ohjelmoinnissa	NOUN	ohjelmointi
ohjelmointi-kategoriaan	NOUN	ohjelmointi#kategoria
ohjelmointia	NOUN	ohjelmointi
ohjelmointiin	NOUN	ohjelmointi
ohjelmoitu	VERB	ohjelmoida
ohjetta	NOUN	ohje
ohjuksen	NOUN	ohjus
ohjukset	NOUN	ohjus
ohjuksia	NOUN	ohjus
ohl-liigassa	NOUN	OHL#liiga
ohueen	ADJ	ohut
ohuemmaksi	ADJ	ohut
ohuena	ADJ	ohut
ohuet	ADJ	ohut
ohuiksi	ADJ	ohut
ohuina	ADJ	ohut
ohuissa	ADJ	ohut
ohuista	ADJ	ohut
ohuita	ADJ	ohut
ohukaisiksi	NOUN	ohukainen
ohutta	ADJ	ohut
oikaisee	VERB	oikaista
oikaisemaan	VERB	oikaista
oikaisemiseksi	NOUN	oikaiseminen
oikaistaan	VERB	oikaista
oikaistu	VERB	oikaista
oikaisuja	NOUN	oikaisu
oikaisujen	NOUN	oikaisu
oikaisut	NOUN	oikaisu
oikea-aikaiset	ADJ	oikea#aikainen
oikea-aikaisuutta	NOUN	oikea#aikaisuus
oikeaa	ADJ	oikea
oikeaan	ADJ	oikea
oikeakielisyyden	NOUN	oikea#kielisyys
oikealla	ADJ	oikea
oikealle	ADJ	oikea
oikealta	ADJ	oikea
oikeamassa	VERB	oieta
oikean	ADJ	oikea
oikeanpuoleiseen	ADJ	oikean#puoleinen
oikeassa	ADJ	oikea
oikeasta	ADJ	oikea
oikeastiko	ADV	oikeasti
oikeat	ADJ	oikea
oikee	ADJ	oikea
oikeellisuudesta	NOUN	oikeellisuus
oikeen	ADV	oikein
oikees	ADJ	oikea
oikeesti	ADV	oikeasti
oikeiden	ADJ	oikea
oikeisiin	ADJ	oikea
oikeistoa	NOUN	oikeisto
oikeistoksi	NOUN	oikeisto
oikeistolaiseksi	ADJ	oikeistolainen
oikeistolaisiksi	ADJ	oikeistolainen
oikeistolaisin	ADJ	oikeistolainen
oikeistolaisuuteen	NOUN	oikeistolaisuus
oikeiston	NOUN	oikeisto
oikeita	ADJ	oikea
oikeudelliselta	ADJ	oikeudellinen
oikeudellisen	ADJ	oikeudellinen
oikeudellisessa	ADJ	oikeudellinen
oikeudelliset	ADJ	oikeudellinen
oikeudellisia	ADJ	oikeudellinen
oikeudellisista	ADJ	oikeudellinen
oikeuden	NOUN	oikeus
oikeudenkäyntiprosessia	NOUN	oikeuden#käynti#prosessi
oikeudenvastaisia	ADJ	oikeuden#vastainen
oikeudessa	NOUN	oikeus
oikeudesta	NOUN	oikeus
oikeudet	NOUN	oikeus
oikeuksia	NOUN	oikeus
oikeuksien	NOUN	oikeus
oikeuksiin	NOUN	oikeus
oikeuksille	NOUN	oikeus
oikeus-	NOUN	oikeus
oikeusavustajineen	NOUN	oikeus#avustaja
oikeushenkilöiden	NOUN	oikeus#henkilö
oikeushenkilöihin	NOUN	oikeus#henkilö
oikeusjuttuja	NOUN	oikeus#juttu
oikeusjutun	NOUN	oikeus#juttu
oikeuskulttuureissa	NOUN	oikeus#kulttuuri
oikeuskäytännön	NOUN	oikeus#käytäntö
oikeuskäytännössä	NOUN	oikeus#käytäntö
oikeusministeriöiden	NOUN	oikeus#ministeriö
oikeusministeriön	NOUN	oikeus#ministeriö
oikeusministeriössä	NOUN	oikeus#ministeriö
oikeusministeriöstä	NOUN	oikeus#ministeriö
oikeuspoliittisen	ADJ	oikeus#poliittinen
oikeusprosessin	NOUN	oikeus#prosessi
oikeussuhteita	NOUN	oikeus#suhde
oikeustieteellisen	ADJ	oikeus#tieteellinen
oikeustieteellisessä	ADJ	oikeus#tieteellinen
oikeustieteellisestä	ADJ	oikeus#tieteellinen
oikeustieteessä	NOUN	oikeus#tiede
oikeustieteiden	NOUN	oikeus#tiede
oikeustoimet	NOUN	oikeus#toimi
oikeustoimiin	NOUN	oikeus#toimi
oikeustoimilla	NOUN	oikeus#toimi
oikeusvaltion	NOUN	oikeus#valtio
oikeusvarmuuden	NOUN	oikeus#varmuus
oikeusvarmuutta	NOUN	oikeus#varmuus
oikeuteen	NOUN	oikeus
oikeutensa	NOUN	oikeus
oikeutetaan	VERB	oikeuttaa
oikeutettu	VERB	oikeuttaa
oikeutettua	ADJ	oikeutettu
oikeutettuja	VERB	oikeuttaa
oikeutetulla	VERB	oikeuttaa
oikeutetun	VERB	oikeuttaa
oikeutetut	VERB	oikeuttaa
oikeutta	NOUN	oikeus
oikeuttavien	VERB	oikeuttaa
oikeutuksen	NOUN	oikeutus
oikeutusta	NOUN	oikeutus
oilin	PROPN	Oil
oireet	NOUN	oire
oireita	NOUN	oire
oirekynnysarvoissa	NOUN	oire#kynnys#arvo
oirekynnysarvoja	NOUN	oire#kynnys#arvo
ois	AUX	olla
oisin	AUX	olla
oivallisesta	ADJ	oivallinen
oivalsi	VERB	oivaltaa
oivariinin	PROPN	Oivariini
ojaan	NOUN	oja
ojan	PROPN	Oja
ojennettiin	VERB	ojentaa
ojennukseen	NOUN	ojennus
ojennuksessa	NOUN	ojennus
ojensi	VERB	ojentaa
ojensin	VERB	ojentaa
ojentamaan	VERB	ojentaa
ojentanut	VERB	ojentaa
okinawan	PROPN	Okinawa
okinawasta	PROPN	Okinawa
oksalla	NOUN	oksa
oksan	NOUN	oksa
oksasen	PROPN	Oksanen
oksennukseensa	NOUN	oksennus
oksia	NOUN	oksa
oksidi-	NOUN	oksidi
oksien	NOUN	oksa
oksjoen	PROPN	Oksjoki
okulaarin	NOUN	okulaari
okulaarista	NOUN	okulaari
ol	AUX	olla
olan	NOUN	olka
olankohautuksella	NOUN	olan#kohautus
ole	AUX	olla
ole	VERB	olla
ole-palveluna	NOUN	OLE#palvelu
oleellisia	ADJ	oleellinen
oleellista	ADJ	oleellinen
oleilemaan	VERB	oleilla
olekaan	AUX	olla
olekin	AUX	olla
olekkaan	AUX	olla
olemaan	AUX	olla
olemaan	VERB	olla
olemalla	AUX	olla
olemassa	AUX	olla
olemassa	VERB	olla
olemassaolevia	VERB	olemassa#oleva
olemassaoloa	NOUN	olemassaolo
olemassaoloaan	NOUN	olemassaolo
olemassaolon	NOUN	olemassa#olo
olemassaolonsa	NOUN	olemassaolo
olemassaolosta	NOUN	olemassaolo
olemasta	AUX	olla
olemasta	VERB	olla
olematta	AUX	olla
olemattomasta	ADJ	olematon
olemattomista	ADJ	olematon
olemme	AUX	olla
olemme	VERB	olla
olemmekin	VERB	olla
olemuksen	NOUN	olemus
olen	AUX	olla
olen	VERB	olla
olenkaan	AUX	olla
olenkin	AUX	olla
olenkin	VERB	olla
olenko	AUX	olla
olennaisen	ADJ	olennainen
olennaiset	ADJ	olennainen
olennaisia	ADJ	olennainen
olennaisilta	ADJ	olennainen
olennaisin	ADJ	olennainen
olennaisina	ADJ	olennainen
olennaisista	ADJ	olennainen
olennaista	ADJ	olennainen
olennaisten	ADJ	olennainen
olennolta	NOUN	olento
olennon	NOUN	olento
olennot	NOUN	olento
olentoja	NOUN	olento
olentojen	NOUN	olento
oleskeleviin	VERB	oleskella
oleskeli	VERB	oleskella
oleskelleiden	VERB	oleskella
olet	AUX	olla
olet	VERB	olla
oleta	VERB	olettaa
oletetaan	VERB	olettaa
oletetun	VERB	olettaa
oletin	VERB	olettaa
oletko	AUX	olla
oletpa	AUX	olla
olettaen	VERB	olettaa
olette	AUX	olla
oletuksia	NOUN	oletus
oleva	VERB	olla
olevaa	VERB	olla
olevaan	AUX	olla
olevaan	VERB	olla
olevalla	VERB	olla
olevalle	VERB	olla
olevan	AUX	olla
olevan	NOUN	oleva
olevan	VERB	olla
olevana	VERB	olla
olevani	AUX	olla
olevanne	AUX	olla
olevansa	AUX	olla
olevansa	VERB	olla
olevasi	VERB	olla
olevassa	VERB	olla
olevasta	VERB	olla
olevat	VERB	olla
olevia	VERB	olla
olevien	VERB	olla
oleviksi	VERB	olla
olevilla	VERB	olla
oleville	VERB	olla
olevilta	VERB	olla
olevinaan	AUX	olla
olevinani	AUX	olla
olevissa	VERB	olla
olevista	ADJ	oleva
olevista	VERB	olla
oli	AUX	olla
oli	VERB	olla
olihan	AUX	olla
olihan	VERB	olla
oliiveja	NOUN	oliivi
oliiviöljyä	NOUN	oliivi#öljy
olijoita	NOUN	olija
olikaan	AUX	olla
olikaan	VERB	olla
olikin	AUX	olla
oliko	AUX	olla
olikos	AUX	olla
olimme	AUX	olla
olin	AUX	olla
olinin	PROPN	Olin
olinkin	AUX	olla
olinko	AUX	olla
olioiden	NOUN	olio
olioita	NOUN	olio
oliolle	NOUN	olio
olion	NOUN	olio
oliota	NOUN	olio
olipa	AUX	olla
olipas	VERB	olla
olis	AUX	olla
olis	VERB	olla
olisi	AUX	olla
olisi	VERB	olla
olisihan	AUX	olla
olisikaan	AUX	olla
olisikin	AUX	olla
olisiko	AUX	olla
olisikohan	VERB	olla
olisimme	AUX	olla
olisin	AUX	olla
olisipa	AUX	olla
olisit	AUX	olla
olisivat	AUX	olla
olisivat	VERB	olla
olit	AUX	olla
olivat	AUX	olla
olivat	VERB	olla
olivathan	AUX	olla
olivatkin	AUX	olla
olivatko	AUX	olla
olivatpa	AUX	olla
oljesta	NOUN	olki
olka-	NOUN	olka
olkaa	AUX	olla
olkapäiden	NOUN	olka#pää
olkapäillesi	NOUN	olka#pää
olkapäitäni	NOUN	olka#pää
olkapäälleni	NOUN	olka#pää
olkapäästä	NOUN	olka#pää
olkapäät	NOUN	olka#pää
olkiaan	NOUN	olka
olkikoiraan	NOUN	olki#koira
olkikoiran	NOUN	olki#koira
olkoot	VERB	olla
ollaan	AUX	olla
ollaan	VERB	olla
ollaas	AUX	olla
ollakseen	AUX	olla
ollaksesi	AUX	olla
olleen	AUX	olla
olleen	VERB	olla
olleessa	VERB	olla
olleet	AUX	olla
olleet	VERB	olla
olleiden	VERB	olla
olleista	VERB	olla
olleita	AUX	olla
olleita	VERB	olla
ollen	AUX	olla
ollessa	AUX	olla
ollessa	VERB	olla
ollessaan	AUX	olla
ollessamme	AUX	olla
ollessani	AUX	olla
ollu	AUX	olla
ollu	VERB	olla
olluj	AUX	olla
ollut	AUX	olla
ollut	VERB	olla
ollutkaan	AUX	olla
ollutkaan	VERB	olla
ollutta	AUX	olla
ollutta	VERB	olla
olo-	NOUN	olo
olo-merkillä	NOUN	olo#merkki
olo-nimeä	NOUN	olo#nimi
olo-ruoansulatusjogurtteja	NOUN	olo#ruoan#sulatus#jogurtti
oloa	NOUN	olo
oloaan	NOUN	olo
oloani	NOUN	olo
oloasussani	NOUN	olo#asu
olohousuistani	NOUN	olo#housut
olohuoneeni	NOUN	olo#huone
olohuoneessa	NOUN	olo#huone
olohuoneesta	NOUN	olo#huone
oloisena	ADJ	oloinen
oloisiin	ADJ	oloinen
oloisissa	ADJ	oloinen
oloissa	NOUN	olo
olomuodon	NOUN	olo#muoto
olon	NOUN	olo
olosuhteetkin	NOUN	olo#suhde
olosuhteiden	NOUN	olo#suhteet
olosuhteisiin	NOUN	olo#suhde
olosuhteista	NOUN	olo#suhteet
olot	NOUN	olo
oltaessa	VERB	olla
oltais	AUX	olla
oltaisiin	AUX	olla
oltava	AUX	olla
oltava	VERB	olla
oltermannin	PROPN	Oltermanni
oltiin	AUX	olla
oltiin	VERB	olla
oltu	AUX	olla
oluella	NOUN	olut
oluen	NOUN	olut
oluesta	NOUN	olut
olut	AUX	olla
olutta	NOUN	olut
oluttamme	NOUN	olut
olvia	PROPN	Olvi
olvin	PROPN	Olvi
olympiajoukkueen	NOUN	olympia#joukkue
olympiakisoihin	NOUN	olympia#kisat
olympiakomitealta	NOUN	olympia#komitea
olympiakultaa	NOUN	olympia#kulta
olympialaisissa	NOUN	olympialaiset
olympiaterminaalin	NOUN	olympia#terminaali
oma-aloitteisesti	ADV	oma#aloitteisesti
omaa	ADJ	oma
omaa	VERB	omata
omaan	ADJ	oma
omaansa	ADJ	oma
omaavat	VERB	omata
omaavia	VERB	omata
omaavien	VERB	omata
omaehtoisen	ADJ	oma#ehtoinen
omahyväisyyttä	NOUN	oma#hyväisyys
omaisensa	NOUN	omainen
omaistensa	NOUN	omainen
omaisuuden	NOUN	omaisuus
omaisuudesta	NOUN	omaisuus
omaisuuksia	NOUN	omaisuus
omaisuuteen	NOUN	omaisuus
omaisuutta	NOUN	omaisuus
omaisuuttaan	NOUN	omaisuus
omakotitaloilla	NOUN	oma#koti#talo
omakotitaloja	NOUN	oma#koti#talo
omakotitalon	NOUN	oma#koti#talo
omakotitaloon	NOUN	oma#koti#talo
omakotitalosta	NOUN	oma#koti#talo
omakseen	ADJ	oma
omaksi	ADJ	oma
omaksuivat	VERB	omaksua
omaksumisessa	NOUN	omaksuminen
omaksuvat	VERB	omaksua
omaleimaiset	ADJ	oma#leimainen
omaleimaisuutensa	NOUN	omaleimaisuus
omalla	ADJ	oma
omalle	ADJ	oma
omalta	ADJ	oma
oman	ADJ	oma
omana	ADJ	oma
omanarvontuntoa	NOUN	oma#arvo#tunto
omani	ADJ	oma
omanin	PROPN	Oman
omansa	ADJ	oma
omaperäistä	ADJ	omaperäinen
omassa	ADJ	oma
omasta	ADJ	oma
omat	ADJ	oma
omatkin	ADJ	oma
omatunnolla	NOUN	omatunto
omatuntoni	NOUN	oma#tunto
omavaraisia	ADJ	omavarainen
omavaraistaloudessa	NOUN	omavarais#talous
omenaiset	ADJ	omenainen
omenaisia	ADJ	omenainen
omenalikööriä	NOUN	omena#likööri
omenalohkot	NOUN	omenalohko
omenan	NOUN	omena
omenia	NOUN	omena
omia	ADJ	oma
omiaan	NOUN	oma
omiani	ADJ	oma
omiasi	ADJ	oma
omien	ADJ	oma
omieni	ADJ	oma
omiin	ADJ	oma
omilla	ADJ	oma
omille	ADJ	oma
omilleen	ADJ	oma
omin	ADJ	oma
ominaispiirteiltään	NOUN	ominais#piirre
ominaista	ADJ	ominainen
ominaisten	ADJ	ominainen
ominaisuudet	NOUN	ominaisuus
ominaisuuksia	NOUN	ominaisuus
ominaisuuksiltaan	NOUN	ominaisuus
ominaisuuksista	NOUN	ominaisuus
ominaisuutta	NOUN	ominaisuus
omis	ADJ	oma
omissa	ADJ	oma
omista	ADJ	oma
omistajan	NOUN	omistaja
omistajasta	NOUN	omistaja
omistajat	NOUN	omistaja
omistajien	NOUN	omistaja
omistajille	NOUN	omistaja
omistakaan	VERB	omistaa
omistama	VERB	omistaa
omistaman	VERB	omistaa
omistamana	VERB	omistaa
omistamista	VERB	omistaa
omistanut	VERB	omistaa
omistautumisesta	NOUN	omistautuminen
omistautuneiden	VERB	omistautua
omistavani	VERB	omistaa
omistettu	VERB	omistaa
omistetun	VERB	omistaa
omisti	VERB	omistaa
omistukseen	NOUN	omistus
omistuksessa	NOUN	omistus
omistus-	NOUN	omistus
omistusasumista	NOUN	omistus#asuminen
omistusasunnon	NOUN	omistus#asunto
omistusasunnossa	NOUN	omistus#asunto
omistusoikeutta	NOUN	omistus#oikeus
omistusyksiöstä	NOUN	omistus#yksiö
omituisen	ADJ	omituinen
omituisesta	ADJ	omituinen
omituista	ADJ	omituinen
omituisuutta	NOUN	omituisuus
ommellessa	VERB	ommella
ommellut	VERB	ommella
ompelemaan	VERB	ommella
ompeli	VERB	ommella
omppu-klaaniin	NOUN	omppu#klaani
on	AUX	olla
on	VERB	olla
onaniemeen	PROPN	Onaniemi
ongelmaa	NOUN	ongelma
ongelmaan	NOUN	ongelma
ongelmahan	NOUN	ongelma
ongelmaksi	NOUN	ongelma
ongelmalliseen	ADJ	ongelmallinen
ongelmalliseksi	ADJ	ongelmallinen
ongelmallisia	ADJ	ongelmallinen
ongelmallisiksi	ADJ	ongelmallinen
ongelmallisimpiin	ADJ	ongelmallinen
ongelmallista	ADJ	ongelmallinen
ongelman	NOUN	ongelma
ongelmana	NOUN	ongelma
ongelmanasettelu	NOUN	ongelma#asettelu
ongelmassa	NOUN	ongelma
ongelmasta	NOUN	ongelma
ongelmat	NOUN	ongelma
ongelmia	NOUN	ongelma
ongelmien	NOUN	ongelma
ongelmiin	NOUN	ongelma
ongelmilta	NOUN	ongelma
ongelmista	NOUN	ongelma
ongelmistaan	NOUN	ongelma
onget	NOUN	onki
onhan	AUX	olla
onkaan	AUX	olla
onkapannuja	NOUN	onkapannu
onki	AUX	olla
onki	VERB	olla
onkin	AUX	olla
onko	AUX	olla
onko	VERB	olla
onkos	AUX	olla
onks	AUX	olla
onks	VERB	olla
onnea	NOUN	onni
onnekkaaksi	ADJ	onnekas
onneks	ADV	onneksi
onneksemme	NOUN	onni
onnekseni	ADV	onneksi
onnelliseen	ADJ	onnellinen
onnellisena	ADJ	onnellinen
onnellisessa	ADJ	onnellinen
onnellisia	ADJ	onnellinen
onnellisimmaksi	ADJ	onnellinen
onnellisten	ADJ	onnellinen
onnen	NOUN	onni
onnenhippusia	NOUN	onni#hippunen
onnennumeroni	NOUN	onni#numero
onnentunteeseen	NOUN	onni#tunne
onnesta	NOUN	onni
onnettomaan	ADJ	onneton
onnettomuuden	NOUN	onnettomuus
onnettomuudessa	NOUN	onnettomuus
onnettomuudesta	NOUN	onnettomuus
onnettomuuksien	NOUN	onnettomuus
onnettomuuksissa	NOUN	onnettomuus
onnettomuuksista	NOUN	onnettomuus
onnettomuustapauksissa	NOUN	onnettomuus#tapaus
onnettomuustiheyttä	NOUN	onnettomuus#tiheys
onnettomuuteen	NOUN	onnettomuus
onni-nimen	NOUN	onni#nimi
onni-nimeä	NOUN	onni#nimi
onni-nimien	NOUN	onni#nimi
onni-tavaramerkistä	NOUN	onni#tavara#merkki
onni-tavaramerkkiä	NOUN	onni#tavara#merkki
onnistu	VERB	onnistua
onnistuessaan	VERB	onnistua
onnistui	VERB	onnistua
onnistuikin	VERB	onnistua
onnistuin	VERB	onnistua
onnistuisi	VERB	onnistua
onnistuivat	VERB	onnistua
onnistumaan	VERB	onnistua
onnistumatta	VERB	onnistua
onnistumisen	NOUN	onnistuminen
onnistumista	NOUN	onnistuminen
onnistuneella	ADJ	onnistunut
onnistuneen	ADJ	onnistunut
onnistuneessa	ADJ	onnistunut
onnistuneesta	ADJ	onnistunut
onnistuneet	VERB	onnistua
onnistunut	VERB	onnistua
onnistuttava	VERB	onnistua
onnistuttiin	VERB	onnistua
onnistuttu	VERB	onnistua
onnistuu	VERB	onnistua
onnittelemalla	VERB	onnitella
onnittelemme	VERB	onnitella
onnittelen	VERB	onnitella
onnittelin	VERB	onnitella
onnittelujen	NOUN	onnittelu
onnittelut	NOUN	onnittelu
onpa	AUX	olla
onpa	VERB	olla
onpas	AUX	olla
onpas	VERB	olla
ontariojärven	PROPN	Ontariojärvi
ontarion	PROPN	Ontario
ontariossa	PROPN	Ontario
ontui	VERB	ontua
ontuu	VERB	ontua
oo	AUX	olla
oo	VERB	olla
ooksää	VERB	olla#sinä
oom	AUX	olla
oomen-ruijtenin	PROPN	Oomen-Ruijten
oon	AUX	olla
oon	VERB	olla
oonks	AUX	olla
oopiumia	NOUN	oopiumi
oopperan	NOUN	ooppera
oot	AUX	olla
ootatte	VERB	odottaa
ootte	VERB	olla
op-pohjolan	PROPN	OP-Pohjola
opaskylttejä	NOUN	opas#kyltti
opastaisi	VERB	opastaa
opastettavat	VERB	opastaa
opastin	VERB	opastaa
opeilla	NOUN	oppi
opein	NOUN	oppi
opel-perustaiset	ADJ	Opel#perustainen
openoffi	PROPN	OpenOffice
opensource-keskus	NOUN	opensource#keskus
opepöydän	NOUN	ope#pöytä
operaatioiden	NOUN	operaatio
operaatiot	NOUN	operaatio
operaattoreiden	NOUN	operaattori
operaattorivetoisilla	ADJ	operaattori#vetoinen
operationalisoinnin	NOUN	operationalisointi
operoiva	VERB	operoida
operoivasta	VERB	operoida
opetelleen	VERB	opetella
opeteltavaa	VERB	opetella
opetettaviin	VERB	opettaa
opetetuksi	VERB	opettaa
opettajaan	PROPN	Opettaja
opettajaani	NOUN	opettaja
opettajan	NOUN	opettaja
opettajana	NOUN	opettaja
opettajansa	NOUN	opettaja
opettajasta	NOUN	opettaja
opettajat	NOUN	opettaja
opettajatuutorointijärjestelmän	NOUN	opettaja#tuutorointi#järjestelmä
opettajia	NOUN	opettaja
opettajien	NOUN	opettaja
opettajilla	NOUN	opettaja
opettajille	NOUN	opettaja
opettajista	NOUN	opettaja
opettanut	VERB	opettaa
opetteluun	NOUN	opettelu
opetukseen	NOUN	opetus
opetuksen	NOUN	opetus
opetuksensa	NOUN	opetus
opetuksessa	NOUN	opetus
opetus-	NOUN	opetus
opetusmaatilan	NOUN	opetus#maa#tila
opetusmetsän	NOUN	opetus#metsä
opetusmielessä	NOUN	opetus#mieli
opetusministeriön	NOUN	opetus#ministeriö
opetusta	NOUN	opetus
opetustapojen	NOUN	opetus#tapa
opetustarkoituksessa	NOUN	opetus#tarkoitus
opetustehtäviin	NOUN	opetus#tehtävä
opexin	PROPN	Opex
opimme	VERB	oppia
opin	VERB	oppia
opinkin	VERB	oppia
opinnoilleen	NOUN	opinto
opinnoissaan	NOUN	opinnot
opinnot	NOUN	opinto
opinnäytetyön	NOUN	opin#näyte#työ
opinnäytetyöstä	NOUN	opin#näyte#työ
opinnäytetöiden	NOUN	opin#näyte#työ
opinnäytteitä	NOUN	opin#näyte
opintietään	NOUN	opin#tie
opinto-ohjaajille	NOUN	opinto#ohjaaja
opintoihin	NOUN	opinnot
opintoja	NOUN	opinnot
opintojaan	NOUN	opinto
opintojen	NOUN	opinto
opintojensa	NOUN	opinto
opintomatkan	NOUN	opinto#matka
opintopisteen	NOUN	opinto#piste
opintopisteensä	NOUN	opinto#piste
opintopisteet	NOUN	opinto#piste
opintopistehyvityksen	NOUN	opinto#piste#hyvitys
opintopisteillä	NOUN	opinto#piste
opintopisteisiin	NOUN	opinto#piste
opintopisteitä	NOUN	opinto#piste
opintopistemäärän	NOUN	opinto#piste#määrä
opintopistettä	NOUN	opinto#piste
opintosihteerin	NOUN	opinto#sihteeri
opintosihteeriä	NOUN	opinto#sihteeri
opintouudistuksessa	NOUN	opinto#uudistus
opiskele	VERB	opiskella
opiskelee	VERB	opiskella
opiskelemaan	VERB	opiskella
opiskelemassa	VERB	opiskella
opiskeleva	VERB	opiskella
opiskelevat	VERB	opiskella
opiskeleville	NOUN	opiskeleva
opiskeli	VERB	opiskella
opiskelija-asunnossa	NOUN	opiskelija#asunto
opiskelijaa	NOUN	opiskelija
opiskelijaan	NOUN	opiskelija
opiskelijabudjetissa	NOUN	opiskelija#budjetti
opiskelijaedustajiin	NOUN	opiskelija#edustaja
opiskelijaedustuksen	NOUN	opiskelija#edustus
opiskelijailloissa	NOUN	opiskelija#ilta
opiskelijajäsentä	NOUN	opiskelija#jäsen
opiskelijalle	NOUN	opiskelija
opiskelijalta	NOUN	opiskelija
opiskelijamoraalin	NOUN	opiskelija#moraali
opiskelijan	NOUN	opiskelija
opiskelijana	NOUN	opiskelija
opiskelijaryhmien	NOUN	opiskelija#ryhmä
opiskelijaryhmää	NOUN	opiskelija#ryhmä
opiskelijasta	NOUN	opiskelija
opiskelijat	NOUN	opiskelija
opiskelijoiden	NOUN	opiskelija
opiskelijoihin	NOUN	opiskelija
opiskelijoille	NOUN	opiskelija
opiskelijoina	NOUN	opiskelija
opiskelijoista	NOUN	opiskelija
opiskelijoita	NOUN	opiskelija
opiskelijoitaan	NOUN	opiskelija
opiskellessaan	VERB	opiskella
opiskellut	VERB	opiskella
opiskeltaessa	VERB	opiskella
opiskelu-	NOUN	opiskelu
opiskelualallani	NOUN	opiskelu#ala
opiskelujen	NOUN	opiskelu
opiskelunsa	NOUN	opiskelu
opiskelupaikkaa	NOUN	opiskelu#paikka
opiskelupaikkaani	NOUN	opiskelu#paikka
opiskelupaikkana	NOUN	opiskelu#paikka
opiskelupaikkoihin	NOUN	opiskelu#paikka
opiskelusta	NOUN	opiskelu
opiskelut	NOUN	opiskelu
opiskelutoveriaan	NOUN	opiskelu#toveri
opiskelutoverit	NOUN	opiskelu#toveri
opiskeluvaihtoa	NOUN	opiskelu#vaihto
opisto-	NOUN	opisto
opitaan	VERB	oppia
opittava	VERB	oppia
opittiin	VERB	oppia
oppaana	NOUN	opas
oppaassa	NOUN	opas
oppaat	NOUN	opas
oppeja	NOUN	oppi
oppi	VERB	oppia
oppi-	NOUN	oppi
oppia	NOUN	oppi
oppiaineeksi	NOUN	oppi#aine
oppiaineen	NOUN	oppi#aine
oppiaineeseen	NOUN	oppi#aine
oppiaineesta	NOUN	oppi#aine
oppiaineet	NOUN	oppi#aine
oppiaineiden	NOUN	oppi#aine
oppiaineissa	NOUN	oppi#aine
oppien	NOUN	oppi
oppijat	NOUN	oppija
oppilaana	NOUN	oppilas
oppilaat	NOUN	oppilas
oppilaiden	NOUN	oppilas
oppilaitoksen	NOUN	oppi#laitos
oppilasryhmältä	NOUN	oppilas#ryhmä
oppilasta	NOUN	oppilas
oppilastovereitaan	NOUN	oppilas#toveri
oppimisen	NOUN	oppiminen
oppimisessani	NOUN	oppiminen
oppimispäiväkirjalle	NOUN	oppimis#päivä#kirja
oppimispäiväkirjan	NOUN	oppimis#päivä#kirja
oppimista	NOUN	oppiminen
oppineisuuden	NOUN	oppineisuus
oppinu	VERB	oppia
oppinut	VERB	oppia
oppitunnin	NOUN	oppi#tunti
oppitunteja	NOUN	oppi#tunti
oppituntien	NOUN	oppi#tunti
oppituntina	NOUN	oppi#tunti
oppivat	VERB	oppia
oppivelvollisuuslakia	NOUN	oppi#velvollisuus#laki
opponoivat	VERB	opponoida
opportunistifilosofien	NOUN	opportunisti#filosofi
opportunistit	NOUN	opportunisti
oppositiolle	NOUN	oppositio
opposition	NOUN	oppositio
oppositiota	NOUN	oppositio
optimia	NOUN	optimi
optimistissa	NOUN	optimisti
optimoinnin	NOUN	optimointi
optisia	ADJ	optinen
optoerottimen	NOUN	optoerotin
optoerottimista	NOUN	opto#erotin
oranssi-sini-valkoinen	ADJ	oranssi#sini#valkoinen
oranssia	ADJ	oranssi
oranssin	ADJ	oranssi
oranssina	ADJ	oranssi
oranssit	ADJ	oranssi
orastukseni	NOUN	orastus
oravaa	NOUN	orava
oravan	NOUN	orava
oravanpyörästä	NOUN	orava#pyörä
ordan	NOUN	orda
oreganoa	NOUN	oregano
orenburgin	PROPN	Orenburg
organisaatioiden	NOUN	organisaatio
organisaatioille	NOUN	organisaatio
organisaatiolle	NOUN	organisaatio
organisaation	NOUN	organisaatio
organisaationne	NOUN	organisaatio
organisaatiorakenteestaan	NOUN	organisaatio#rakenne
organisaatiota	NOUN	organisaatio
organismille	NOUN	organismi
organisoi	VERB	organisoida
organisoimaan	VERB	organisoida
orgasmia	NOUN	orgasmi
origeneen	PROPN	Origenes
orionin	PROPN	Orion
orionissa	PROPN	Orion
orissassa	PROPN	Orissa
orjakauppaa	NOUN	orja#kauppa
orjamaisissa	ADJ	orjamainen
orjia	NOUN	orja
orjuuden	NOUN	orjuus
orjuudessa	NOUN	orjuus
orjuuteen	NOUN	orjuus
orjuutta	NOUN	orjuus
orjuuttaisimme	VERB	orjuuttaa
orjuuttamista	NOUN	orjuuttaminen
orkestereita	NOUN	orkesteri
orkesterin	NOUN	orkesteri
orkideapolkua	NOUN	orkidea#polku
orkideapolulla	NOUN	orkidea#polku
orkideapolun	NOUN	orkidea#polku
orleansissa	PROPN	Orleans
ortodoksikirkon	NOUN	ortodoksi#kirkko
ortodoksiselle	ADJ	ortodoksinen
ortodoksisen	ADJ	ortodoksinen
ortodoksisessa	ADJ	ortodoksinen
ortodoksisilla	ADJ	ortodoksinen
ortopedian	NOUN	ortopedia
ortopediset	ADJ	ortopedinen
orvoille	ADJ	orpo
orvon	NOUN	orpo
orvot	NOUN	orpo
osa-aika-	NOUN	osa#aika
osa-aikaisena	ADJ	osa#aikainen
osa-aikaista	ADJ	osa#aikainen
osa-alueeseen	NOUN	osa#alue
osa-alueeseensa	NOUN	osa#alue
osa-alueilla	NOUN	osa#alue
osaa	NOUN	osa
osaa	VERB	osata
osaajasta	NOUN	osaaja
osaajia	NOUN	osaaja
osaajien	NOUN	osaaja
osaakaan	NOUN	osa
osaako	VERB	osata
osaamatta	VERB	osata
osaamiseen	NOUN	osaaminen
osaamisen	NOUN	osaaminen
osaamisesta	NOUN	osaaminen
osaamisintensiivisten	ADJ	osaamis#intensiivinen
osaamista	NOUN	osaaminen
osaamistaan	NOUN	osaaminen
osaamme	VERB	osata
osaan	NOUN	osa
osaan	VERB	osata
osaanko	VERB	osata
osaatteko	VERB	osata
osaavaa	VERB	osata
osaavan	VERB	osata
osaavatko	VERB	osata
osaaviksi	ADJ	osaava
osaisi	VERB	osata
osaisikaan	VERB	osata
osaisimme	VERB	osata
osaisivat	VERB	osata
osaisivatko	VERB	osata
osakekohteisiin	NOUN	osake#kohde
osakekurssit	NOUN	osake#kurssi
osakemeklarit	NOUN	osake#meklari
osakesijoittajien	NOUN	osake#sijoittaja
osakesuositusta	NOUN	osake#suositus
osaketta	NOUN	osake
osakeyhtiöitä	NOUN	osake#yhtiö
osakeyhtiön	NOUN	osake#yhtiö
osakilpailua	NOUN	osa#kilpailu
osakkaaksi	NOUN	osakas
osakkeen	NOUN	osake
osakkeet	NOUN	osake
osakkeiden	NOUN	osake
osakkeilla	NOUN	osake
osakkeita	NOUN	osake
osaksi	NOUN	osa
osalle	NOUN	osa
osallistuessa	VERB	osallistua
osallistui	VERB	osallistua
osallistuin	VERB	osallistua
osallistuivat	VERB	osallistua
osallistujamäärän	NOUN	osallistuja#määrä
osallistujat	NOUN	osallistuja
osallistujia	NOUN	osallistuja
osallistukaa	VERB	osallistua
osallistumaan	VERB	osallistua
osallistumasta	VERB	osallistua
osallistumattomia	ADJ	osallistumaton
osallistumattomien	ADJ	osallistumaton
osallistumattomille	ADJ	osallistumaton
osallistumisen	NOUN	osallistuminen
osallistumisesta	NOUN	osallistuminen
osallistumista	NOUN	osallistuminen
osallistuneet	VERB	osallistua
osallistuneille	VERB	osallistua
osallistuneillekin	VERB	osallistua
osallistunut	VERB	osallistua
osallistunutkaan	VERB	osallistua
osallistuu	VERB	osallistua
osallistuva	VERB	osallistua
osallistuvaa	ADJ	osallistuva
osallistuvan	NOUN	osallistuva
osallistuvan	VERB	osallistua
osallistuvat	VERB	osallistua
osallistuvia	VERB	osallistua
osallistuvien	VERB	osallistua
osallistuviksi	VERB	osallistua
osallistuvissa	VERB	osallistua
osallisuutta	NOUN	osallisuus
osalta	NOUN	osa
osaltaan	NOUN	osa
osaltamme	NOUN	osa
osan	NOUN	osa
osana	NOUN	osa
osanneen	VERB	osata
osanneet	VERB	osata
osannu	VERB	osata
osannut	VERB	osata
osanoton	NOUN	osanotto
osansa	NOUN	osa
osapuoleksi	NOUN	osa#puoli
osapuolelle	NOUN	osa#puoli
osapuolelta	NOUN	osa#puoli
osapuolen	NOUN	osa#puoli
osapuolet	NOUN	osa#puoli
osapuolia	NOUN	osa#puoli
osapuolien	NOUN	osa#puoli
osapuolilla	NOUN	osa#puoli
osapuolille	NOUN	osa#puoli
osapuolina	NOUN	osa#puoli
osapuolten	NOUN	osa#puoli
osasi	VERB	osata
osasin	VERB	osata
osasivat	VERB	osata
osassa	NOUN	osa
osasta	NOUN	osa
osastoihin	NOUN	osasto
osastolla	NOUN	osasto
osasyynä	NOUN	osa#syy
osat	NOUN	osa
osataan	VERB	osata
osattu	VERB	osata
osaturnaukseen	NOUN	osa#turnaus
osavaltioiden	NOUN	osa#valtio
osavaltioita	NOUN	osa#valtio
osavaltiossa	NOUN	osa#valtio
osavuosikatsauksessa	NOUN	osa#vuosi#katsaus
osbournen	PROPN	Osbourne
oscar-ehdokkuuden	NOUN	Oscar#ehdokkuus
oscar-palkinnon	NOUN	Oscar#palkinto
osia	NOUN	osa
osien	NOUN	osa
osille	NOUN	osa
osiltaan	NOUN	osa
osin	NOUN	osa
osina	NOUN	osa
osiot	NOUN	osio
osissa	NOUN	osa
osittaisten	ADJ	osittainen
osoitetaan	VERB	osoittaa
osoitetta	NOUN	osoite
osoitettava	VERB	osoittaa
osoitettiin	VERB	osoittaa
osoitettu	VERB	osoittaa
osoitetut	VERB	osoittaa
osoittaakseen	VERB	osoittaa
osoittamaan	VERB	osoittaa
osoittamalla	VERB	osoittaa
osoittaneet	VERB	osoittaa
osoittanut	VERB	osoittaa
osoittautui	VERB	osoittautua
osoittautuivat	VERB	osoittautua
osoittautunut	VERB	osoittautua
osoittautuu	VERB	osoittautua
osoittavat	VERB	osoittaa
osoitteesta	NOUN	osoite
osoitteet	NOUN	osoite
osoitteiden	NOUN	osoite
osoitti	VERB	osoittaa
osoittivat	VERB	osoittaa
osoituksena	NOUN	osoitus
ostaako	VERB	ostaa
ostajalle	NOUN	ostaja
ostajan	NOUN	ostaja
ostajat	NOUN	ostaja
ostajien	NOUN	ostaja
ostajiin	NOUN	ostaja
ostajiksi	NOUN	ostaja
ostakaa	VERB	ostaa
ostamaan	VERB	ostaa
ostamaani	VERB	ostaa
ostamalla	VERB	ostaa
ostamassa	VERB	ostaa
ostamiselle	NOUN	ostaminen
ostamista	NOUN	ostaminen
ostan	VERB	ostaa
ostaneensa	VERB	ostaa
ostanut	VERB	ostaa
ostanutkaan	VERB	ostaa
ostava	VERB	ostaa
ostavansa	VERB	ostaa
ostavat	VERB	ostaa
ostavia	VERB	ostaa
ostelua	NOUN	ostelu
ostendessä	PROPN	Ostende
ostetaan	VERB	ostaa
ostettiin	VERB	ostaa
ostettu	VERB	ostaa
ostettuja	VERB	ostaa
ostettujen	VERB	ostaa
ostetuissa	VERB	ostaa
ostetuista	VERB	ostaa
osti	VERB	ostaa
ostin	VERB	ostaa
ostokset	NOUN	ostos
ostoksia	NOUN	ostos
ostoksilla	NOUN	ostos
ostokäyttäytymisen	NOUN	osto#käyttäytyminen
oston	NOUN	osto
ostoon	NOUN	osto
ostopäällikköindeksin	NOUN	osto#päällikkö#indeksi
ostopäätöstä	NOUN	osto#päätös
ostoslistalla	NOUN	ostos#lista
ostoslistan	NOUN	ostos#lista
ostossaldoni	NOUN	ostos#saldo
osuessaan	VERB	osua
osui	VERB	osua
osuikin	VERB	osua
osumaa	NOUN	osuma
osumaan	VERB	osua
osumallaan	NOUN	osuma
osuneen	VERB	osua
osunut	VERB	osua
osuttua	VERB	osua
osuu	VERB	osua
osuudella	NOUN	osuus
osuudellaan	NOUN	osuus
osuudellani	NOUN	osuus
osuudeltaan	NOUN	osuus
osuuden	NOUN	osuus
osuudessa	NOUN	osuus
osuudesta	NOUN	osuus
osuudet	NOUN	osuus
osuukin	VERB	osua
osuuskunnalta	NOUN	osuus#kunta
osuusmeijereiden	NOUN	osuus#meijeri
osuutensa	NOUN	osuus
osuutta	NOUN	osuus
osuvaa	ADJ	osuva
osuvampaa	ADJ	osuva
osuvat	VERB	osua
osviittaa	NOUN	osviitta
ota	VERB	ottaa
otakin	VERB	ottaa
otamme	VERB	ottaa
otan	VERB	ottaa
otaniemeen	PROPN	Otaniemi
otaniemen	PROPN	Otaniemi
otaniemestä	PROPN	Otaniemi
otat	VERB	ottaa
otathan	VERB	ottaa
otatte	VERB	ottaa
oteta	VERB	ottaa
otetaan	VERB	ottaa
otetta	NOUN	ote
otettaan	NOUN	ote
otettaessa	VERB	ottaa
otettaisiin	VERB	ottaa
otettava	VERB	ottaa
otettiin	VERB	ottaa
otettiinko	VERB	ottaa
otettu	VERB	ottaa
otettuamme	VERB	ottaa
otimme	VERB	ottaa
otin	VERB	ottaa
otoksen	NOUN	otos
otoksia	NOUN	otos
otoksista	NOUN	otos
otolliset	ADJ	otollinen
otollista	ADJ	otollinen
otsaan	NOUN	otsa
otsaansa	NOUN	otsa
otsalohkoni	NOUN	otsa#lohko
otsan	NOUN	otsa
otsani	NOUN	otsa
otsanryppyihin	NOUN	otsa#ryppy
otsaryppyjen	NOUN	otsa#ryppy
otsaryppyjä	NOUN	otsa#ryppy
otsaryppynsä	NOUN	otsa#ryppy
otsarypyt	NOUN	otsa#ryppy
otsassaan	NOUN	otsa
otsat	NOUN	otsa
otsikkona	NOUN	otsikko
otsikoissa	NOUN	otsikko
otsikolla	NOUN	otsikko
otsikon	NOUN	otsikko
ottaen	VERB	ottaa
ottaenkin	VERB	ottaa
ottaessaan	VERB	ottaa
ottaisi	VERB	ottaa
ottaisimme	VERB	ottaa
ottakaa	VERB	ottaa
ottamaan	VERB	ottaa
ottamalla	VERB	ottaa
ottamani	VERB	ottaa
ottamatta	VERB	ottaa
ottamiin	VERB	ottaa
ottamiseen	NOUN	ottaminen
ottamiseksi	NOUN	ottaminen
ottamisen	NOUN	ottaminen
ottamista	NOUN	ottaminen
ottaneena	VERB	ottaa
ottaneet	VERB	ottaa
ottanette	VERB	ottaa
ottanut	VERB	ottaa
ottavan	VERB	ottaa
ottavat	VERB	ottaa
ottavien	VERB	ottaa
otteeseen	NOUN	ote
otteesta	NOUN	ote
otteilla	NOUN	ote
otteita	NOUN	ote
ottelua	NOUN	ottelu
otteluissa	NOUN	ottelu
ottelulle	NOUN	ottelu
ottelun	NOUN	ottelu
ottelupaikalla	NOUN	ottelu#paikka
ottelussa	NOUN	ottelu
ottelut	NOUN	ottelu
otti	VERB	ottaa
ottikin	VERB	ottaa
ottivat	VERB	ottaa
ottomaaneille	NOUN	ottomaani
ottomaanien	NOUN	ottomaani
ottovanhempiensa	NOUN	otto#vanhempi
otuksia	NOUN	otus
oudolla	ADJ	outo
oudolta	ADJ	outo
oudon	ADJ	outo
oudot	ADJ	outo
oululaisia	NOUN	oululainen
oululaisten	NOUN	oululainen
oulun	PROPN	Oulu
oulussa	PROPN	Oulu
ouluun	PROPN	Oulu
outoa	ADJ	outo
outoa	NOUN	outo
outoilijan	NOUN	outoilija
outoja	ADJ	outo
outokummun	PROPN	Outokumpu
outotecin	PROPN	Outotec
ovat	AUX	olla
ovat	VERB	olla
ovat	X	_
ovathan	AUX	olla
ovatkaan	AUX	olla
ovatkin	AUX	olla
ovatko	AUX	olla
ovea	NOUN	ovi
oveakaan	NOUN	ovi
oveen	NOUN	ovi
ovelimmalla	ADJ	ovela
ovella	NOUN	ovi
ovelle	NOUN	ovi
ovelta	NOUN	ovi
oven	NOUN	ovi
ovenkahvassa	NOUN	oven#kahva
ovensa	NOUN	ovi
ovensuusa	NOUN	oven#suu
ovensuussa	NOUN	oven#suu
ovessa	NOUN	ovi
ovesta	NOUN	ovi
ovet	NOUN	ovi
oviaukosta	NOUN	ovi#aukko
ovien	NOUN	ovi
ovikelloa	NOUN	ovi#kello
ovilla	NOUN	ovi
oxfordissa	PROPN	Oxford
oxfordshireen	PROPN	Oxfordshire
oy:llä	NOUN	oy
oy:n	NOUN	oy
oy:n	PROPN	oy
oy:stä	NOUN	oy
ozjorskin	PROPN	Ozjorski
o’brienin	PROPN	O’Brien
p-klubin	PROPN	P-klubi
p-klubista	PROPN	P-klubi
p2p-kakusta	NOUN	p2p#kakku
p2p-käyttö	NOUN	p2p#käyttö
p2p-protokollien	NOUN	p2p#protokolla
p2p-tietoliikenteestä	NOUN	p2p#tieto#liikenne
p:n	PROPN	P
paahdettuja	VERB	paahtaa
paahtoleivän	NOUN	paahto#leipä
paaluja	NOUN	paalu
paalujen	NOUN	paalu
paalupaikkoja	NOUN	paalu#paikka
paasikivelle	PROPN	Paasikivi
paavalin	PROPN	Paavali
paavokaa	PROPN	Paavo
packin	PROPN	Pack
padon	NOUN	pato
paennutta	VERB	paeta
paflagoniaa	PROPN	Paflagonia
paflagoniaan	PROPN	Paflagonia
paflagonian	PROPN	Paflagonia
pafosissa	PROPN	Pafos
pahaa	ADJ	paha
pahaa-aavistamattomille	ADJ	pahaa-aavistamaton
pahaakin	ADJ	paha
pahaenteiseltä	ADJ	paha#enteinen
pahalta	ADJ	paha
pahan	ADJ	paha
pahana	ADJ	paha
pahanhajuiseksi	ADJ	pahan#hajuinen
pahantekijöitä	NOUN	pahan#tekijä
paheksunut	VERB	paheksua
paheksuu	VERB	paheksua
pahemman	ADJ	paha
pahempia	ADJ	paha
pahenee	VERB	paheta
pahenemisen	NOUN	paheneminen
pahenevat	VERB	paheta
pahimman	ADJ	paha
pahimmassa	ADJ	paha
pahimmasta	ADJ	paha
pahimmista	ADJ	paha
pahimpia	ADJ	paha
pahin	ADJ	paha
pahinta	ADJ	paha
pahoilla	ADJ	paha
pahoillani	ADV	pahoillaan
pahoinpideltiin	VERB	pahoinpidellä
pahoinpitelivät	VERB	pahoinpidellä
pahoinvointia	NOUN	pahoin#vointi
pahoitellut	VERB	pahoitella
pahoittelen	VERB	pahoitella
pahoitteli	VERB	pahoitella
pahoittelut	NOUN	pahoittelu
pahoja	ADJ	paha
pahojen	ADJ	paha
paholaisen	NOUN	paholainen
pahuksen	NOUN	pahus
pahvilaatikoiden	NOUN	pahvi#laatikko
pahvilaatikollista	NOUN	pahvi#laatikollinen
pahvitornia	NOUN	pahvi#torni
paidan	NOUN	paita
paidassa	NOUN	paita
paidatta	NOUN	paita
paikaksi	NOUN	paikka
paikalla	NOUN	paikka
paikallaan	NOUN	paikka
paikallasi	NOUN	paikka
paikalle	NOUN	paikka
paikalleen	NOUN	paikka
paikallesi	NOUN	paikka
paikallisella	ADJ	paikallinen
paikallisen	ADJ	paikallinen
paikallisena	ADJ	paikallinen
paikalliset	ADJ	paikallinen
paikallishallinnolle	NOUN	paikallis#hallinto
paikallisia	ADJ	paikallinen
paikallisia	NOUN	paikallinen
paikallisista	ADJ	paikallinen
paikallista	ADJ	paikallinen
paikallisten	ADJ	paikallinen
paikallisti	VERB	paikallistaa
paikallisvaaleja	NOUN	paikallis#vaalit
paikallisvaalien	NOUN	paikallis#vaalit
paikallisverkkoon	NOUN	paikallis#verkko
paikallisviranomaisten	NOUN	paikallis#viran#omainen
paikalta	NOUN	paikka
paikaltaan	NOUN	paikka
paikan	NOUN	paikka
paikannusjärjestelmät	NOUN	paikannus#järjestelmä
paikantamiseen	NOUN	paikantaminen
paikassa	NOUN	paikka
paikasta	NOUN	paikka
paikat	NOUN	paikka
paikataan	VERB	paikata
paikkaa	NOUN	paikka
paikkaamiseksi	NOUN	paikkaaminen
paikkaan	NOUN	paikka
paikkaansa	NOUN	paikka
paikkakunnalla	NOUN	paikka#kunta
paikkakunnalta	NOUN	paikka#kunta
paikkakunnan	NOUN	paikka#kunta
paikkamme	NOUN	paikka
paikkansa	NOUN	paikka
paikkoihin	NOUN	paikka
paikkoja	NOUN	paikka
paikoillani	ADV	paikoillaan
paikoillanne	NOUN	paikka
paikoiltaan	NOUN	paikka
paikosta	NOUN	paikko
paina	VERB	painaa
painaen	VERB	painaa
painajaisia	NOUN	painajainen
painamalla	VERB	painaa
painamisesta	NOUN	painaminen
painan	VERB	painaa
painanut	VERB	painaa
painautumalla	VERB	painautua
painavaa	ADJ	painava
painavat	ADJ	painava
painavat	VERB	painaa
paineen	NOUN	paine
paineessa	NOUN	paine
paineet	NOUN	paine
paineita	NOUN	paine
painele	VERB	painella
painetaan	VERB	painaa
painettaessa	VERB	painaa
painettuna	VERB	painaa
painiskelin	VERB	painiskella
paino	VERB	painaa
painoi	VERB	painaa
painoin	VERB	painaa
painoivat	VERB	painaa
painojakauman	NOUN	paino#jakauma
painokelpoista	ADJ	paino#kelpoinen
painon	NOUN	paino
painonapit	NOUN	paino#nappi
painopaperitehdasta	NOUN	paino#paperi#tehdas
painorajoitettu	VERB	paino#rajoittaa
painosta	NOUN	paino
painostusryhmien	NOUN	painostus#ryhmä
painostusta	NOUN	painostus
painotetaan	VERB	painottaa
painotettu	VERB	painottaa
painotettua	VERB	painottaa
painotettuihin	VERB	painottaa
painotetun	VERB	painottaa
painottava	VERB	painottaa
painottavat	VERB	painottaa
painotti	VERB	painottaa
painottuu	VERB	painottua
painotuksesta	NOUN	painotus
painotuksia	NOUN	painotus
painu	VERB	painua
painui	VERB	painua
painumistani	NOUN	painuminen
painuvat	VERB	painua
paiskaan	VERB	paiskata
paiskasi	VERB	paiskata
paiskautuen	VERB	paiskautua
paiskimaan	VERB	paiskia
paiskontaa	NOUN	paiskonta
paiskovat	VERB	paiskoa
paista	VERB	paistaa
paisteltua	VERB	paistella
paistettuna	VERB	paistaa
paistetun	VERB	paistaa
paistileikkeet	NOUN	paisti#leike
paistileikkeitä	NOUN	paisti#leike
paistinpannulla	NOUN	paistin#pannu
paistoa	NOUN	paisto
paistoin	VERB	paistaa
paiston	NOUN	paisto
paisui	VERB	paisua
paisumaan	VERB	paisua
paisunut	VERB	paisua
paisuttamaan	VERB	paisuttaa
paisuu	VERB	paisua
paisuvan	VERB	paisua
paitaan	NOUN	paita
paitapuseroni	NOUN	paita#pusero
paitojen	NOUN	paita
pajun	PROPN	Paju
pajusen	PROPN	Pajunen
pakanauskonnoiksi	NOUN	pakana#uskonto
pakastekasvikset	NOUN	pakaste#kasvis
pakastesushia	NOUN	pakaste#sushi
pakastinta	NOUN	pakastin
pakataan	VERB	pakata
pakenemaan	VERB	paeta
pakenevan	VERB	paeta
pakenevia	VERB	paeta
pakeni	VERB	paeta
paketin	NOUN	paketti
paketissa	NOUN	paketti
paketista	NOUN	paketti
paketit	NOUN	paketti
pakettiautoa	NOUN	paketti#auto
pakettiautoja	NOUN	paketti#auto
pakettiautot	NOUN	paketti#auto
pakettiin	NOUN	paketti
pakistanin	PROPN	Pakistan
pakistanissa	PROPN	Pakistan
pakkaamista	NOUN	pakkaaminen
pakkaillut	VERB	pakkailla
pakkasessa	NOUN	pakkanen
pakkaset	NOUN	pakkanen
pakkasin	VERB	pakata
pakkassään	NOUN	pakkas#sää
pakkasta	NOUN	pakkanen
pakkasyön	NOUN	pakkas#yö
pakkauduttiin	VERB	pakkautua
pakkaukset	NOUN	pakkaus
pakkoa	NOUN	pakko
pakkohan	NOUN	pakko
pakkokeinojen	NOUN	pakko#keino
pakkolomaa	NOUN	pakko#loma
pakkotyöhön	NOUN	pakko#työ
pakkovoiton	NOUN	pakko#voitto
pakoillen	VERB	pakoilla
pakolaishallituksen	NOUN	pakolais#hallitus
pakolaisista	NOUN	pakolainen
pakolaisten	NOUN	pakolainen
pakollisen	ADJ	pakollinen
pakollisesta	ADJ	pakollinen
pakolliset	ADJ	pakollinen
pakomatkaksi	NOUN	pako#matka
pakomatkan	NOUN	pako#matka
pakonomaisesti	ADV	pakko#omaisesti
pakonsa	NOUN	pako
pakopaikkana	NOUN	pako#paikka
pakoputkiin	NOUN	pako#putki
pakoputkista	NOUN	pako#putki
pakotepolitiikan	NOUN	pakote#politiikka
pakotetaan	VERB	pakottaa
pakotettu	VERB	pakottaa
pakottamisen	NOUN	pakottaminen
pakottamista	NOUN	pakottaminen
pakottanut	VERB	pakottaa
pakottavaa	ADJ	pakottava
pakottavat	VERB	pakottaa
pakotteet	NOUN	pakote
pakotteiden	NOUN	pakote
pakotteille	NOUN	pakote
pakotteisiin	NOUN	pakote
pakotteista	NOUN	pakote
pakotteita	NOUN	pakote
pakotti	VERB	pakottaa
paksu-	ADJ	paksu
paksua	ADJ	paksu
paksujalkaa	NOUN	paksu#jalka
paksujen	ADJ	paksu
paksun	ADJ	paksu
palaa	VERB	palata
palaamaan	VERB	palata
palaamassa	VERB	palata
palaamisen	NOUN	palaaminen
palaamme	VERB	palata
palaan	VERB	palata
palaavat	VERB	palata
palailee	VERB	palailla
palaisi	VERB	palata
palalta	NOUN	pala
palamaan	VERB	palaa
palamassa	VERB	palaa
palamaton	VERB	palaa
palaneet	VERB	palaa
palanneiden	VERB	palata
palasen	NOUN	palanen
palaset	NOUN	palanen
palasi	VERB	palata
palasia	NOUN	palanen
palasiksi	NOUN	palanen
palasin	VERB	palata
palaten	VERB	palata
palatessaan	VERB	palata
palattava	VERB	palata
palattiin	VERB	palata
palattuani	VERB	palata
palautejärjestelmän	NOUN	palaute#järjestelmä
palautekyselyn	NOUN	palaute#kysely
palautekyselyä	NOUN	palaute#kysely
palautelomakekin	NOUN	palaute#lomake
palautetaan	VERB	palauttaa
palautetta	NOUN	palaute
palautettava	VERB	palauttaa
palautettavien	VERB	palauttaa
palautettiin	VERB	palauttaa
palautettua	VERB	palauttaa
palauttamaan	VERB	palauttaa
palauttamiseksi	NOUN	palauttaminen
palauttamisen	NOUN	palauttaminen
palauttamista	NOUN	palauttaminen
palauttanet	VERB	palauttaa
palauttanut	VERB	palauttaa
palauttava	VERB	palauttaa
palautteena	NOUN	palaute
palautti	VERB	palauttaa
palautui	VERB	palautua
palautuksen	NOUN	palautus
palautumisen	NOUN	palautuminen
palautuspäivää	NOUN	palautus#päivä
palautuu	VERB	palautua
palava	VERB	palaa
palavaan	VERB	palaa
palavan	VERB	palaa
palavereja	NOUN	palaveri
paleartisen	ADJ	paleartinen
palelen	VERB	palella
paleleviin	ADJ	paleleva
palellutettuani	VERB	palelluttaa
palelsi	VERB	paleltaa
palestiinalaisten	NOUN	palestiinalainen
palestiinan	PROPN	Palestiina
palikoilla	NOUN	palikka
paljaalla	ADJ	paljas
paljaana	ADJ	paljas
paljailla	ADJ	paljas
paljain	ADJ	paljas
paljaita	ADJ	paljas
paljakan	PROPN	Paljakka
paljasnaamalepakon	NOUN	paljas#naama#lepakko
paljastamasta	VERB	paljastaa
paljastanut	VERB	paljastaa
paljastava	VERB	paljastaa
paljastavan	VERB	paljastaa
paljastetaan	VERB	paljastaa
paljastettu	VERB	paljastaa
paljasti	VERB	paljastaa
paljastui	VERB	paljastua
paljastuisi	VERB	paljastua
paljastukseni	NOUN	paljastus
paljastumisen	NOUN	paljastuminen
paljastunut	VERB	paljastua
paljastusten	NOUN	paljastus
paljastuu	VERB	paljastua
paljettimekossasi	NOUN	paljetti#mekko
paljo	ADV	paljon
paljoa	ADJ	paljo
paljonkin	ADV	paljon
paljonko	ADV	paljon
paljonks	ADV	paljon
paljossa	ADJ	paljo
paljouteen	NOUN	paljous
palkalla	NOUN	palkka
palkan	NOUN	palkka
palkankorotuksia	NOUN	palkan#korotus
palkankorotuksista	NOUN	palkan#korotus
palkanlaskennan	NOUN	palkan#laskenta
palkannut	VERB	palkata
palkansaajia	NOUN	palkan#saaja
palkat	NOUN	palkka
palkattiin	VERB	palkata
palkattu	VERB	palkata
palkeitteni	NOUN	palje
palkinnoksi	NOUN	palkinto
palkinnon	NOUN	palkinto
palkinnot	NOUN	palkinto
palkintojenjakotilaisuudessa	NOUN	palkintojen#jako#tilaisuus
palkintojenjakotilaisuuksissa	NOUN	palkintojen#jako#tilaisuus
palkintoperusteissa	NOUN	palkinto#peruste
palkintoperusteluissa	NOUN	palkinto#perustelu
palkitsee	VERB	palkita
palkitsivat	VERB	palkita
palkittiin	VERB	palkita
palkittu	VERB	palkita
palkitusta	VERB	palkita
palkkaama	VERB	palkata
palkkaamaan	VERB	palkata
palkkaamistaan	NOUN	palkkaaminen
palkkalistoilla	NOUN	palkka#lista
palkkanauhansa	NOUN	palkka#nauha
palkkaperusteisten	ADJ	palkka#perusteinen
palkkapussia	NOUN	palkka#pussi
palkkasi	VERB	palkata
palkkatyön	NOUN	palkka#työ
palkkauskustannuksista	NOUN	palkkaus#kustannus
palkkioksi	NOUN	palkkio
palkkion	NOUN	palkkio
palkkiosta	NOUN	palkkio
palkkiot	NOUN	palkkio
palkkiotuotot	NOUN	palkkio#tuotto
palkkoja	NOUN	palkka
palkokasveja	NOUN	palko#kasvi
pallaksella	PROPN	Pallas
pallerokyljyksiä	NOUN	pallero#kyljys
pallerot	NOUN	pallero
palloa	NOUN	pallo
palloiksi	NOUN	pallo
palloilla	NOUN	pallo
palloiluhallin	NOUN	palloilu#halli
palloilulajien	NOUN	palloilu#laji
palloja	NOUN	pallo
pallokin	NOUN	pallo
pallon	NOUN	pallo
pallonpuoliskon	NOUN	pallon#puolisko
palloset	NOUN	pallonen
palloseuraa	NOUN	pallo#seura
palloseuralta	NOUN	pallo#seura
palloseuran	NOUN	pallo#seura
pallot	NOUN	pallo
palmasiin	PROPN	Palmas
palmen	PROPN	Palme
paloa	NOUN	palo
paloi	VERB	palaa
paloiksi	NOUN	pala
paloittele	VERB	paloitella
paloittelemasi	VERB	paloitella
paloittelin	VERB	paloitella
paloja	NOUN	pala
palokaasut	NOUN	palo#kaasu
palokankaan	PROPN	Palokangas
palolaitokselle	NOUN	palo#laitos
palomiehenä	NOUN	palo#mies
palomiehiä	NOUN	palo#mies
palon	NOUN	palko
palovammasta	NOUN	palo#vamma
palovammoja	NOUN	palo#vamma
paloviinan	NOUN	palo#viina
palsion	PROPN	Palsio
paltan	PROPN	PALTA
paluumatkalla	NOUN	paluu#matka
paluun	NOUN	paluu
paluunsa	NOUN	paluu
paluunuoleen	NOUN	paluu#nuoli
paluunuolia	NOUN	paluu#nuoli
paluuseen	NOUN	paluu
paluuta	NOUN	paluu
palvelee	VERB	palvella
palvelemaan	VERB	palvella
palvelemista	NOUN	palveleminen
palveli	VERB	palvella
palvelijoita	NOUN	palvelija
palvelinta	NOUN	palvelin
palvelinten	NOUN	palvelin
palvelleetkaan	VERB	palvella
palvelleiden	VERB	palvella
palvelua	NOUN	palvelu
palvelualaa	NOUN	palvelu#ala
palvelualat	NOUN	palvelu#ala
palvelualoilla	NOUN	palvelu#ala
palvelualojen	NOUN	palvelu#ala
palveluammatissa	NOUN	palvelu#ammatti
palveluihin	NOUN	palvelu
palveluista	NOUN	palvelu
palveluitaan	NOUN	palvelu
palveluja	NOUN	palvelu
palvelujen	NOUN	palvelu
palvelukseen	NOUN	palvelus
palveluksen	NOUN	palvelus
palveluksessa	NOUN	palvelus
palveluksia	NOUN	palvelus
palvelulle	NOUN	palvelu
palvelun	NOUN	palvelu
palveluntarjoajan	NOUN	palvelu#tarjoaja
palveluntarjoajille	NOUN	palvelu#tarjoaja
palvelusektorin	NOUN	palvelu#sektori
palveluskäyttöön	NOUN	palvelus#käyttö
palveluskäytöstä	NOUN	palvelus#käyttö
palvelusta	NOUN	palvelu
palvelut	NOUN	palvelu
palvelutoiminnan	NOUN	palvelu#toiminta
palveluun	NOUN	palvelu
pamppua	NOUN	pamppu
panasoniciin	PROPN	Panasonic
pane	VERB	panna
paneelikeskusteluja	NOUN	paneeli#keskustelu
panelistit	NOUN	panelisti
panemaan	VERB	panna
panemiseksi	NOUN	paneminen
panemisesta	NOUN	paneminen
paneurooppalaisen	ADJ	pan#eurooppalainen
paneutui	VERB	paneutua
pani	VERB	panna
paniikin	NOUN	paniikki
paniikkireaktion	NOUN	paniikki#reaktio
panikoin	VERB	panikoida
panin	VERB	panna
pankeille	NOUN	pankki
pankin	NOUN	pankki
pankit	NOUN	pankki
pankkeja	NOUN	pankki
pankkiasioitaan	NOUN	pankki#asia
pankkien	NOUN	pankki
pankkiirin	NOUN	pankkiiri
pankkijärjestelmän	NOUN	pankki#järjestelmä
pankkilainaa	NOUN	pankki#laina
pankkilainoja	NOUN	pankki#laina
pankkimaailmaan	NOUN	pankki#maailma
pankkipalvelujen	NOUN	pankki#palvelu
pankkitoiminnassa	NOUN	pankki#toiminta
pannaan	VERB	panna
pannahisen	NOUN	pannahinen
pannua	NOUN	pannu
pannulla	NOUN	pannu
pannulle	NOUN	pannu
pannuun	NOUN	pannu
panoksena	NOUN	panos
panoksensa	NOUN	panos
panokset	NOUN	panos
panostaisimme	VERB	panostaa
panostamme	VERB	panostaa
panostanut	VERB	panostaa
panostettiin	VERB	panostaa
panosti	VERB	panostaa
panostuksensa	NOUN	panostus
panostukset	NOUN	panostus
panostusta	NOUN	panostus
panostustamme	NOUN	panostus
panssariammustyypille	NOUN	panssari#ammus#tyyppi
panssarikomppanian	NOUN	panssari#komppania
panssarin	NOUN	panssari
panssarintuhoojamerkin	NOUN	panssari#tuhooja#merkki
panssarivaunuihin	NOUN	panssari#vaunu
pantaessa	VERB	panna
pantavaksi	VERB	panna
panthersissa	PROPN	Panthers
pantiin	VERB	panna
panttivankeina	NOUN	pantti#vanki
pantu	VERB	panna
papereiden	NOUN	paperi
papereita	NOUN	paperi
papereitaan	NOUN	paperi
paperia	NOUN	paperi
paperihaarniskoista	NOUN	paperi#haarniska
paperilennokin	NOUN	paperi#lennokki
paperilla	NOUN	paperi
paperille	NOUN	paperi
paperimuodossa	NOUN	paperi#muoto
paperin	NOUN	paperi
paperiseinineen	NOUN	paperi#seinä
paperisenko	ADJ	paperinen
paperisia	ADJ	paperinen
paperit	NOUN	paperi
papierin	PROPN	Papier
papiksi	NOUN	pappi
papin	NOUN	pappi
pappakalsaritakkini	NOUN	pappa#kalsari#takki
pappina	NOUN	pappi
pappisoikeuksien	NOUN	pappis#oikeus
pappisvihkimisessään	NOUN	pappis#vihkiminen
paprikaa	NOUN	paprika
paprikajauhetta	NOUN	paprika#jauhe
paprikanpalasissa	NOUN	paprika#palanen
paradoksaalista	ADJ	paradoksaalinen
paraisille	PROPN	Parainen
parakleetin	NOUN	parakleetti
parane	VERB	paranee
paranee	VERB	parata
paranevan	VERB	paranee
parani	VERB	paranee
paranisi	VERB	paranee
parannetaan	VERB	parantaa
parannettava	VERB	parantaa
parannettua	VERB	parantaa
parannuksen	NOUN	parannus
parannustoimista	NOUN	parannus#toimi
parantaakin	VERB	parantaa
parantamaan	VERB	parantaa
parantamiseen	NOUN	parantaminen
parantamiseksi	NOUN	parantaminen
parantamisessa	NOUN	parantaminen
parantamisesta	NOUN	parantaminen
parantamista	NOUN	parantaminen
parantanut	VERB	parantaa
parantavat	VERB	parantaa
parantelemaan	VERB	parannella
parantelivat	VERB	parannella
parantuessa	VERB	parantua
parantumassa	VERB	parantua
parantuneesta	VERB	parantua
parantunu	VERB	parantua
paras	ADJ	hyvä
parasta	ADJ	hyvä
paratiisimäen	PROPN	Paratiisimäki
paratiisimäki-niminen	ADJ	Paratiisimäki#niminen
paremmaksi	ADJ	hyvä
paremmalle	ADJ	hyvä
paremmalta	ADJ	hyvä
paremman	ADJ	hyvä
paremmasta	ADJ	hyvä
paremmat	ADJ	hyvä
paremmin	ADV	hyvin
parempaa	ADJ	hyvä
parempaakaan	ADJ	hyvä
parempaan	ADJ	hyvä
parempana	ADJ	hyvä
parempi	ADJ	hyvä
parempia	ADJ	hyvä
parempiakaan	ADJ	hyvä
parhaaksi	ADJ	hyvä
parhaalla	ADJ	hyvä
parhaan	ADJ	hyvä
parhaani	ADJ	hyvä
parhaanmakuista	ADJ	hyvä#makuinen
parhaansa	ADJ	hyvä
parhaaseen	ADJ	hyvä
parhaasta	ADJ	hyvä
parhaat	ADJ	hyvä
parhaiden	ADJ	hyvä
parhaimmat	ADJ	hyvä
parhaimpia	ADJ	hyvä
parhaisiin	ADJ	hyvä
parhaista	ADJ	hyvä
parhaita	ADJ	hyvä
parhaiten	ADV	hyvin
paria	NOUN	pari
paria	NUM	pari
pariisiin	PROPN	Pariisi
pariisilaiset	NOUN	pariisilainen
pariisin	PROPN	Pariisi
pariisissa	PROPN	Pariisi
pariisi–dakar-aavikkorallissa	NOUN	Pariisi#Dakar#aavikko#ralli
pariisi–roubaix'ssa	PROPN	Pariisi–Roubaix
pariksi	NUM	pari
parikymmentä	NUM	pari#kymmenen
parikymppisen	ADJ	pari#kymppinen
parin	NOUN	pari
parin	NUM	pari
parinkymmenen	NUM	pari#kymmenen
parisataa	NUM	pari#sata
pariskunnan	NOUN	paris#kunta
parissa	NOUN	pari
parisuhdekriisiin	NOUN	pari#suhde#kriisi
parisuhdetaidoissa	NOUN	pari#suhde#taito
parittele	VERB	paritella
parittelee	VERB	paritella
parittivat	VERB	parittaa
parituksesta	NOUN	paritus
paritusepäilyjä	NOUN	paritus#epäily
paritusepäilyt	NOUN	paritus#epäily
parityöllä	NOUN	pari#työ
parivaljakkomme	NOUN	pari#valjakko
parjattuihin	VERB	parjata
parkettia	NOUN	parketti
parkinson-lääkkeellään	NOUN	Parkinson#lääke
parkinson-lääkkeiden	NOUN	Parkinson#lääke
parkista	PROPN	Park
parkkipaikalla	NOUN	parkki#paikka
parlamentaariseen	ADJ	parlamentaarinen
parlamentaarisen	ADJ	parlamentaarinen
parlamentaarisessa	ADJ	parlamentaarinen
parlamentaarisissa	ADJ	parlamentaarinen
parlamentarismin	NOUN	parlamentarismi
parlamenteissamme	NOUN	parlamentti
parlamenteista	NOUN	parlamentti
parlamentille	NOUN	parlamentti
parlamentin	NOUN	parlamentti
parlamentissa	NOUN	parlamentti
parlamentteja	NOUN	parlamentti
parlamenttia	NOUN	parlamentti
parlamenttiehdokkaaksi	NOUN	parlamentti#ehdokas
parlamenttien	NOUN	parlamentti
parlamenttiin	NOUN	parlamentti
parlamenttimme	NOUN	parlamentti
parlamenttivaaleissa	NOUN	parlamentti#vaalit
parlamenttivaaleja	NOUN	parlamentti#vaalit
parlophone-nimiselle	ADJ	Parlophone#niminen
parodioivan	VERB	parodioida
parrakasta	ADJ	parrakas
parrakkaalla	ADJ	parrakas
parrakkaat	ADJ	parrakas
parrasvaloihin	NOUN	parras#valot
parsin	VERB	parsia
parsitusta	VERB	parsia
partaalla	NOUN	parras
partansa	NOUN	parta
partaveden	NOUN	parta#vesi
partavettä	NOUN	parta#vesi
parthian	PROPN	Parthia
partiomatkaa	NOUN	partio#matka
partiomatkan	NOUN	partio#matka
partiomiehenä	NOUN	partio#mies
partiomiehiä	NOUN	partio#mies
partionjohtajana	NOUN	partion#johtaja
partionsa	NOUN	partio
partiota	NOUN	partio
partisaaneja	NOUN	partisaani
parveili	VERB	parveilla
parveillessa	VERB	parveilla
parvekkeella	NOUN	parveke
parvekkeelle	NOUN	parveke
parven	NOUN	parvi
parviaisen	PROPN	Parviainen
parvissa	NOUN	parvi
paseerattua	VERB	paseerata
paskaa	NOUN	paska
paskaisena	ADJ	paskainen
paskalla	NOUN	paska
paskan	NOUN	paska
paskankin	NOUN	paska
paskasta	NOUN	paska
paskiaiset	NOUN	paskiainen
passaa	VERB	passata
passen	PROPN	Passe
passiivisia	ADJ	passiivinen
passissa	NOUN	passi
passit	NOUN	passi
passittanut	VERB	passittaa
pasta-tomaattihässäkän	NOUN	pasta#tomaatti#hässäkkä
pastan	NOUN	pasta
pataruoissa	NOUN	pata#ruoka
pateniemessä	PROPN	Pateniemi
patentit	NOUN	patentti
patentoitavuutta	NOUN	patentoitavuus
patentteja	NOUN	patentti
patentti-	NOUN	patentti
patenttia	NOUN	patentti
patenttien	NOUN	patentti
patenttisuojasta	NOUN	patentti#suoja
patistan	VERB	patistaa
patjan	NOUN	patja
patjasi	NOUN	patja
patoamaan	VERB	padota
patricin	PROPN	Patric
patsaalla	NOUN	patsas
patsaan	NOUN	patsas
patsaskauppojaan	NOUN	patsas#kauppa
paukautti	VERB	paukauttaa
paukkuu	VERB	paukkua
paukutteli	VERB	paukutella
paynen	PROPN	Payne
paísin	PROPN	País
pc-tyttö	NOUN	PC#tyttö
peasin	PROPN	Peas
pedagogisilla	ADJ	pedagoginen
pedagogisten	ADJ	pedagoginen
pedobearin	PROPN	Pedobear
pehkijärveen	PROPN	Pehkijärvi
pehkijärvestä	PROPN	Pehkijärvi
pehmeitä.	ADJ	pehmeä#.
pehmentämissä	VERB	pehmentää
pehmeyteen	NOUN	pehmeys
pehmeämpien	ADJ	pehmeä
pehmeämpää	ADJ	pehmeä
pehmeän	ADJ	pehmeä
pehmeässä	ADJ	pehmeä
pehmeästä	ADJ	pehmeä
pehmeät	ADJ	pehmeä
pehmeää	ADJ	pehmeä
pehmoapinan	NOUN	pehmo#apina
pehmoisia	ADJ	pehmoinen
pehmopupun	NOUN	pehmo#pupu
peili-liukuoven	NOUN	peili#liuku#ovi
peilikuvalleni	NOUN	peili#kuva
peilistä	NOUN	peili
peitellyt	VERB	peitellä
peitin	VERB	peittää
peiton	NOUN	peitto
peitteen	NOUN	peite
peittelevät	VERB	peitellä
peitti	VERB	peittää
peittoa	NOUN	peitto
peittoaa	VERB	peitota
peittoihin	NOUN	peitto
peittoperennat	NOUN	peitto#perenna
peittosimme	VERB	peitota
peittynyt	VERB	peittyä
peittyvät	VERB	peittyä
peittäen	VERB	peittää
peittäköön	VERB	peittää
peittämiseksi	NOUN	peittäminen
peittämästä	VERB	peittää
peittämään	VERB	peittää
peittävän	VERB	peittää
peittävät	VERB	peittää
pekingiin	PROPN	Peking
pekingin	PROPN	Peking
pekkka	PROPN	Pekka
pekonia	NOUN	pekoni
pekoniin	NOUN	pekoni
pekoninakkeja	NOUN	pekoni#nakki
pekonisiivuihin	NOUN	pekoni#siivu
pekonista	NOUN	pekoni
pekonisuikaleella	NOUN	pekoni#suikale
pekua	PROPN	Peku
pekulla	PROPN	Peku
pekun	PROPN	Peku
pelaa	VERB	pelata
pelaajaa	NOUN	pelaaja
pelaajalla	NOUN	pelaaja
pelaajan	NOUN	pelaaja
pelaajana	NOUN	pelaaja
pelaajaringistä	NOUN	pelaaja#rinki
pelaajat	NOUN	pelaaja
pelaajia	NOUN	pelaaja
pelaajien	NOUN	pelaaja
pelaajista	NOUN	pelaaja
pelaamaan	VERB	pelata
pelaamalla	VERB	pelata
pelaamassa	VERB	pelata
pelaamassaan	VERB	pelata
pelaamisen	NOUN	pelaaminen
pelaamisesta	NOUN	pelaaminen
pelaamisinto	NOUN	pelata#into
pelaava	VERB	pelata
pelaavaa	VERB	pelata
pelaavaan	VERB	pelata
pelaavalle	VERB	pelata
pelaavan	VERB	pelata
pelaavat	VERB	pelata
pelanderille	PROPN	Pelander
pelannut	VERB	pelata
pelargonioista	NOUN	pelargonia
pelasi	VERB	pelata
pelasin	VERB	pelata
pelastajaa	NOUN	pelastaja
pelastajaksi	NOUN	pelastaja
pelastamaan	VERB	pelastaa
pelastanaut	VERB	pelastaa
pelastanut	VERB	pelastaa
pelastetaan	VERB	pelastaa
pelasti	VERB	pelastaa
pelastukseen	NOUN	pelastus
pelastuslaitokseen	NOUN	pelastus#laitos
pelastuspaketin	NOUN	pelastus#paketti
pelastuspaketissa	NOUN	pelastus#paketti
pelastuspaketit	NOUN	pelastus#paketti
pelastuspakettien	NOUN	pelastus#paketti
pelastusrajaa	NOUN	pelastus#raja
pelastusreissusta	NOUN	pelastus#reissu
pelastusrengasta	NOUN	pelastus#rengas
pelastuu	VERB	pelastua
pelaten	VERB	pelata
pelattiin	VERB	pelata
pelattu	VERB	pelata
pelattuaan	VERB	pelata
pelatuista	VERB	pelata
peleistä	NOUN	peli
pelejä	NOUN	peli
pelejään	NOUN	peli
peli-	NOUN	peli
peliaikaa	NOUN	peli#aika
pelien	NOUN	peli
peliin	NOUN	peli
pelikonsolilla	NOUN	peli#konsoli
pelin	NOUN	peli
pelinsä	NOUN	peli
peliongelmissa	NOUN	peli#ongelma
pelipaikaltaan	NOUN	peli#paikka
pelipaikkaa	NOUN	peli#paikka
peliputken	NOUN	peli#putki
pelissä	NOUN	peli
pelisäännöt	NOUN	peli#sääntö
pelisääntöjen	NOUN	peli#sääntö
pelit	NOUN	peli
pelitapaan	NOUN	peli#tapa
pelittänyt	VERB	pelittää
pelityylistä	NOUN	peli#tyyli
peliuransa	NOUN	peli#ura
pelivelat	NOUN	peli#velka
peliä	NOUN	peli
pelkkien	ADJ	pelkkä
pelkkää	ADJ	pelkkä
pelkoa	NOUN	pelko
pelkoja	ADJ	pelko
pelkonsa	ADJ	pelko
pelkällä	ADJ	pelkkä
pelkältä	ADJ	pelkkä
pelkän	ADJ	pelkkä
pelkäsi	VERB	pelätä
pelkäsin	VERB	pelätä
pelkäsivät	VERB	pelätä
pelkästä	ADJ	pelkkä
pelkääkkönää	VERB	pelätä
pelkäämättä	VERB	pelätä
pelkään	VERB	pelätä
pelkäänpä	VERB	pelätä
pelkäävät	VERB	peljätä
pelkäävätkö	VERB	pelätä
pelleksi	NOUN	pelle
pellillä	NOUN	pelti
pelloilla	NOUN	pelto
pellon	NOUN	pelto
pelossa	NOUN	pelko
pelosta	NOUN	pelko
pelottanut	VERB	pelottaa
pelottavaa	ADJ	pelottava
pelottavakin	ADJ	pelottava
pelottavat	ADJ	pelottava
pelottavilta	ADJ	pelottava
peltikattoon	NOUN	pelti#katto
peltivaurioita	NOUN	pelti#vaurio
peltoalaa	NOUN	pelto#ala
peltoja	NOUN	pelto
peltojen	NOUN	pelto
peltotiellä	NOUN	pelto#tie
peluurin	PROPN	Peluuri
peluurissa	PROPN	Peluuri
pelästyivät	VERB	pelästyä
pelästyneeltä	ADJ	pelästynyt
pelästytti	VERB	pelästyttää
pelättiinkin	VERB	pelätä
pelätään	VERB	pelätä
penaalin	NOUN	penaali
pendelöi	VERB	pendelöidä
pendelöivät	VERB	pendelöidä
pengerretty	VERB	pengertää
penisilliinillä	NOUN	penisilliini
penkan	NOUN	penkka
penkeillä	NOUN	penkki
penkille	NOUN	penkki
penkillä	NOUN	penkki
penkiltä	NOUN	penkki
penkin	NOUN	penkki
penkissä	NOUN	penkki
penkit	NOUN	penkki
penkitkin	NOUN	penkki
penkkejä	NOUN	penkki
penkkien	NOUN	penkki
penkkiriville	NOUN	penkki#rivi
penkkirivin	NOUN	penkki#rivi
pennejä	NOUN	penni
pensaan	NOUN	pensas
pensaaseen	NOUN	pensas
pensaikoissa	NOUN	pensaikko
pensaissa	NOUN	pensas
pensaista	NOUN	pensas
pensaita	NOUN	pensas
pensasmaiset	ADJ	pensasmainen
penttilällä	PROPN	Penttilä
penttilän	PROPN	Penttilä
penttilää	PROPN	Penttilä
perehdytään	VERB	perehtyä
perehtynyt	VERB	perehtyä
perehtyvän	VERB	perehtyä
perhe-elokuvaa	NOUN	perhe#elo#kuva
perhe-elämän	NOUN	perhe#elämä
perheelle	NOUN	perhe
perheemme	NOUN	perhe
perheen	NOUN	perhe
perheenjäsenen	NOUN	perheen#jäsen
perheenjäsenten	NOUN	perheen#jäsen
perheenyhdistämiseen	NOUN	perhe#yhdistäminen
perheenäidiksi	NOUN	perheen#äiti
perheessä	NOUN	perhe
perheessämme	NOUN	perhe
perheestä	NOUN	perhe
perheet	NOUN	perhe
perheiden	NOUN	perhe
perheineen	NOUN	perhe
perheitä	NOUN	perhe
perhelomilla	NOUN	perhe#loma
perheriidan	NOUN	perhe#riita
perhetasolle	NOUN	perhe#taso
perhettä	NOUN	perhe
perhettäni	NOUN	perhe
perhetutkimuksen	NOUN	perhe#tutkimus
perhevideokameraa	NOUN	perhe#video#kamera
perhossa	PROPN	Perho
peri	VERB	periä
periaatetta	NOUN	periaate
periaatteella	NOUN	periaate
periaatteen	NOUN	periaate
periaatteena	NOUN	periaate
periaatteessa	NOUN	periaate
periaatteesta	NOUN	periaate
periaatteet	NOUN	periaate
periaatteiden	NOUN	periaate
periaatteista	NOUN	periaate
periaatteita	NOUN	periaate
periaattellisista	ADJ	periaatteellinen
perille	NOUN	perä
perilliset	NOUN	perillinen
perimisestä	NOUN	periminen
perimmäisestä	ADJ	perimmäinen
perimän	NOUN	perimä
perimätiedon	NOUN	perimä#tieto
perineet	VERB	periä
perinkin	ADV	perin
perinteeksi	NOUN	perinne
perinteen	NOUN	perinne
perinteeseen	NOUN	perinne
perinteet	NOUN	perinne
perinteiden	NOUN	perinne
perinteikkäästä	ADJ	perinteikäs
perinteiseen	ADJ	perinteinen
perinteisen	ADJ	perinteinen
perinteisessä	ADJ	perinteinen
perinteisestikin	ADV	perinteisesti
perinteiset	ADJ	perinteinen
perinteisiin	ADJ	perinteinen
perinteisistä	ADJ	perinteinen
perinteisiä	ADJ	perinteinen
perinteistä	ADJ	perinteinen
perinteistä	NOUN	perinne
perinteitä	NOUN	perinne
perintäkirjeitä	NOUN	perintä#kirje
perintätoimiston	NOUN	perintä#toimisto
perintätoimistoon	NOUN	perintä#toimisto
perittäisiin	VERB	periä
periytynyt	VERB	periytyä
perjantai-illalle	NOUN	perjantai#ilta
perjantai-ilta	NOUN	perjantai#ilta
perjantai-iltana	NOUN	perjantai#ilta
perjantaille	NOUN	perjantai
perjantain	NOUN	perjantai
perjantaina	NOUN	perjantai
perjantaista	ADJ	perjantainen
perjantaiyönä	NOUN	perjantai#yö
perlille	PROPN	Perl
perryn	PROPN	Perry
perryä	PROPN	Perry
perseestä	NOUN	perse
perselihaksilla	NOUN	perse#lihas
persemäkeä	NOUN	perse#mäki
perseuksen	PROPN	Perseus
persian	NOUN	persia
persianlahden	PROPN	Persianlahti
persiantimalia	PROPN	persian#timali
persikkaista	ADJ	persikkainen
persiljaa	NOUN	persilja
persiljasilpussa	NOUN	persilja#silppu
persoonaa	NOUN	persoona
persoonaan	NOUN	persoona
persoonansa	NOUN	persoona
perspektiivin	NOUN	perspektiivi
perspektiivistä	NOUN	perspektiivi
peru	VERB	perua
perui	VERB	perua
perukoille	NOUN	perukka
perunaa	NOUN	peruna
perunalastuja	NOUN	peruna#lastu
perunat	NOUN	peruna
perunoiden	NOUN	peruna
perus-	NOUN	perus
perusarvoista	NOUN	perus#arvo
perusarvojen	NOUN	perus#arvo
peruseroavaisuuksista	NOUN	perus#eroavaisuus
perusihmisoikeudet	NOUN	perus#ihmis#oikeus
perusihmisoikeuksia	NOUN	perus#ihmis#oikeus
perusjoukon	NOUN	perus#joukko
peruskarsinnan	NOUN	perus#karsinta
peruskorkkarit	NOUN	perus#korkkari
peruskoulutuksena	NOUN	perus#koulutus
peruskoulutus-	NOUN	perus#koulutus
peruskurssin	NOUN	perus#kurssi
perusmallissa	NOUN	perus#malli
perusoikeudet	NOUN	perus#oikeus
perusoikeuksia	NOUN	perus#oikeus
perusoikeuksien	NOUN	perus#oikeus
perusoikeuksiin	NOUN	perus#oikeus
perusoikeuksista	NOUN	perus#oikeus
perusoikeusviraston	NOUN	perus#oikeus#virasto
perusoikeutensa	NOUN	perus#oikeus
perusopetuksen	NOUN	perus#opetus
perusopintoihin	NOUN	perus#opinnot
perusopintonsa	NOUN	perus#opinto
perusopiskelijan	NOUN	perus#opiskelija
peruspalveluista	NOUN	perus#palvelu
perusperiaatteet	NOUN	perus#periaate
perusperiaatteiden	NOUN	perus#periaate
perusperiaatteisiin	NOUN	perus#periaate
perusperiaatteita	NOUN	perus#periaate
peruspilareihin	NOUN	perus#pilari
peruspistettä	NOUN	perus#piste
perusriviltä	NOUN	perus#rivi
perussuomalaisilla	NOUN	perus#suomalainen
perussuomalaisten	NOUN	perus#suomalainen
perussäännön	NOUN	perus#sääntö
perussäännössä	NOUN	perus#sääntö
perustaa	NOUN	perusta
perustahnan	NOUN	perus#tahna
perustajajäsenistä	NOUN	perustaja#jäsen
perustajana	NOUN	perustaja
perustajiin	NOUN	perustaja
perustama	VERB	perustaa
perustamaan	VERB	perustaa
perustamansa	VERB	perustaa
perustamassa	VERB	perustaa
perustamisajanjakson	NOUN	perustamis#ajan#jakso
perustamiseen	NOUN	perustaminen
perustamiseksi	NOUN	perustaminen
perustamisen	NOUN	perustaminen
perustamisesta	NOUN	perustaminen
perustamisestaan	NOUN	perustaminen
perustamishankkeena	NOUN	perustamis#hanke
perustamiskeräykseen	NOUN	perustamis#keräys
perustamissopimuksen	NOUN	perustamis#sopimus
perustamissopimuksessa	NOUN	perustamis#sopimus
perustamissopimusta	NOUN	perustamis#sopimus
perustamista	NOUN	perustaminen
perustamistoiminnan	NOUN	perustamis#toiminta
perustamistöissä	NOUN	perustamis#työ
perustamisvaiheen	NOUN	perustamis#vaihe
perustamisvaiheessa	NOUN	perustamis#vaihe
perustamisvaihetta	NOUN	perustamis#vaihe
perustana	NOUN	perusta
perustaneensa	VERB	perustaa
perustaneet	VERB	perustaa
perustanut	VERB	perustaa
perustavana	VERB	perustaa
perusteella	NOUN	peruste
perusteet	NOUN	peruste
perustehtävät	NOUN	perus#tehtävä
perusteiden	NOUN	peruste
perustein	NOUN	peruste
perusteita	NOUN	peruste
perustelee	VERB	perustella
perustellaan	VERB	perustella
perustellulta	ADJ	perusteltu
perustellun	VERB	perustella
perusteltu	VERB	perustella
perusteltua	ADJ	perusteltu
perusteltua	VERB	perustella
perusteltuna	VERB	perustella
perustelut	NOUN	perustelu
perustetaan	VERB	perustaa
perustetta	NOUN	peruste
perustettaisiin	VERB	perustaa
perustettavaksi	VERB	perustaa
perustettiin	VERB	perustaa
perustettu	VERB	perustaa
perustettua	VERB	perustaa
perustettujen	VERB	perustaa
perustetuissa	VERB	perustaa
perustetussa	VERB	perustaa
perusti	VERB	perustaa
perustiedot	NOUN	perus#tieto
perustietoa	NOUN	perus#tieto
perustietoja	NOUN	perus#tieto
perustivat	VERB	perustaa
perustuen	VERB	perustua
perustui	VERB	perustua
perustuivat	VERB	perustua
perustuslaille	NOUN	perustus#laki
perustuslain	NOUN	perustus#laki
perustuslaissa	NOUN	perustus#laki
perustuslaista	NOUN	perustus#laki
perustuslakia	NOUN	perustus#laki
perustuslakien	NOUN	perustus#laki
perustuslakikysymyksissä	NOUN	perustus#laki#kysymys
perustuslakisopimuksesta	NOUN	perustus#laki#sopimus
perustuslakivaliokunnan	NOUN	perustus#laki#valio#kunta
perustutkimuksen	NOUN	perus#tutkimus
perustutkimuksessa	NOUN	perus#tutkimus
perustutkimusta	NOUN	perus#tutkimus
perustutkinto-opintoja	NOUN	perus#tutkinto#opinnot
perustuttava	VERB	perustua
perustuu	VERB	perustua
perustuva	VERB	perustua
perustuvaa	VERB	perustua
perustuvan	VERB	perustua
perustuvassa	VERB	perustua
perustuvasta	VERB	perustua
perustuvat	VERB	perustua
perustuvien	VERB	perustua
perustylsässä	ADJ	perus#tylsä
perustäytekakkua	NOUN	perus#täyte#kakku
perusvaatimukset	NOUN	perus#vaatimus
perusvalmiudet	NOUN	perus#valmius
perusvapaudet	NOUN	perus#vapaus
perusvapauksia	NOUN	perus#vapaus
perusvapauksien	NOUN	perus#vapaus
peruukit	NOUN	peruukki
peruukkien	NOUN	peruukki
peruuntui	VERB	peruuntua
peruuntuvat	VERB	peruuntua
peruutetaan	VERB	peruuttaa
peruutettu	VERB	peruuttaa
peruuttamisen	NOUN	peruuttaminen
peruutuspeiliin	NOUN	peruutus#peili
perverssinä	ADJ	perverssi
peräosan	NOUN	perä#osa
peräpään	NOUN	perä#pää
peräsimeen	NOUN	peräsin
perässään	ADV	perässä
peräsuolen	NOUN	perä#suoli
perättäisenä	ADJ	perättäinen
perättäistä	ADJ	perättäinen
perävaunulla	NOUN	perä#vaunu
perävaunun	NOUN	perä#vaunu
perävaunuyhdistelmällä	NOUN	perä#vaunu#yhdistelmä
perävaunuyhdistelmää	NOUN	perä#vaunu#yhdistelmä
perää	NOUN	perä
perään	NOUN	perä
perääni	ADV	perään
peräänkuuluttavat	VERB	perään#kuuluttaa
perääntymään	VERB	perääntyä
peseytymiset	NOUN	peseytyminen
pesii	VERB	pesiä
pesimäaikana	NOUN	pesimä#aika
pesimäajan	NOUN	pesimä#aika
pesimäalueet	NOUN	pesimä#alue
pesimäkantamme	NOUN	pesimä#kanta
pesimäpaikkoja	NOUN	pesimä#paikka
pesimättömiä	VERB	pesiä
pesin	VERB	pestä
pesintätulokseen	NOUN	pesintä#tulos
pesivät	VERB	pesiä
pesiä	NOUN	pesä
pessimistisenä	ADJ	pessimistinen
pesty	VERB	pestä
pestyt	VERB	pestä
pestäviä	VERB	pestä
pestävä	VERB	pestä
pestään	VERB	pestä
pesuakin	NOUN	pesu
pesukoneessa	NOUN	pesu#kone
pesuun	NOUN	pesu
pesyeistä	NOUN	pesue
pesyeitä	NOUN	pesye
pesäkoloistaan	NOUN	pesä#kolo
pesällä	NOUN	pesä
pesän	NOUN	pesä
pesänsä	NOUN	pesä
pesäpakoisia	ADJ	pesä#pakoinen
pesäpalloa	NOUN	pesä#pallo
pesäpallomailalla	NOUN	pesä#pallo#maila
pesässä	NOUN	pesä
pesästä	NOUN	pesä
pesät	NOUN	pesä
pesää	NOUN	pesä
pesään	NOUN	pesä
petaliitti-nimisestä	ADJ	petaliitti#niminen
petatavun	NOUN	peta#tavu
petersonille	PROPN	Peterson
petoksen	NOUN	petos
petoksesta	NOUN	petos
petoksia	NOUN	petos
petosepäilyjen	NOUN	petos#epäily
pettymykseen	NOUN	pettymys
pettymykseltä	NOUN	pettymys
pettymyksiltä	NOUN	pettymys
pettymään	VERB	pettyä
pettyneenä	VERB	pettyä
pettynyt	VERB	pettyä
pettämistä	NOUN	pettäminen
petäjälammin	PROPN	Petäjälammi
peukaloijat	NOUN	peukaloija
peuranpyyntikuopat	NOUN	peuran#pyynti#kuoppa
peurojen	NOUN	peura
pfizerin	PROPN	Pfizer
philipsin	PROPN	Philips
phoebe-ylänköalueen	NOUN	Phoebe#ylänkö#alue
php-skripti	NOUN	PHP#skripti
php:lla	PROPN	PHP
phuketiin	PROPN	Phuket
pian	PROPN	Pia
pianistikaartissa	NOUN	pianisti#kaarti
pianistina	NOUN	pianisti
pianoa	NOUN	piano
pianoaan	NOUN	piano
pianoista	NOUN	piano
pidelkää	VERB	pidellä
pidellen	VERB	pidellä
pidemmäksikin	ADJ	pitkä
pidemmälle	ADJ	pitkä
pidemmälle	ADV	pitkälle
pidemmällä	ADJ	pitkä
pidemmältä	ADJ	pitkä
pidemmät	ADJ	pitkä
pidempi	ADJ	pitkä
pidempijaksoinen	ADJ	pitkä#jaksoinen
pidempiä	ADJ	pitkä
pidempää	ADJ	pitkä
pidempään	ADJ	pitkä
pidempään	ADV	pitkään
pidempäänkin	ADV	pidempään
pidennettiin	VERB	pidentää
pidennetyllä	VERB	pidentää
pidennetyn	VERB	pidentää
pidennyksen	NOUN	pidennys
pidentymistä	NOUN	pidentyminen
pidentämistä	NOUN	pidentäminen
pidettiin	VERB	pitää
pidetty	VERB	pitää
pidettyjen	VERB	pitää
pidettyjä	VERB	pitää
pidettynä	VERB	pitää
pidettyyn	VERB	pitää
pidettyä	VERB	pitää
pidettäisiin	VERB	pitää
pidettävien	VERB	pitää
pidettävä	VERB	pitää
pidettäväksi	VERB	pitää
pidettävässä	VERB	pitää
pidettävään	VERB	pitää
pidetyissä	VERB	pitää
pidetyksi	VERB	pitää
pidetyn	VERB	pitää
pidetyssä	VERB	pitää
pidetystä	VERB	pitää
pidetyt	VERB	pitää
pidetään	VERB	pitää
pidin	VERB	pitää
pidä	AUX	pitää
pidä	VERB	pitää
pidäkään	AUX	pitää
pidäkään	VERB	pitää
pidämme	VERB	pitää
pidän	VERB	pitää
pidätettiin	VERB	pidättää
pidätetty	VERB	pidättää
pidätettäviksi	VERB	pidättää
pidättymään	VERB	pidättyä
pidättyvät	VERB	pidättyä
pidättäytyi	VERB	pidättäytyä
pidättäytymisemme	NOUN	pidättäytyminen
pidätysmääräyksen	NOUN	pidätys#määräys
pidätysmääräystä	NOUN	pidätys#määräys
pieksämäellä	PROPN	Pieksämäki
pieksämäen	PROPN	Pieksämäki
pielessä	NOUN	pieli
piemonten	PROPN	Piemont
pieneen	ADJ	pieni
pieneksi	ADJ	pieni
pienellä	ADJ	pieni
pienelläkään	ADJ	pieni
pieneltä	ADJ	pieni
pienemmiksi	ADJ	pieni
pienemmällä	ADJ	pieni
pienemmän	ADJ	pieni
pienempi	ADJ	pieni
pienempiä	ADJ	pieni
pienen	ADJ	pieni
pienenevät	VERB	pienetä
pieneni	VERB	pienetä
pienentyneeseen	VERB	pienentyä
pienentynyt	VERB	pienentyä
pienentämättä	VERB	pienentää
pienessä	ADJ	pieni
pienestä	ADJ	pieni
pienet	ADJ	pieni
pienet	NOUN	pieni
pienikokoisin	ADJ	pieni#kokoinen
pieniksi	ADJ	pieni
pienille	ADJ	pieni
pienillä	ADJ	pieni
pienimmistä	ADJ	pieni
pienimmän	ADJ	pieni
pienimmässä	ADJ	pieni
pienimmästäkin	ADJ	pieni
pienimuotoiseen	ADJ	pieni#muotoinen
pienimuotoisempi	ADJ	pieni#muotoinen
pienimuotoista	ADJ	pieni#muotoinen
pienin	ADJ	pieni
pienintäkään	ADJ	pieni
pieninä	ADJ	pieni
pienissä	ADJ	pieni
pieniä	ADJ	pieni
pienkalastajien	NOUN	pienkalastaja
pienoisrautateitä	NOUN	pienois#rauta#tie
pienpihaisimmilla	ADJ	pien#pihainen
pientaloalueeksi	NOUN	pien#talo#alue
pienten	ADJ	pieni
pientuotannosta	NOUN	pien#tuotanto
pientä	ADJ	pieni
pienveneillä	NOUN	pien#vene
pienyrittäjien	NOUN	pien#yrittäjä
pienyritysten	NOUN	pien#yritys
pietariin	PROPN	Pietari
pietarin	PROPN	Pietari
pietarista	PROPN	Pietari
pietilän	PROPN	Pietilä
piha-alueen	NOUN	piha#alue
pihaan	NOUN	piha
pihakeinuja	NOUN	piha#keinu
pihakeinuun	NOUN	piha#keinu
pihaleikkien	NOUN	piha#leikki
pihalla	NOUN	piha
pihalle	NOUN	piha
pihalta	NOUN	piha
pihamaalle	NOUN	piha#maa
pihamaan	NOUN	piha#maa
pihamaata	NOUN	piha#maa
pihan	NOUN	piha
pihapiiriä	NOUN	piha#piiri
pihassa	NOUN	piha
pihasta	NOUN	piha
pihat	NOUN	piha
pihlajakaramelleista	NOUN	pihlaja#karamelli
pihlajanmarjatilanteen	NOUN	pihlajan#marja#tilanne
pihoilla	NOUN	piha
pihoilta	NOUN	piha
piiiiiikkasen	ADV	pikkuisen
piiiiiitkän	ADJ	pitkä
piikkainporaa	NOUN	piikkain#pora
piikkikoroilla	NOUN	piikki#korko
piilee	VERB	piillä
piiloon	NOUN	piilo
piilossa	NOUN	piilo
piilotellut	VERB	piilotella
piilotettuna	VERB	piilottaa
piilotetut	VERB	piilottaa
piilotitko	VERB	piilottaa
piilottanut	VERB	piilottaa
piiloutui	VERB	piiloutua
piimää	NOUN	piimä
piinaavaa	ADJ	piinaava
piipahdimme	VERB	piipahtaa
piipahtaville	VERB	piipahtaa
piipahti	VERB	piipahtaa
piippasi	VERB	piipata
piipun	NOUN	piippu
piipustaan	NOUN	piippu
piirihallituksen	NOUN	piiri#hallitus
piiriin	NOUN	piiri
piirin	NOUN	piiri
piirisihteerinä	NOUN	piiri#sihteeri
piirissä	NOUN	piiri
piiristä	NOUN	piiri
piiritti	VERB	piirittää
piirittäjälläkään	NOUN	piirittäjä
piirittämään	VERB	piirittää
piirityksen	NOUN	piiritys
piirivaltuuston	NOUN	piiri#valtuusto
piirretyistä	NOUN	piirretty
piirretyistä	VERB	piirtää
piirretyllä	VERB	piirtää
piirretään	VERB	piirtää
piirsi	VERB	piirtää
piirsin	VERB	piirtää
piirsivät	VERB	piirtää
piirteet	NOUN	piirre
piirteille	NOUN	piirre
piirteitä	NOUN	piirre
piirtelin	VERB	piirrellä
piirustuksia	NOUN	piirustus
piisaa	VERB	piisata
piiskaa	NOUN	piiska
piiskan	NOUN	piiska
piispainkokoukseen	NOUN	piispain#kokous
piispainkokouksessa	NOUN	piispain#kokous
piispaksi	NOUN	piispa
piispan	NOUN	piispa
piispana	NOUN	piispa
piispanklokoukselle	NOUN	piispan#kokous
piispankokouksen	NOUN	piispan#kokous
piispoille	NOUN	piispa
piispojen	NOUN	piispa
piitannut	VERB	piitata
piittaa	VERB	piitata
pikaiseen	ADJ	pikainen
pikaisia	ADJ	pikainen
pikakursseilla	NOUN	pika#kurssi
pikalainoissa	NOUN	pika#laina
pikalounaat	NOUN	pika#lounas
pikaruokaketjut	NOUN	pika#ruoka#ketju
pikastartista	NOUN	pika#startti
pikavipillä	NOUN	pika#vippi
pikavippien	NOUN	pika#vippi
pikavoiton	NOUN	pika#voitto
pikimiten	ADV	pikimmiten
pikkuaikuisina	ADJ	pikku#aikuinen
pikkuautollaan	NOUN	pikku#auto
pikkuautot	NOUN	pikku#auto
pikkuisia	ADJ	pikkuinen
pikkuisina	ADJ	pikkuinen
pikkujoulut	NOUN	pikku#joulu
pikkujärviä	NOUN	pikku#järvi
pikkukaduilla	NOUN	pikku#katu
pikkukaupungin	NOUN	pikku#kaupunki
pikkulapsia	NOUN	pikku#lapsi
pikkulasten	NOUN	pikku#lapsi
pikkuleipien	NOUN	pikku#leipä
pikkuleivistä	NOUN	pikku#leipä
pikkulintuja	NOUN	pikku#lintu
pikkulättyjä	NOUN	pikku#lätty
pikkunaposteltavana	NOUN	pikku#naposteltava
pikkunaposteluherkkuihin	NOUN	pikku#napostelu#herkku
pikkuopiskelijoiden	NOUN	pikku#opiskelija
pikkupäälliköt	NOUN	pikku#päällikkö
pikkuruisen	ADJ	pikkuruinen
pikkuruisesta	ADJ	pikkuruinen
pikkuruista	ADJ	pikkuruinen
pikkusisarukset	NOUN	pikku#sisarus
pikkusiskolle	NOUN	pikku#sisko
pikkutarkkaa	ADJ	pikku#tarkka
pikkutytöltä	NOUN	pikku#tyttö
pikkuvarpaansa	NOUN	pikku#varvas
pikkuveljen	NOUN	pikku#veli
pikkuveljensä	NOUN	pikku#veli
pilaamaan	VERB	pilata
pilarin	NOUN	pilari
pilarissa	NOUN	pilari
pilgerin	PROPN	Pilger
pilkahtelee	VERB	pilkahdella
pilkkasiipiä	NOUN	pilkka#siipi
pilkkopimeitä	ADJ	pilkko#pimeä
pilkkuja	NOUN	pilkku
pilkkuun	NOUN	pilkku
pilkon	VERB	pilkkoa
pillereiden	NOUN	pilleri
pillereitä	NOUN	pilleri
pillerin	NOUN	pilleri
pilleripurkkia	NOUN	pilleri#purkki
pillerit	NOUN	pilleri
pillillä	NOUN	pilli
pillimehun	NOUN	pilli#mehu
pilliä	NOUN	pilli
pilottihanketta	NOUN	pilotti#hanke
pilottihankkeena	NOUN	pilotti#hanke
pilottihankkeita	NOUN	pilotti#hanke
pilsneritölkkejä	NOUN	pilsneri#tölkki
pilsneriä	NOUN	pilsneri
pilttejä	NOUN	piltti
pilttipisteitä	NOUN	piltti#piste
pilveen	NOUN	pilvi
pilven	NOUN	pilvi
pilvenpiirtäjien	NOUN	pilven#piirtäjä
pilvet	NOUN	pilvi
pilvettömälle	ADJ	pilvetön
pilvien	NOUN	pilvi
pimeimpänä	ADJ	pimeä
pimeitä	ADJ	pimeä
pimenee	VERB	pimetä
pimenevässä	VERB	pimetä
pimeni	VERB	pimetä
pimennossa	NOUN	pimento
pimennyttyä	VERB	pimentyä
pimeydessä	NOUN	pimeys
pimeälle	ADJ	pimeä
pimeässä	ADJ	pimeä
pimeää	ADJ	pimeä
pimeään	ADJ	pimeä
pimittäneensä	VERB	pimittää
pinemmiksi	ADJ	pieni
pinjansiemenissä	NOUN	pinja#siemen
pinkan	NOUN	pinkka
pinkit	ADJ	pinkki
pinkomaan	VERB	pinkoa
pinnaclesaarina	PROPN	Pinnaclesaaret
pinnalla	NOUN	pinta
pinnalle	NOUN	pinta
pinnalta	NOUN	pinta
pinnaltaan	NOUN	pinta
pinnanlaadun	NOUN	pinta#laatu
pinnassa	NOUN	pinta
pinnasta	NOUN	pinta
pinnottamiseen	NOUN	pinnoittaminen
pinoamat	VERB	pinota
pinosta	NOUN	pino
pinta-ala	NOUN	pinta#ala
pintaa	NOUN	pinta
pintaan	NOUN	pinta
pintavesissä	NOUN	pinta#vesi
pioneerileirillä	NOUN	pioneeri#leiri
piparit	NOUN	pipari
piparkakkuja	NOUN	piparkakku
pippurissa	NOUN	pippuri
pippurit	NOUN	pippuri
piratbyrånin	PROPN	Piratbyrån
pirinään	NOUN	pirinä
piristyn	VERB	piristyä
pirjon	PROPN	Pirjo
pirkan	PROPN	Pirkka
pirkanmaalaiset	NOUN	pirkanmaalainen
pirkanmaalla	PROPN	Pirkanmaa
pirren	PROPN	Pirre
pirstaloituvansa	VERB	pirstaloitua
pirtin	NOUN	pirtti
pirtissä	NOUN	pirtti
pirtit	NOUN	pirtti
piruetteja	NOUN	piruetti
pisaraa	NOUN	pisara
pisaralta	NOUN	pisara
pisaroiksi	NOUN	pisara
pisaroita	NOUN	pisara
pisimmälle	ADJ	pitkä
pisimmän	ADJ	pitkä
pisin	ADJ	pitkä
pistaaseissa	NOUN	pistaasi
pisteellä	NOUN	piste
pisteen	NOUN	piste
pisteensä	NOUN	piste
pisteeseen	NOUN	piste
pisteestä	NOUN	piste
pisteiden	NOUN	piste
pisteidenlaskun	NOUN	piste#lasku
pisteitä	NOUN	piste
pistelakot	NOUN	piste#lakko
pistelivät	VERB	pistellä
pistellä	NOUN	piste
pistelukuun	NOUN	piste#luku
pistepörssin	NOUN	piste#pörssi
pistettä	NOUN	piste
pisti	VERB	pistää
pistin	VERB	pistää
pistivät	VERB	pistää
pistoa	NOUN	pisto
pistoolia	NOUN	pistooli
pistoolinlaukauksesta	NOUN	pistoolin#laukaus
pistoolinpiippuun	NOUN	pistooli#piippu
pistoolinsa	NOUN	pistooli
pistä	VERB	pistää
pistäytyvät	VERB	pistäytyä
pitelevä	VERB	pidellä
pitemmälle	ADJ	pitkä
pitempi	ADJ	pitkä
pitenee	VERB	pidetä
piti	AUX	pitää
piti	VERB	pitää
pitihän	AUX	pitää
pitivät	VERB	pitää
pitkien	ADJ	pitkä
pitkiin	ADJ	pitkä
pitkiksi	ADJ	pitkä
pitkille	ADJ	pitkä
pitkillä	ADJ	pitkä
pitkistä	ADJ	pitkä
pitkittyessä	VERB	pitkittyä
pitkittyneiden	VERB	pitkittyä
pitkittäissuuntaisia	ADJ	pitkittäis#suuntainen
pitkiä	ADJ	pitkä
pitkulaista	ADJ	pitkulainen
pitkäaikaiselle	ADJ	pitkä#aikainen
pitkäaikaisen	ADJ	pitkä#aikainen
pitkäaikaisena	ADJ	pitkä#aikainen
pitkäaikaisesta	ADJ	pitkä#aikainen
pitkäaikaisiin	ADJ	pitkä#aikainen
pitkäaikaista	ADJ	pitkä#aikainen
pitkäaikaistyöttömien	NOUN	pitkä#aikais#työtön
pitkäaikaistyöttömyyden	NOUN	pitkä#aikais#työttömyys
pitkäaikaistyöttömyydestä	NOUN	pitkä#aikais#työttömyys
pitkäaikaistyöttömyyteen	NOUN	pitkä#aikais#työttömyys
pitkäaikaistyöttömyyttä	NOUN	pitkä#aikais#työttömyys
pitkäikäisintä	ADJ	pitkä#ikäinen
pitkäjännitteistä	ADJ	pitkä#jännitteinen
pitkäkestoista	ADJ	pitkä#kestoinen
pitkäkestoisuutta	NOUN	pitkä#kestoisuus
pitkäksi	ADJ	pitkä
pitkäkuitusellun	NOUN	pitkä#kuitu#sellu
pitkälle	ADJ	pitkä
pitkällä	ADJ	pitkä
pitkän	ADJ	pitkä
pitkänmatkan	NOUN	pitkä#matka
pitkästä	ADJ	pitkä
pitkät	ADJ	pitkä
pitkää	ADJ	pitkä
pitkään	ADJ	pitkä
pitoajanjakson	NOUN	pito#ajan#jakso
pitoisuudet	NOUN	pitoisuus
pitsaa	NOUN	pitsa
pitsaan	NOUN	pitsa
pitsajuustoraastetta	NOUN	pitsa#juusto#raaste
pitsiset	ADJ	pitsinen
pituisia	ADJ	pituinen
pituistensa	ADJ	pituinen
pituudet	NOUN	pituus
pituussuunnassa	NOUN	pituus#suunta
pituutta	NOUN	pituus
pitäen	VERB	pitää
pitäis	VERB	pitää
pitäisi	AUX	pitää
pitäisi	VERB	pitää
pitäisikin	AUX	pitää
pitäisikö	AUX	pitää
pitäisimme	VERB	pitää
pitäjän	NOUN	pitäjä
pitäjästä	NOUN	pitäjä
pitäjää	NOUN	pitäjä
pitäkäähän	VERB	pitää
pitäkööt	VERB	pitää
pitämisestä	NOUN	pitäminen
pitämiä	VERB	pitää
pitämässä	VERB	pitää
pitämään	VERB	pitää
pitämäänsä	VERB	pitää
pitäneen	VERB	pitää
pitäneet	VERB	pitää
pitäny	AUX	pitää
pitänyt	AUX	pitää
pitänyt	VERB	pitää
pitäskö	AUX	pitää
pitäviä	NOUN	pitävä
pitävän	VERB	pitää
pitävänsä	VERB	pitää
pitävässä	ADJ	pitävä
pitävät	VERB	pitää
pitävää	VERB	pitää
pitäähän	AUX	pitää
pitääkin	AUX	pitää
piuhat	NOUN	piuha
piuhoja	NOUN	piuha
pk-35:n	PROPN	PK-35
pk-35:ssä	PROPN	PK-35
pk-35:ä	PROPN	PK-35
planeetalla	NOUN	planeetta
planeetalle	NOUN	planeetta
planeetan	NOUN	planeetta
planeettaa	NOUN	planeetta
planeettoja	NOUN	planeetta
planeettojen	NOUN	planeetta
planeettojenvälinen	ADJ	planeetta#välinen
planet-matkaopassarjasta	PROPN	Planet#matka#opas#sarja
plastista	ADJ	plastinen
platformissa	PROPN	Platform
playstationia	PROPN	Playstation
pleksilaseineen	NOUN	pleksilasi
plo:n	NOUN	PLO
plotinoksen	PROPN	Plotinos
plussaa	NOUN	plussa
pm-turnaukseen	NOUN	PM#turnaus
pocahontas-korunikin	NOUN	Pocahontas#koru
pohdin	VERB	pohtia
pohdinnan	NOUN	pohdinta
pohdintaa	NOUN	pohdinta
pohdintoihin	NOUN	pohdinta
pohditaan	VERB	pohtia
pohdittava	VERB	pohtia
pohdittiin	VERB	pohtia
pohdittu	VERB	pohtia
pohja-ajan	NOUN	pohja#aika
pohjaa	NOUN	pohja
pohjaan	NOUN	pohja
pohjakoulutuksena	NOUN	pohja#koulutus
pohjakoulutusvaatimusta	NOUN	pohja#koulutus#vaatimus
pohjalaiseen	PROPN	Pohjalainen
pohjalaisissa	PROPN	Pohjalaiset
pohjalla	NOUN	pohja
pohjalle	NOUN	pohja
pohjalta	NOUN	pohja
pohjalukemissa	NOUN	pohja#lukema
pohjan	NOUN	pohja
pohjan	PROPN	Pohja
pohjanmaalle	PROPN	Pohjanmaa
pohjanmaan	PROPN	Pohjan#maa
pohjansuuntaisesti	ADV	pohja#suuntaisesti
pohjantähden	PROPN	Pohjantähti
pohjassa	NOUN	pohja
pohjasta	NOUN	pohja
pohjat	NOUN	pohja
pohjautuen	VERB	pohjautua
pohjautuu	VERB	pohjautua
pohjautuvaa	VERB	pohjautua
pohjautuvan	VERB	pohjautua
pohjaveden	NOUN	pohja#vesi
pohjavesidirektiivin	NOUN	pohja#vesi#direktiivi
pohjavesisäännöksiä	NOUN	pohja#vesi#säännös
pohjaväriltään	NOUN	pohja#väri
pohjimmiltani	ADV	pohjimmilta
pohjista	NOUN	pohja
pohjois-	ADJ	pohjoinen
pohjois-afganistanissa	PROPN	Pohjois-Afganistan
pohjois-afrikan	PROPN	Pohjois-Afrikka
pohjois-amerikan	PROPN	Pohjois-Amerikka
pohjois-amerikassa	PROPN	Pohjois-Amerikka
pohjois-amerikasta	PROPN	Pohjois-Amerikka
pohjois-atlantin	PROPN	Pohjois-Atlantti
pohjois-intiassa	PROPN	Pohjois-Intia
pohjois-irakiin	PROPN	Pohjois-Irak
pohjois-irakin	PROPN	Pohjois-Irak
pohjois-karjalan	PROPN	Pohjois-Karjala
pohjois-karjalassa	PROPN	Pohjois-Karjala
pohjois-karjalasta	PROPN	Pohjois-Karjala
pohjois-kaukasian	PROPN	Pohjois-Kaukasia
pohjois-koreaan	PROPN	Pohjois-Korea
pohjois-korean	PROPN	Pohjois-Korea
pohjois-koreassa	PROPN	Pohjois-Korea
pohjois-kyproksen	PROPN	Pohjois-Kypros
pohjois-pohjanmaalla	PROPN	Pohjois-Pohjanmaa
pohjois-suomessa	PROPN	Pohjois-Suomi
pohjois-tapiolan	PROPN	Pohjois-Tapiola
pohjoiseen	NOUN	pohjoinen
pohjoisen	ADJ	pohjoinen
pohjoisen	NOUN	pohjoinen
pohjoisessa	ADJ	pohjoinen
pohjoisessa	NOUN	pohjoinen
pohjoisesta	ADJ	pohjoinen
pohjoisesta	NOUN	pohjoinen
pohjoiset	ADJ	pohjoinen
pohjoisia	ADJ	pohjoinen
pohjoisin	ADJ	pohjoinen
pohjoiskorealaisista	ADJ	pohjois#korealainen
pohjoismaiden	PROPN	pohjois#maa
pohjoismaista	NOUN	pohjois#maa
pohjoisosasta	NOUN	pohjois#osa
pohjoisosat	NOUN	pohjois#osa
pohjoisosiin	NOUN	pohjois#osa
pohjoisosissa	NOUN	pohjois#osa
pohjoispuolella	NOUN	pohjois#puoli
pohjoisrannan	NOUN	pohjois#ranta
pohjoissaarelle	PROPN	Pohjoissaari
pohjoissaaren	NOUN	pohjois#saari
pohjoissaaren	PROPN	Pohjoissaari
pohjola-pankki	NOUN	Pohjola#pankki
pohjolan	NOUN	pohjola
pohjustettiin	VERB	pohjustaa
pohjusti	VERB	pohjustaa
pohti	VERB	pohtia
pohtii	VERB	pohtia
pohtimaan	VERB	pohtia
pohtinut	VERB	pohtia
pohtivat	VERB	pohtia
poijat	NOUN	poika
poikaa	NOUN	poika
poikaani	NOUN	poika
poikaansa	NOUN	poika
poikakin	NOUN	poika
poikakoulussa	NOUN	poika#koulu
poikalaset	NOUN	poika#lapsi
poikana	NOUN	poika
poikani	NOUN	poika
poikansa	NOUN	poika
poikaset	NOUN	poikanen
poikasi	NOUN	poika
poikasia	NOUN	poikanen
poikasille	NOUN	poikanen
poikasista	NOUN	poikanen
poikasistaan	NOUN	poikanen
poikaystäväänsä	NOUN	poika#ystävä
poiketen	VERB	poiketa
poikia	NOUN	poika
poikien	NOUN	poika
poikiensa	NOUN	poika
poikineen	NOUN	poika
poikinut	VERB	poikia
poikkeavan	VERB	poiketa
poikkeavasta	ADJ	poikkeava
poikkeavat	VERB	poiketa
poikkesi	VERB	poiketa
poikkeukseen	NOUN	poikkeus
poikkeukselliseksi	ADJ	poikkeuksellinen
poikkeuksellisen	ADJ	poikkeuksellinen
poikkeukselliset	ADJ	poikkeuksellinen
poikkeuksen	NOUN	poikkeus
poikkeuksetta	NOUN	poikkeus
poikkeuksia	NOUN	poikkeus
poikkeuksina	NOUN	poikkeus
poikkeusasetuksen	NOUN	poikkeus#asetus
poikkeusta	NOUN	poikkeus
poikkeustapauksissa	NOUN	poikkeus#tapaus
poikkeusten	NOUN	poikkeus
poikkijuovaisten	ADJ	poikkijuovainen
poikueet	NOUN	poikue
poimi	VERB	poimia
poimii	VERB	poimia
poimimaan	VERB	poimia
pointistani	NOUN	pointti
poislähdön	NOUN	poislähtö
poislähteneiden	VERB	pois#lähteä
poissaolemisen	NOUN	poissa#oleminen
poissuljettu	VERB	poissulkea
poissuljettua	VERB	pois#sulkea
poistamaan	VERB	poistaa
poistamalla	VERB	poistaa
poistamiseksi	NOUN	poistaminen
poistamisesta	NOUN	poistaminen
poistamista	NOUN	poistaminen
poistavien	VERB	poistaa
poistetaan	VERB	poistaa
poistettaisiin	VERB	poistaa
poistettava	VERB	poistaa
poistettavana	VERB	poistaa
poistettavia	VERB	poistaa
poistettiin	VERB	poistaa
poistettu	VERB	poistaa
poistettua	VERB	poistaa
poisti	VERB	poistaa
poistumaa	NOUN	poistuma
poistumassa	VERB	poistua
poistumisreitin	NOUN	poistumis#reitti
poistun	VERB	poistua
poistunut	VERB	poistua
poistuvat	VERB	poistua
poisvietäväksi	VERB	pois#viedä
pojalle	NOUN	poika
pojalleen	NOUN	poika
pojallehan	NOUN	poika
pojalleni	NOUN	poika
pojan	NOUN	poika
pojastaan	NOUN	poika
pojat	NOUN	poika
pojille	NOUN	poika
pokerin	NOUN	pokeri
pokeriporhoja	NOUN	pokeri#porho
pokeriuransa	NOUN	pokeri#ura
pokkarihyllyssä	NOUN	pokkari#hylly
pokkariini	NOUN	pokkari
polanskin	PROPN	Polanski
poliiseja	NOUN	poliisi
poliisia	NOUN	poliisi
poliisiautomarkkinoilla	NOUN	poliisi#auto#markkinat
poliisien	NOUN	poliisi
poliisikouluun	NOUN	poliisi#koulu
poliisille	NOUN	poliisi
poliisillekin	NOUN	poliisi
poliisin	NOUN	poliisi
poliisipartioita	NOUN	poliisi#partio
poliisit	NOUN	poliisi
poliisityöhön	NOUN	poliisi#työ
poliitikkojen	NOUN	poliitikko
poliitikkona	NOUN	poliitikko
poliitikoilta	NOUN	poliitikko
poliitikolle	NOUN	poliitikko
poliitikon	NOUN	poliitikko
poliitikot	NOUN	poliitikko
poliittiseen	ADJ	poliittinen
poliittiseksi	ADJ	poliittinen
poliittisella	ADJ	poliittinen
poliittisen	ADJ	poliittinen
poliittisena	ADJ	poliittinen
poliittisessa	ADJ	poliittinen
poliittisesta	ADJ	poliittinen
poliittiset	ADJ	poliittinen
poliittisia	ADJ	poliittinen
poliittisiksi	ADJ	poliittinen
poliittisille	ADJ	poliittinen
poliittisista	ADJ	poliittinen
poliittista	ADJ	poliittinen
poliittisten	ADJ	poliittinen
politiikalla	NOUN	politiikka
politiikan	NOUN	politiikka
politiikantekijöille	NOUN	politiikan#tekijä
politiikassa	NOUN	politiikka
politiikasta	NOUN	politiikka
politiikkaa	NOUN	politiikka
politiikkaansa	NOUN	politiikka
politiikkamme	NOUN	politiikka
politiikkoja	NOUN	politiikka
politiikkojen	NOUN	politiikka
politiikoista	NOUN	politiikka
polittisen	ADJ	poliittinen
poljin	VERB	polkea
polkeutuivat	VERB	polkeutua
polkua	NOUN	polku
polkuja	NOUN	polku
polkumyynnillä	NOUN	polku#myynti
polkumyynnin	NOUN	polku#myynti
polkumyyntiin	NOUN	polku#myynti
polkumyyntikomitean	NOUN	polku#myynti#komitea
polkumyyntimarginaalia	NOUN	polku#myynti#marginaali
polkumyyntimarginaalin	NOUN	polku#myynti#marginaali
polkumyyntimarginaalit	NOUN	polku#myynti#marginaali
polkumyyntimenettelyjen	NOUN	polku#myynti#menettely
polkumyyntimenettelystä	NOUN	polku#myynti#menettely
polkumyyntisopimukseen	NOUN	polku#myynti#sopimus
polkumyyntitoimenpiteiden	NOUN	polku#myynti#toimen#pide
polkumyyntitulleja	NOUN	polku#myynti#tulli
polkumyyntitullia	NOUN	polku#myynti#tulli
polkumyyntitullien	NOUN	polku#myynti#tulli
polkumyyntitutkimukseen	NOUN	polku#myynti#tutkimus
polkumyyntiä	NOUN	polku#myynti
polkupyörän	NOUN	polku#pyörä
polkupyörät	NOUN	polku#pyörä
pollackin	PROPN	Pollack
polski	VERB	polskia
poltettiin	VERB	polttaa
poltettu	VERB	polttaa
polttaisi	VERB	polttaa
polttamaan	VERB	polttaa
polttaneen	VERB	polttaa
polttavalle	ADJ	polttava
polttavan	ADJ	polttava
polttelevat	VERB	poltella
poltti	VERB	polttaa
polttivat	VERB	polttaa
polttoaineiden	NOUN	poltto#aine
polttoainepumppuun	NOUN	poltto#aine#pumppu
polttoainepumpuissa	NOUN	poltto#aine#pumppu
polttoainetta	NOUN	poltto#aine
polttoaineveron	NOUN	poltto#aine#vero
polttopuut	NOUN	poltto#puu
poluksi	NOUN	polku
polvennosto	NOUN	polvi#nosto
polvessa	NOUN	polvi
polvet	NOUN	polvi
polveutui	VERB	polveutua
polvien	NOUN	polvi
polvieni	NOUN	polvi
polviin	NOUN	polvi
polvilleen	NOUN	polvi
polygramin	PROPN	Polygram
pommerin	PROPN	Pommeri
pommiin	NOUN	pommi
pommittamiselle	NOUN	pommittaminen
pommittivat	VERB	pommittaa
pommitukset	NOUN	pommitus
pommituksiin	NOUN	pommitus
pommitusten	NOUN	pommitus
pommiuhkausten	NOUN	pommi#uhkaus
pomolle	NOUN	pomo
pomot	NOUN	pomo
pompahteli	VERB	pompahdella
pomppimisen	NOUN	pomppiminen
pomppimista	NOUN	pomppiminen
pongputkea	NOUN	pong#putki
ponnistelemaan	VERB	ponnistella
ponnisteluissa	NOUN	ponnistelu
ponnisteluista	NOUN	ponnistelu
ponnisteluistaan	NOUN	ponnistelu
ponnisteluja	NOUN	ponnistelu
ponnistelujaan	NOUN	ponnistelu
ponnistelumme	NOUN	ponnistelu
ponnistelut	NOUN	ponnistelu
pontokselta	PROPN	Pontos
pontoksen	PROPN	Pontos
pontosta	PROPN	Pontos
poor'silta	PROPN	Poor's
poor'sin	PROPN	Poor's
popeda-yhtyeen	NOUN	Popeda#yhtye
popedan	PROPN	Popeda
popkorneja	NOUN	popkorni
populaation	NOUN	populaatio
populaatiot	NOUN	populaatio
populistisia	ADJ	populistinen
porfyrioksen	PROPN	Porfyrios
porissa	PROPN	Pori
porkkana-	NOUN	porkkana
pormestarikautenaan	NOUN	pormestari#kausi
pornaista	PROPN	Pornainen
porno-huuruihin	NOUN	porno#huuru
pornografisen	ADJ	pornografinen
pornokaupan	NOUN	porno#kauppa
poroja	NOUN	poro
porsaankyljykset	NOUN	porsaan#kyljys
porsaankyljyksiä	NOUN	porsaan#kyljys
porsaat	NOUN	porsas
porsaita	NOUN	porsas
port-au-princestä	PROPN	Port-au-Prince
portaan	PROPN	Porras
portaiden	NOUN	portaat
portailla	NOUN	portaat
portaille	NOUN	portaat
portailta	NOUN	portaat
portaissa	NOUN	portaat
portaita	NOUN	portaat
porteilla	NOUN	portti
portin	NOUN	portti
portinhoikan	PROPN	Portinhoikka
portteja	NOUN	portti
porttikonkeihin	NOUN	portti#konki
porttimme	NOUN	portti
portugaliin	PROPN	Portugali
portugalilaisena	ADJ	portugalilainen
portugalille	PROPN	Portugali
portugalin	PROPN	Portugali
portugalissa	PROPN	Portugali
porukalla	NOUN	porukka
porukalle	NOUN	porukka
porukan	NOUN	porukka
porukassa	NOUN	porukka
porukasta	NOUN	porukka
porukkaa	NOUN	porukka
porvareita	NOUN	porvari
porvarilliseksi	ADJ	porvarillinen
porvarin	NOUN	porvari
porvoon	PROPN	Porvoo
porvoossa	PROPN	Porvoo
porvoosta	PROPN	Porvoo
porvoostako	PROPN	Porvoo
positiiviseen	ADJ	positiivinen
positiiviseksi	ADJ	positiivinen
positiivisen	ADJ	positiivinen
positiivisia	ADJ	positiivinen
positiivista	ADJ	positiivinen
positiivisten	ADJ	positiivinen
poskeaan	NOUN	poski
poskeani	NOUN	poski
poskensa	NOUN	poski
poskesta	NOUN	poski
posket	NOUN	poski
poskia	NOUN	poski
poskille	NOUN	poski
poskissani	NOUN	poski
post-metal	NOUN	post#metal
postaan	VERB	postata
postauksen	NOUN	postaus
postauksia	NOUN	postaus
postereita	NOUN	posteri
posterien	NOUN	posteri
postia	NOUN	posti
postikuluineen	NOUN	posti#kulut
postilaatikkoa	NOUN	posti#laatikko
postille	PROPN	Posti
postiluukkua	NOUN	posti#luukku
postiluukkuani	NOUN	posti#luukku
postimaksujen	NOUN	posti#maksu
postimerkit	NOUN	posti#merkki
postin	NOUN	posti
postin	PROPN	Post
postisopimukset	NOUN	posti#sopimus
postitettiin	VERB	postittaa
postittamaan	VERB	postittaa
potematta	VERB	potea
potenssin	NOUN	potenssi
potentiaalissa	NOUN	potentiaali
potentiaalista	ADJ	potentiaalinen
poteroista	NOUN	potero
potilaalla	NOUN	potilas
potilaalle	NOUN	potilas
potilaan	NOUN	potilas
potilaansa	NOUN	potilas
potilaat	NOUN	potilas
potilaiden	NOUN	potilas
potilaisiin	NOUN	potilas
potilasasiakirjat	NOUN	potilas#asia#kirja
potilasohjaukseen	NOUN	potilas#ohjaus
potilasohjauksen	NOUN	potilas#ohjaus
potilasohjauksessa	NOUN	potilas#ohjaus
potilasohjaus-symposiumin	NOUN	potilas#ohjaus#symposiumi
potilasohjauskäytäntöjä	NOUN	potilas#ohjaus#käytäntö
potilasohjausta	NOUN	potilas#ohjaus
potilasohjeita	NOUN	potilas#ohje
potilasta	NOUN	potilas
potkaisin	VERB	potkaista
potkaissut	VERB	potkaista
potkimassa	VERB	potkia
potkitaan	VERB	potkia
potkulautailevaa	VERB	potkulautailla
potkureiden	NOUN	potkuri
potkut	NOUN	potku
potterin	PROPN	Potter
poutiaista	PROPN	Poutiainen
pouttua	PROPN	Pouttu
poutun	PROPN	Pouttu
povanneet	VERB	povata
powerpoint-esityksestä	NOUN	Powerpoint#esitys
powerpoint-kalvojen	NOUN	Powerpoint#kalvo
ppe-ryhmässä	NOUN	PPE#ryhmä
ppm:n	NOUN	ppm
pr-firma	NOUN	pr#firma
pr-hyökkäyksen	NOUN	pr#hyökkäys
pr-toimistoa	NOUN	pr#toimisto
prahan	PROPN	Praha
prahlin	PROPN	Prahl
predatorsin	PROPN	Predators
prefektuurissa	NOUN	prefektuuri
preisnerin	PROPN	Preisner
prepositiosta	NOUN	prepositio
presidentiksi	NOUN	presidentti
presidentille	NOUN	presidentti
presidentillisen	ADJ	presidentillinen
presidentillä	NOUN	presidentti
presidentin	NOUN	presidentti
presidentinvaaleissa	NOUN	presidentin#vaalit
presidentinvaalien	NOUN	presidentin#vaalit
presidentinvaalin	NOUN	presidentin#vaalit
presidenttikaudellaan	NOUN	presidentti#kausi
presidenttiytensä	NOUN	presidenttiys
presidenttiä	NOUN	presidentti
presleyn	PROPN	Presley
preview-ep:n	PROPN	Preview#EP
prikaatin	NOUN	prikaati
prinsessakorkkarit	NOUN	prinsessa#korkkari
prinsessalinnallaan	NOUN	prinsessa#linna
prinsessan	NOUN	prinsessa
prinsessat	NOUN	prinsessa
prinsessojen	NOUN	prinsessa
prinsiipin	NOUN	prinsiippi
prinssille	NOUN	prinssi
prinssin	NOUN	prinssi
prioriteettina	NOUN	prioriteetti
prisman	PROPN	Prisma
productionsin	PROPN	Productions
profeetan	NOUN	profeetta
profesori	NOUN	professori
professoreista	NOUN	professori
professoreja	NOUN	professori
professorien	NOUN	professori
professorina	NOUN	professori
professorina	PROPN	Professor
professorit	NOUN	professori
professuuria	NOUN	professuuri
profiileja	NOUN	profiili
profiilimme	NOUN	profiili
proggiksessa	NOUN	proggis
progressiiviseen	ADJ	progressiivinen
projectin	PROPN	Project
projekteissa	NOUN	projekti
projekteista	NOUN	projekti
projektia	NOUN	projekti
projektien	NOUN	projekti
projektiin	NOUN	projekti
projektiluontoiseen	ADJ	projekti#luontoinen
projektin	NOUN	projekti
projektirahoituksesta	NOUN	projekti#rahoitus
projektiryhmän	NOUN	projekti#ryhmä
projektissa	NOUN	projekti
projektista	NOUN	projekti
projektitöiden	NOUN	projekti#työ
projektitöissä	NOUN	projekti#työ
projektitöistä	NOUN	projekti#työ
projektitöitä	NOUN	projekti#työ
projektitöitään	NOUN	projekti#työ
promillen	NOUN	promille
promusicae-järjestön	NOUN	Promusicae#järjestö
pronssia	NOUN	pronssi
pronssikolikoissa	NOUN	pronssi#kolikko
pronssille	NOUN	pronssi
pronssisotilaan	NOUN	pronssi#sotilas
propagandaa	NOUN	propaganda
propagandaan	NOUN	propaganda
propagandatemppuna	NOUN	propaganda#temppu
proseminaarityöstään	NOUN	pro#seminaari#työ
prosentiksi	NOUN	prosentti
prosentilla	NOUN	prosentti
prosentin	NOUN	prosentti
prosentissa	NOUN	prosentti
prosentista	NOUN	prosentti
prosenttia	NOUN	prosentti
prosenttiin	NOUN	prosentti
prosesseihin	NOUN	prosessi
prosessia	NOUN	prosessi
prosessiin	NOUN	prosessi
prosessin	NOUN	prosessi
prosessissa	NOUN	prosessi
prosessoiduilla	VERB	prosessoida
proteiinin	NOUN	proteiini
protestoi	VERB	protestoida
prototyypin	NOUN	proto#tyyppi
prototyypissä	NOUN	proto#tyyppi
prototyyppiä	NOUN	proto#tyyppi
protour-tallia	NOUN	ProTour#talli
provinssien	NOUN	provinssi
provinssiin	NOUN	provinssi
provinssin	NOUN	provinssi
provinssissa	NOUN	provinssi
provokaatioksi	NOUN	provokaatio
provosointiin	NOUN	provosointi
provosoiviin	ADJ	provosoiva
psykiatrin	NOUN	psykiatri
psykiatrisessa	ADJ	psykiatrinen
psykologian	NOUN	psykologia
psykologiassa	NOUN	psykologia
psykologisesta	ADJ	psykologinen
psykooseihin	NOUN	psykoosi
psykoosien	NOUN	psykoosi
psykopaattijoukkoon	NOUN	psykopaatti#joukko
psyykannut	VERB	psyykata
psyykensä	NOUN	psyyke
puberteetti-	NOUN	puberteetti
pubissa	NOUN	pub
pubit	NOUN	pub
publicumissa	PROPN	Publicum
puccinin	PROPN	Puccini
pudistelivat	VERB	pudistella
pudonneen	VERB	pudota
pudonneista	ADJ	pudonnut
pudonnut	VERB	pudota
pudotakseen	VERB	pudota
pudottanut	VERB	pudottaa
pudotti	VERB	pudottaa
pudotuksen	NOUN	pudotus
puen	VERB	pukea
puhakaisen	PROPN	Puhakainen
puhalluksen	NOUN	puhallus
puhalsi	VERB	puhaltaa
puhaltelee	VERB	puhallella
puhalteli	VERB	puhallella
puhdasta	ADJ	puhdas
puhdista	VERB	puhdistaa
puhdistamaan	VERB	puhdistaa
puhdistamonsa	NOUN	puhdistamo
puhdistettua	ADJ	puhdistettu
puhdistusaineita	NOUN	puhdistus#aine
puheeksi	NOUN	puhe
puheen	NOUN	puhe
puheenaiheet	NOUN	puheen#aihe
puheenjohtaja-kaksikko	NOUN	puheen#johtaja#kaksikko
puheenjohtajaa	NOUN	puheen#johtaja
puheenjohtajaksi	NOUN	puheen#johtaja
puheenjohtajalla	NOUN	puheen#johtaja
puheenjohtajalle	NOUN	puheen#johtaja
puheenjohtajalta	NOUN	puheen#johtaja
puheenjohtajan	NOUN	puheen#johtaja
puheenjohtajana	NOUN	puheen#johtaja
puheenjohtajatapaamisessa	NOUN	puheen#johtaja#tapaaminen
puheenjohtajavaltion	NOUN	puheen#johtaja#valtio
puheenjohtajina	NOUN	puheen#johtaja
puheenjohtajuuteen	NOUN	puheen#johtajuus
puheenvuoroa	NOUN	puheen#vuoro
puheenvuoroja	NOUN	puheen#vuoro
puheenvuoron	NOUN	puheen#vuoro
puheenvuoroni	NOUN	puheen#vuoro
puheessa	NOUN	puhe
puheessaan	NOUN	puhe
puheet	NOUN	puhe
puheiden	NOUN	puhe
puheilla	NOUN	puhe
puheisiinkaan	NOUN	puhe
puheista	NOUN	puhe
puheita	NOUN	puhe
puhekielessä	NOUN	puhe#kieli
puhelimeen	NOUN	puhelin
puhelimella	NOUN	puhelin
puhelimen	NOUN	puhelin
puhelimeni	NOUN	puhelin
puhelimensa	NOUN	puhelin
puhelimessa	NOUN	puhelin
puhelinkeskustelussa	NOUN	puhelin#keskustelu
puhelinkoppeja	NOUN	puhelin#koppi
puhelinlaitetta	NOUN	puhelin#laite
puhelintaan	NOUN	puhelin
puhelivat	VERB	puhella
puheluista	NOUN	puhelu
puheluja	NOUN	puhelu
puhelutiedot	NOUN	puhelu#tieto
puhemieheksi	NOUN	puhe#mies
puhemiehelle	NOUN	puhe#mies
puhemiehen	NOUN	puhe#mies
puhemiehistölle	NOUN	puhe#miehistö
puhemiestä	NOUN	puhe#mies
puhetta	NOUN	puhe
puhettakaan	NOUN	puhe
puhetyylinsä	NOUN	puhe#tyyli
puheväleissä	NOUN	puhe#välit
puhisevia	VERB	puhista
puhkeamisen	NOUN	puhkeaminen
puhkua	NOUN	puhku
puhkuin	VERB	puhkua
puhtaalle	ADJ	puhdas
puhtaalta	ADJ	puhdas
puhtaan	ADJ	puhdas
puhtaana	ADJ	puhdas
puhtaaseen	ADJ	puhdas
puhtaat	ADJ	puhdas
puhtaiksi	ADJ	puhdas
puhtausnormeja	NOUN	puhtaus#normi
puhtautta	NOUN	puhtaus
puhu	VERB	puhua
puhuakaan	VERB	puhua
puhuen	VERB	puhua
puhuessani	VERB	puhua
puhui	VERB	puhua
puhuimme	VERB	puhua
puhuin	VERB	puhua
puhuisi	VERB	puhua
puhuivat	VERB	puhua
puhujan	NOUN	puhuja
puhujanpönttö	NOUN	puhuja#pönttö
puhujanpöntön	NOUN	puhuja#pönttö
puhujia	NOUN	puhuja
puhujien	NOUN	puhuja
puhumaan	VERB	puhua
puhumalla	VERB	puhua
puhumasta	VERB	puhua
puhumattakaan	VERB	puhua
puhumiseen	NOUN	puhuminen
puhumisen	NOUN	puhuminen
puhumme	VERB	puhua
puhun	VERB	puhua
puhuneensa	VERB	puhua
puhuneet	VERB	puhua
puhunut	VERB	puhua
puhuta	VERB	puhua
puhutaan	VERB	puhua
puhuttaessa	VERB	puhuttaa
puhuttaisiin	VERB	puhua
puhuttaisikaan	VERB	puhua
puhuttavat	VERB	puhuttaa
puhuttiin	VERB	puhua
puhuttu	VERB	puhua
puhuu	VERB	puhua
puhuva	VERB	puhua
puhuvat	VERB	puhua
puhuvien	VERB	puhua
puiden	NOUN	puu
puihin	NOUN	puu
puikoilla	NOUN	puikko
puin	VERB	pukea
puisen	ADJ	puinen
puisia	ADJ	puinen
puisilla	ADJ	puinen
puisissa	ADJ	puinen
puissa	NOUN	puu
puista	NOUN	puu
puistelemassa	VERB	puistella
puisten	ADJ	puinen
puistolasta	PROPN	Puistola
puiston	NOUN	puisto
puistossa	NOUN	puisto
puistot	NOUN	puisto
puita	NOUN	puu
puitedirektiivin	NOUN	puite#direktiivi
puiteohjelman	NOUN	puite#ohjelma
puitepäätösluonnosta	NOUN	puite#päätös#luonnos
puitepäätöstä	NOUN	puite#päätös
puitteensa	NOUN	puite
puitteet	NOUN	puite
puitteiden	NOUN	puite
puitteita	NOUN	puite
pujottelukisan	NOUN	pujottelu#kisa
pujottelun	NOUN	pujottelu
pujottelussa	NOUN	pujottelu
pukee	VERB	pukea
pukeutuisi	VERB	pukeutua
pukeutumiseen	NOUN	pukeutuminen
pukeutumisen	NOUN	pukeutuminen
pukeutumiset	NOUN	pukeutuminen
pukeutumiskoodeja	NOUN	pukeutumis#koodi
pukeutumista	NOUN	pukeutuminen
pukeutunut	VERB	pukeutua
pukeutuu	VERB	pukeutua
pukeutuvat	VERB	pukeutua
pukua	NOUN	puku
pukuanne	NOUN	puku
pukuhuoneessa	NOUN	puku#huone
pukuihin	NOUN	puku
pukukoodit	NOUN	puku#koodi
pulaa	NOUN	pula
pulaan	NOUN	pula
pulassa	NOUN	pula
pulikoimaan	VERB	pulikoida
puliukkoja	NOUN	puli#ukko
puliukon	NOUN	puli#ukko
pulkat	NOUN	pulkka
pulkkisen	PROPN	Pulkkinen
pulleaan	ADJ	pullea
pullistuvan	VERB	pullistua
pulloa	NOUN	pullo
pulloja	NOUN	pullo
pullojakin	NOUN	pullo
pullonkaulaksi	NOUN	pullon#kaula
pullonkaulat	NOUN	pullon#kaula
pullonkauloihin	NOUN	pullon#kaula
pulloon	NOUN	pullo
pullot	NOUN	pullo
pulmat	NOUN	pulma
pulppuaisi	VERB	pulputa
pulssin	NOUN	pulssi
pulssini	NOUN	pulssi
puluja	NOUN	pulu
punaherukoita	NOUN	puna#herukka
punaiseksi	ADJ	punainen
punaisella	ADJ	punainen
punaiselle	ADJ	punainen
punaisen	ADJ	punainen
punaisesta	ADJ	punainen
punaiset	ADJ	punainen
punaisia	ADJ	punainen
punaisiin	ADJ	punainen
punaisilla	ADJ	punainen
punaista	ADJ	punainen
punaistamerta	PROPN	Punainenmeri
punaisten	ADJ	punainen
punaisten	NOUN	punainen
punakaartiin	NOUN	puna#kaarti
punakaartilaisen	NOUN	puna#kaartilainen
punanen	NOUN	punainen
punaraidallisiin	ADJ	puna#raidallinen
punasilmäiseltä	ADJ	puna#silmäinen
punasipulia	NOUN	puna#sipuli
punasipulilohkot	NOUN	puna#sipuli#lohko
punasta	ADJ	punainen
punatammia	NOUN	puna#tammi
punavalkoiset	ADJ	puna#valkoinen
punaviinin	NOUN	puna#viini
punaviiniä	NOUN	puna#viini
punkalaitumella	PROPN	Punkalaidun
punkia	NOUN	punk
punnitaan	VERB	punnita
punnusten	NOUN	punnus
puntaroineen	VERB	puntaroida
puntteihin	NOUN	puntti
puolaan	PROPN	Puola
puolan	PROPN	Puola
puolassa	PROPN	Puola
puoleen	NOUN	puoli
puoleen	NUM	puoli
puoleensa	ADP	puoleen
puoleensa	ADV	puoleen
puoleisen	ADJ	puoleinen
puolella	NOUN	puoli
puolella	NUM	puoli
puolelle	NOUN	puoli
puolelta	NOUN	puoli
puolen	NOUN	puoli
puolen	NUM	puoli
puolenpäivän	NOUN	puoli#päivä
puolentoista	NUM	puoli#toista
puolenyön	NOUN	puoli#yö
puolessa	NUM	puoli
puolesta	NUM	puoli
puolestani	ADP	puolesta
puolestani	ADV	puolesta
puolet	NOUN	puoli
puolia	NOUN	puoli
puolialastomana	ADJ	puoli#alaston
puolijuoksua	NOUN	puoli#juoksu
puolikarkeaa	ADJ	puoli#karkea
puolikkaalle	NOUN	puolikas
puoliksi	NOUN	puoli
puolilla	NOUN	puoli
puolin	NOUN	puoli
puolipelein	NOUN	puoli#peli
puoliperävaunua	NOUN	puoli#perä#vaunu
puoliperävaunujen	NOUN	puoli#perä#vaunu
puoliperävaunulla	NOUN	puoli#perä#vaunu
puoliperävaunun	NOUN	puoli#perä#vaunu
puolipukeisena	ADJ	puoli#pukeinen
puolisen	NUM	puolinen
puoliskoa	NOUN	puolisko
puoliskolla	NOUN	puolisko
puoliskolta	NOUN	puolisko
puoliskot	NOUN	puolisko
puolisoaan	NOUN	puoliso
puolisoani	NOUN	puoliso
puolisoineen	NOUN	puoliso
puolisolle	NOUN	puoliso
puolisolleni	NOUN	puoliso
puolisolta	NOUN	puoliso
puolison	NOUN	puoliso
puolisoni	NOUN	puoliso
puolisonsa	NOUN	puoliso
puolisot	NOUN	puoliso
puoliteholla	NOUN	puoli#teho
puolitettuina	VERB	puolittaa
puolitettuja	VERB	puolittaa
puolitettuna	VERB	puolittaa
puolivahingossa	NOUN	puoli#vahinko
puolivalmisteet	NOUN	puoli#valmiste
puolivuotisena	ADJ	puoli#vuotinen
puolivuotisia	ADJ	puoli#vuotinen
puolivuotistuloksemme	NOUN	puoli#vuotis#tulos
puoliväliin	NOUN	puoliväli
puolivälissä	NOUN	puoli#väli
puolivälistä	NOUN	puoli#väli
puolla	VERB	puoltaa
puolsivat	VERB	puoltaa
puolta	NOUN	puoli
puoltanut	VERB	puoltaa
puoltayötä	NOUN	puoliyö
puolueeksi	NOUN	puolue
puolueella	NOUN	puolue
puolueelle	NOUN	puolue
puolueen	NOUN	puolue
puolueeseen	NOUN	puolue
puolueessa	NOUN	puolue
puolueesta	NOUN	puolue
puolueettoman	ADJ	puolueeton
puolueettomuutta	NOUN	puolueettomuus
puoluehallituksen	NOUN	puolue#hallitus
puolueiden	NOUN	puolue
puolueille	NOUN	puolue
puolueilta	NOUN	puolue
puolueita	NOUN	puolue
puoluekokouksen	NOUN	puolue#kokous
puoluekokouksessa	NOUN	puolue#kokous
puolueryhmämme	NOUN	puolue#ryhmä
puolueryhmää	NOUN	puolue#ryhmä
puoluetta	NOUN	puolue
puoluevaltuuston	NOUN	puolue#valtuusto
puolukkaa	NOUN	puolukka
puolustaisin	VERB	puolustaa
puolustajana	NOUN	puolustaja
puolustajien	NOUN	puolustaja
puolustamaan	VERB	puolustaa
puolustamansa	VERB	puolustaa
puolustamisella	NOUN	puolustaminen
puolustautuvan	VERB	puolustautua
puolustavana	VERB	puolustaa
puolustukseen	NOUN	puolustus
puolustukseksi	NOUN	puolustus
puolustuksen	NOUN	puolustus
puolustuksessa	NOUN	puolustus
puolustusoppinsa	NOUN	puolustus#oppi
puolustuspelikin	NOUN	puolustus#peli
puolustuspäässä	NOUN	puolustus#pää
puolustussopimukseen	NOUN	puolustus#sopimus
puolustusvoimien	NOUN	puolustus#voimat
puolustusvoimien	PROPN	Puolustusvoimat
puolustusvoimiin	PROPN	Puolustusvoimat
puoshaoilla	NOUN	puoshaka
pupilleista	NOUN	pupilli
pupua	NOUN	pupu
pupulla	NOUN	pupu
pupulle	NOUN	pupu
pupulta	NOUN	pupu
pupun	NOUN	pupu
puree	VERB	purra
pureksi	VERB	pureksia
puremakaan	NOUN	purema
puretaan	VERB	purkaa
purettiin	VERB	purkaa
purettua	VERB	purkaa
pureutumaan	VERB	pureutua
pureutuu	VERB	pureutua
puri	VERB	purra
puristan	VERB	puristaa
puristettu	VERB	puristaa
puristuksessa	NOUN	puristus
purjehtiviin	VERB	purjehtia
purjeveneen	NOUN	purje#vene
purkaessaan	VERB	purkaa
purkamisen	NOUN	purkaminen
purkamisesta	NOUN	purkaminen
purkamista	NOUN	purkaminen
purkauksessa	NOUN	purkaus
purkautui	VERB	purkautua
purkautuu	VERB	purkautua
purkillisen	NOUN	purkillinen
purkillista	NOUN	purkillinen
purkin	NOUN	purkki
purkista	NOUN	purkki
purkitetaan	VERB	purkittaa
purkkia	NOUN	purkki
purkkiin	NOUN	purkki
puron	NOUN	puro
purskahdin	VERB	purskahtaa
purskahtaisi	VERB	purskahtaa
purskauttamassa	VERB	purskauttaa
purut	NOUN	puru
puseikkoon	NOUN	pusikko
puserruksessa	NOUN	puserrus
pusertaen	VERB	pusertaa
pusikoissa	NOUN	pusikko
puskat	NOUN	puska
puskivat	VERB	puskea
pussistani	NOUN	pussi
pussukoitani	NOUN	pussukka
pusun	NOUN	pusu
putinia	PROPN	Putin
putinin	PROPN	Putin
putkahti	VERB	putkahtaa
putkassa	NOUN	putka
putkea	NOUN	putki
putkesta	NOUN	putki
putket	NOUN	putki
putkimiehen	NOUN	putki#mies
putkistosta	NOUN	putkisto
putoaa	VERB	pudota
putoamiselta	NOUN	putoaminen
putoamisen	NOUN	putoaminen
putoamispisteen	NOUN	pudota#piste
putoavat	VERB	pudota
putoilevat	VERB	putoilla
putos	VERB	pudota
putosi	VERB	pudota
putosin	VERB	pudota
putosivat	VERB	pudota
putsaa	VERB	putsata
putsaamaan	VERB	putsata
puu-	NOUN	puu
puuhaa	NOUN	puuha
puuhaamaan	VERB	puuhata
puuhaavat	VERB	puuhata
puuhastelleen	VERB	puuhastella
puuhastelua	NOUN	puuhastelu
puuhataan	VERB	puuhata
puuhia	NOUN	puuha
puuhu	NOUN	puu
puuhun	NOUN	puu
puuj	NOUN	puu
puukenkää	NOUN	puu#kenkä
puukoilta	NOUN	puukko
puukolla	NOUN	puukko
puukoniskut	NOUN	puukon#isku
puukoniskuun	NOUN	puukon#isku
puulle	NOUN	puu
puulämmitteisyydestä	NOUN	puu#lämmitteisyys
puun	NOUN	puu
puunilaissodassa	NOUN	puunilais#sota
puunrunkoja	NOUN	puun#runko
puunuijalla	NOUN	puu#nuija
puupöllejä	NOUN	puu#pölli
puurakennuksia	NOUN	puu#rakennus
puurakenteita	NOUN	puu#rakenne
puurimastoon	NOUN	puu#rimasto
puuroa	NOUN	puuro
puuropurkista	NOUN	puuro#purkki
puusepälle	NOUN	puu#seppä
puusepän	NOUN	puu#seppä
puuskassa	NOUN	puuska
puuskuttaessa	VERB	puuskuttaa
puussa	NOUN	puu
puusta	NOUN	puu
puustoisista	ADJ	puustoinen
puut	NOUN	puu
puuta	NOUN	puu
puutalot	NOUN	puu#talo
puutarhahuonekalun	NOUN	puu#tarha#huone#kalu
puutarhalle	NOUN	puu#tarha
puutarhan	NOUN	puu#tarha
puutarhassa	NOUN	puu#tarha
puutarhatonttu-poseerausta	NOUN	puu#tarha#tonttu#poseeraus
puutarhatonttuja	NOUN	puu#tarha#tonttu
puutarhaviljelyssä	NOUN	puu#tarha#viljely
puutarhoissa	NOUN	puu#tarha
puutetta	NOUN	puute
puutteellisissa	ADJ	puutteellinen
puutteen	NOUN	puute
puutteenalaisuus	NOUN	puute#alaisuus
puutteeseen	NOUN	puute
puutteesta	NOUN	puute
puutteet	NOUN	puute
puutteita	NOUN	puute
puuttuessa	VERB	puuttua
puuttui	VERB	puuttua
puuttuivat	VERB	puuttua
puuttumaan	VERB	puuttua
puuttumasta	VERB	puuttua
puuttumatta	VERB	puuttua
puuttumisen	NOUN	puuttuminen
puuttumista	NOUN	puuttuminen
puuttuu	VERB	puuttua
puuttuvaa	VERB	puuttua
puuttuvien	VERB	puuttua
puututa	VERB	puuttua
puututaan	VERB	puuttua
puututtava	VERB	puuttua
puuvartislajien	NOUN	puu#vartis#laji
puuvartista	ADJ	puu#vartinen
puuvillasta	NOUN	puu#villa
pvc:n	PROPN	PVC
pyhinä	ADJ	pyhä
pyhäinjäännöksille	NOUN	pyhäin#jäännös
pyhäjärveen	PROPN	Pyhäjärvi
pyhän	ADJ	pyhä
pyjamani	NOUN	pyjama
pykälällä	NOUN	pykälä
pykälän	NOUN	pykälä
pynttäytyvät	VERB	pynttäytyä
pyrimme	VERB	pyrkiä
pyrittiin	VERB	pyrkiä
pyritty	VERB	pyrkiä
pyrittäisiin	VERB	pyrkiä
pyrittävä	VERB	pyrkiä
pyritään	VERB	pyrkiä
pyrki	VERB	pyrkiä
pyrkii	VERB	pyrkiä
pyrkiikin	VERB	pyrkiä
pyrkimyksemme	NOUN	pyrkimys
pyrkimyksille	NOUN	pyrkimys
pyrkimyksissään	NOUN	pyrkimys
pyrkimyksiä	NOUN	pyrkimys
pyrkimystä	NOUN	pyrkimys
pyrkimään	VERB	pyrkiä
pyrkineet	VERB	pyrkiä
pyrkiny	VERB	pyrkiä
pyrkiville	VERB	pyrkiä
pyrkivät	VERB	pyrkiä
pyroksi	PROPN	Pyro
pyrstön	NOUN	pyrstö
pyrstössä	NOUN	pyrstö
pysty	VERB	pystyä
pystyasentoon	NOUN	pysty#asento
pystyi	VERB	pystyä
pystyimme	VERB	pystyä
pystyin	VERB	pystyä
pystyisi	VERB	pystyä
pystyisimme	VERB	pystyä
pystyivät	VERB	pystyä
pystymme	VERB	pystyä
pystyn	VERB	pystyä
pystyneet	VERB	pystyä
pystynyt	VERB	pystyä
pystysuorina	ADJ	pysty#suora
pystyt	VERB	pystyä
pystytimme	VERB	pystyttää
pystyttiin	VERB	pystyä
pystytty	VERB	pystyä
pystyttäisiin	VERB	pystyä
pystyttävä	VERB	pystyä
pystytä	VERB	pystyä
pystytään	VERB	pystyä
pystyvänsä	VERB	pystyä
pystyvät	VERB	pystyä
pystyy	VERB	pystyä
pystyykö	VERB	pystyä
pystyäkseen	VERB	pystyä
pystös	ADV	pystyssä
pysy	VERB	pysyä
pysyi	VERB	pysyä
pysyisi	VERB	pysyä
pysyivät	VERB	pysyä
pysymään	VERB	pysyä
pysyneet	VERB	pysyä
pysynyt	VERB	pysyä
pysytellyt	VERB	pysytellä
pysyttävä	VERB	pysyä
pysytään	VERB	pysyä
pysyvinä	ADJ	pysyvä
pysyviä	ADJ	pysyvä
pysyväksi	ADJ	pysyvä
pysyvämpää	ADJ	pysyvä
pysyvän	ADJ	pysyvä
pysyvän	VERB	pysyä
pysyvänsä	VERB	pysyä
pysyvät	VERB	pysyä
pysyvää	ADJ	pysyvä
pysyy	VERB	pysyä
pysyäkseen	VERB	pysyä
pysyäksemme	VERB	pysyä
pysähdy	VERB	pysähtyä
pysähdyin	VERB	pysähtyä
pysähdyn	VERB	pysähtyä
pysähtyi	VERB	pysähtyä
pysähtyivät	VERB	pysähtyä
pysähtynyt	VERB	pysähtyä
pysähtyvän	VERB	pysähtyä
pysähtyvät	VERB	pysähtyä
pysähtyy	VERB	pysähtyä
pysäkillä	NOUN	pysäkki
pysäytettyä	VERB	pysäyttää
pysäytti	VERB	pysäyttää
pysäyttti	VERB	pysäyttää
pysäyttävistä	ADJ	pysäyttävä
pysäyttävä	VERB	pysäyttää
pysäyttääkseen	VERB	pysäyttää
pythonille	PROPN	Python
pyydettiin	VERB	pyytää
pyydetyn	VERB	pyytää
pyydetään	VERB	pyytää
pyydämme	VERB	pyytää
pyydän	VERB	pyytää
pyydät	VERB	pyytää
pyyhekumin	NOUN	pyyhe#kumi
pyyhettä	NOUN	pyyhe
pyyhin	VERB	pyyhkiä
pyyhkeen	NOUN	pyyhe
pyyhkeet	NOUN	pyyhe
pyyhkeissä	NOUN	pyyhe
pyyhkii	VERB	pyyhkiä
pyyhkimistä	NOUN	pyyhkiminen
pyyhkimässä	VERB	pyyhkiä
pyyhkiytynyt	VERB	pyyhkiytyä
pyykit	NOUN	pyykki
pyykkikorissa	NOUN	pyykki#kori
pyynnön	NOUN	pyyntö
pyynnöstä	NOUN	pyyntö
pyyntöihin	NOUN	pyyntö
pyyntöä	NOUN	pyyntö
pyyntöön	NOUN	pyyntö
pyysi	VERB	pyytää
pyysin	VERB	pyytää
pyysivät	VERB	pyytää
pyytäessä	VERB	pyytää
pyytäisit	VERB	pyytää
pyytämällä	VERB	pyytää
pyytämänsä	VERB	pyytää
pyytämättä	VERB	pyytää
pyytänyt	VERB	pyytää
pyytävät	VERB	pyytää
pyöreitä	ADJ	pyöreä
pyöreää	ADJ	pyöreä
pyörien	NOUN	pyörä
pyörii	VERB	pyöriä
pyörinyt	VERB	pyöriä
pyöritelty	VERB	pyöritellä
pyörittele	VERB	pyöritellä
pyörittelee	VERB	pyöritellä
pyörittämiseen	NOUN	pyörittäminen
pyörittämää	VERB	pyörittää
pyörittävä	VERB	pyörittää
pyöritystä	NOUN	pyöritys
pyörivän	VERB	pyöriä
pyörivät	VERB	pyöriä
pyörteitä	NOUN	pyörre
pyörtyi	VERB	pyörtyä
pyörähti	VERB	pyörähtää
pyöräiltiin	VERB	pyöräillä
pyöräilyn	NOUN	pyöräily
pyörällä	NOUN	pyörä
pyörän	NOUN	pyörä
pyöränsä	NOUN	pyörä
pyöräytti	VERB	pyöräyttää
pyöräytä	VERB	pyöräyttää
pyörää	NOUN	pyörä
päde	VERB	päteä
pähkinä-	NOUN	pähkinä
pähkinän	NOUN	pähkinä
pähkinävoi-banaani-voileipiä	NOUN	pähkinä#voi#banaani#voi#leipä
pähkähullujen	NOUN	pähkähullu
päihdetavoitteet	NOUN	päihde#tavoite
päinvastaista	ADJ	päinvastainen
päissään	NOUN	pää
päitä	NOUN	pää
päivettyneestä	ADJ	päivettynyt
päivien	NOUN	päivä
päiviin	NOUN	päivä
päiviksi	NOUN	päivä
päiville	NOUN	päivä
päivillä	NOUN	päivä
päiviltä	NOUN	päivä
päivinä	NOUN	päivä
päivistä	NOUN	päivä
päivitetty	VERB	päivittää
päivittele	VERB	päivitellä
päivittelevät	VERB	päivitellä
päivittäiseen	ADJ	päivittäinen
päivittäisessä	ADJ	päivittäinen
päivittäistasolla	NOUN	päivittäis#taso
päivittäisten	ADJ	päivittäinen
päivittänyt	VERB	päivittää
päivitykset	NOUN	päivitys
päiviä	NOUN	päivä
päivystävä	VERB	päivystää
päiväjärjestyksen	NOUN	päivä#järjestys
päiväkausiksi	NOUN	päivä#kausi
päiväkirjaa	NOUN	päivä#kirja
päiväkirjaan	NOUN	päivä#kirja
päiväkirjan	NOUN	päivä#kirja
päiväkotiin	NOUN	päivä#koti
päivälehden	PROPN	Päivälehti
päivälle	NOUN	päivä
päivälliselle	NOUN	päivällinen
päivällistä	ADJ	päivällinen
päivällä	NOUN	päivä
päivältä	NOUN	päivä
päivälukiossa	NOUN	päivä#lukio
päivämäärän	NOUN	päivä#määrä
päivämäärää	NOUN	päivä#määrä
päivän	NOUN	päivä
päiväni	NOUN	päivä
päivänsankarista	NOUN	päivän#sankari
päivänselvää	ADJ	päivän#selvä
päivänselvään	ADJ	päivän#selvä
päivänsä	NOUN	päivä
päivänä	NOUN	päivä
päiväpanojen	NOUN	päivä#pano
päivärahan	NOUN	päivä#raha
päiväsakkoa	NOUN	päivä#sakko
päiväsaunan	NOUN	päivä#sauna
päivässä	NOUN	päivä
päivästä	NOUN	päivä
päivät	NOUN	päivä
päivätympääkin	ADJ	päivätty
päivätyssä	VERB	päivätä
päivää	NOUN	päivä
päivään	NOUN	päivä
päreenä	NOUN	päre
pärjännyt	VERB	pärjätä
pärjäsivät	VERB	pärjätä
pärjää	VERB	pärjätä
pärjäävänsä	VERB	pärjätä
pärjäävät	VERB	pärjätä
pärskien	VERB	pärskiä
pärskivät	VERB	pärskiä
päsmäröintiin	NOUN	päsmäröinti
pätee	VERB	päteä
pätevin	ADJ	pätevä
pätevyysvaatimuksia	NOUN	pätevyys#vaatimus
pätevät	ADJ	pätevä
pätevöitymiseen	NOUN	pätevöityminen
pätkän	NOUN	pätkä
pätkät	NOUN	pätkä
pää-	NOUN	pää
pää-khosroidihaara	NOUN	Pää#khosroidi#haara
pääasiallisena	ADJ	pää#asiallinen
pääasialliset	ADJ	pää#asiallinen
pääasiallisia	ADJ	pää#asiallinen
päädyin	VERB	päätyä
päädymme	VERB	päätyä
päädyn	NOUN	pääty
päädyssä	NOUN	pääty
päädytty	VERB	päätyä
pääesiintyjät	NOUN	pää#esiintyjä
päähenkilöistä	NOUN	pää#henkilö
päähenkilöksi	NOUN	pää#henkilö
päähän	NOUN	pää
päähäni	NOUN	pää
päähänsä	NOUN	pää
pääindeksiäkin	NOUN	pää#indeksi
pääjatkoa	NOUN	pää#jatko
pääjärvestä	PROPN	Pääjärvi
pääkadun	NOUN	pää#katu
pääkaupungiksi	NOUN	pää#kaupunki
pääkaupungin	NOUN	pää#kaupunki
pääkaupungissa	NOUN	pää#kaupunki
pääkaupungista	NOUN	pää#kaupunki
pääkaupunkia	NOUN	pää#kaupunki
pääkaupunkien	NOUN	pää#kaupunki
pääkaupunkiin	NOUN	pää#kaupunki
pääkaupunkina	NOUN	pää#kaupunki
pääkaupunkiseudulla	NOUN	pää#kaupunki#seutu
pääkaupunkiseudulle	NOUN	pää#kaupunki#seutu
pääkaupunkiseudulta	NOUN	pää#kaupunki#seutu
pääkaupunkiseudun	NOUN	pää#kaupunki#seutu
pääkentille	NOUN	pää#kenttä
pääkonnat	NOUN	pää#konna
pääkonttoriin	NOUN	pää#konttori
päälaelle	NOUN	pää#laki
päälleen	ADV	päälle
päällekkäisyyksiä	NOUN	päällekkäisyys
päällensä	ADV	päälle
päällimmäiseksi	ADJ	päällimmäinen
päällimmäisenä	ADJ	päällimmäinen
päällystetyt	VERB	päällystää
päällystä	VERB	päällystää
päällysvaatteiden	NOUN	päällys#vaate
päälläni	ADV	päällä
päällänsä	ADV	päällä
päällään	ADV	päällä
päämajan	NOUN	pää#maja
päämarkkina-alueella	NOUN	pää#markkina#alue
pääministerin	NOUN	pää#ministeri
pääministerinä	NOUN	pää#ministeri
päämäärien	NOUN	pää#määrä
päämääriin	NOUN	pää#määrä
päämääriä	NOUN	pää#määrä
päämääränä	NOUN	pää#määrä
päämäärät	NOUN	pää#määrä
päämäärätietoisen	ADJ	pää#määrä#tietoinen
päämäärään	NOUN	pää#määrä
pään	NOUN	pää
pääni	NOUN	pää
päänsä	NOUN	pää
päänsärkyä	NOUN	pään#särky
päänsäryn	NOUN	pään#särky
päänvaivaa	NOUN	pään#vaiva
pääomaa	NOUN	pää#oma
pääomaan	NOUN	pää#oma
pääomamarkkinoilla	NOUN	pää#oma#markkinat
pääoman	NOUN	pää#oma
pääomasijoittajan	NOUN	pää#oma#sijoittaja
pääomasijoittamisessa	NOUN	pää#oma#sijoittaminen
pääomittamisoikeudet	NOUN	pää#omittamis#oikeus
pääosan	NOUN	pää#osa
pääosassa	NOUN	pää#osa
pääpainon	NOUN	pää#paino
pääpainopisteenä	NOUN	pää#paino#piste
pääpuhujasta	NOUN	pää#puhuja
päärakennuksessa	NOUN	pää#rakennus
päärakennuksesta	NOUN	pää#rakennus
pääruoan	NOUN	pää#ruoka
pääryhmään	NOUN	pää#ryhmä
pääs	VERB	päästä
pääsaaren	NOUN	pää#saari
pääsaaresta	NOUN	pää#saari
pääsarjakokemusta	NOUN	pää#sarja#kokemus
pääsarjassa	NOUN	pää#sarja
pääse	VERB	päästä
pääsee	VERB	päästä
pääsemiseksi	NOUN	pääseminen
pääsemme	VERB	päästä
pääsemään	VERB	päästä
pääsen	VERB	päästä
pääsevän	VERB	päästä
pääseväni	VERB	päästä
pääsevät	VERB	päästä
pääsi	NOUN	pää
pääsi	VERB	päästä
pääsihteerille	NOUN	pää#sihteeri
pääsikin	VERB	päästä
pääsimme	VERB	päästä
pääsin	VERB	päästä
pääsinkin	VERB	päästä
pääsinpä	VERB	päästä
pääsipä	VERB	päästä
pääsisi	VERB	päästä
pääsisimme	VERB	päästä
pääsisimmepä	VERB	päästä
pääsisinkö	VERB	päästä
pääsivät	VERB	päästä
pääsiäisen	NOUN	pääsiäinen
pääskysein	NOUN	pääskynen
pääskyselle	PROPN	Pääskynen
pääskysen	PROPN	Pääskynen
päässeen	VERB	päästä
päässeet	VERB	päästä
päässeitä	VERB	päästä
päässy	VERB	päästä
päässyt	VERB	päästä
päässä	NOUN	pää
päässäni	NOUN	pää
päästi	VERB	päästää
päästiin	VERB	päästä
päästiinkin	VERB	päästä
päästin	VERB	päästää
päästy	VERB	päästä
päästyä	VERB	päästä
päästyäni	VERB	päästä
päästyään	VERB	päästä
päästä	NOUN	pää
päästäisiin	VERB	päästä
päästäkkää	VERB	päästä
päästäkseen	VERB	päästä
päästämä	VERB	päästää
päästämään	VERB	päästää
päästänyt	VERB	päästää
päästävä	VERB	päästä
päästään	VERB	päästä
päästöistä	NOUN	päästö
päästöjen	NOUN	päästö
päästöjä	NOUN	päästö
päästöstä	NOUN	päästö
pääsuuntaa	NOUN	pää#suunta
pääsykoekirjojen	NOUN	pääsy#koe#kirja
pääsykokeiden	NOUN	pääsy#koe
pääsymaksulla	NOUN	pääsy#maksu
pääsyn	NOUN	pääsy
pääsyä	NOUN	pääsy
pääsäveltäjänä	NOUN	pää#säveltäjä
päät	NOUN	pää
päätarkoituksena	NOUN	pää#tarkoitus
päätavoitteista	NOUN	pää#tavoite
päätejärjestelmiä	NOUN	pääte#järjestelmä
päätejärjestelmän	NOUN	pääte#järjestelmä
päätejärjestelmää	NOUN	pääte#järjestelmä
päätekohtaan	NOUN	pääte#kohta
päätekäyttöä	NOUN	pääte#käyttö
päätellään	VERB	päätellä
päätelmien	NOUN	päätelmä
päätelmissä	NOUN	päätelmä
päätelmiä	NOUN	päätelmä
päätelmänsä	NOUN	päätelmä
päätelmänä	NOUN	päätelmä
päätelmät	NOUN	päätelmä
päätelmään	NOUN	päätelmä
pääteltävissä	VERB	päätellä
päätettiin	VERB	päättää
päätetty	VERB	päättää
päätettyihin	VERB	päättää
päätettyä	VERB	päättää
päätettäessä	VERB	päättää
päätettävä	VERB	päättää
päätetyksi	VERB	päättää
päätetään	VERB	päättää
päätimme	VERB	päättää
päätimmekin	VERB	päättää
päätin	VERB	päättää
päätinkin	VERB	päättää
päätoimista	ADJ	pää#toiminen
päätoimittajan	NOUN	pää#toimittaja
päätteeksi	NOUN	pääte
päätteitä	NOUN	pääte
päättelevien	VERB	päätellä
päätteli	VERB	päätellä
päätti	VERB	päättää
päättivät	VERB	päättää
päättyen	VERB	päättyä
päättyessä	VERB	päättyä
päättyi	VERB	päättyä
päättyivät	VERB	päättyä
päättymisen	NOUN	päättyminen
päättymisestä	NOUN	päättyminen
päättymispäivän	NOUN	päättymis#päivä
päättymistä	NOUN	päättyminen
päättyneestä	VERB	päättyä
päättyneistä	VERB	päättyä
päättyvät	VERB	päättyä
päättyy	VERB	päättyä
päättäjien	NOUN	päättäjä
päättämiseksi	NOUN	päättäminen
päättämistä	NOUN	päättäminen
päättämässä	VERB	päättää
päättäneet	VERB	päättää
päättänyt	VERB	päättää
päättävissä	VERB	päättää
päättäväisemmin	ADV	päättäväisesti
päättäväisiä	ADJ	päättäväinen
päättävän	VERB	päättää
päättävät	VERB	päättää
päättävään	VERB	päättää
päättöarviointeineen	NOUN	päättö#arviointi
päättömään	ADJ	päätön
pääty	VERB	päättyä
päätyi	VERB	päätyä
päätyivät	VERB	päätyä
päätymistä	NOUN	päätyminen
päätynyt	VERB	päätyä
päätyovea	NOUN	pääty#ovi
päätyttyä	VERB	päättyä
päätyvät	VERB	päätyä
päätyvätkö	VERB	päätyä
päätyy	VERB	päätyä
päätyymme	NOUN	pääty
päätyyn	NOUN	pääty
päätä	NOUN	pää
päätäni	NOUN	pää
päätään	NOUN	pää
päätökseen	NOUN	päätös
päätökseksi	NOUN	päätös
päätöksellä	NOUN	päätös
päätöksen	NOUN	päätös
päätöksentekijöille	NOUN	päätöksen#tekijä
päätöksentekijöillä	NOUN	päätöksen#tekijä
päätöksentekijöiltä	NOUN	päätöksen#tekijä
päätöksenteko-	NOUN	päätöksen#teko
päätöksenteon	NOUN	päätöksen#teko
päätöksenteosta	NOUN	päätöksen#teko
päätöksessä	NOUN	päätös
päätöksestä	NOUN	päätös
päätöksestään	NOUN	päätös
päätökset	NOUN	päätös
päätöksissä	NOUN	päätös
päätöksistä	NOUN	päätös
päätöksiä	NOUN	päätös
päätöskurssiin	NOUN	päätös#kurssi
päätöslauselmaa	NOUN	päätös#lauselma
päätöslauselmaesityksen	NOUN	päätös#lauselma#esitys
päätöslauselmaesityksestä	NOUN	päätös#lauselma#esitys
päätöslauselmamme	NOUN	päätös#lauselma
päätöslauselman	NOUN	päätös#lauselma
päätöslauselmassa	NOUN	päätös#lauselma
päätöslauselmat	NOUN	päätös#lauselma
päätössanat	NOUN	päätös#sana
päätöstä	NOUN	päätös
päätösvaltaa	NOUN	päätös#valta
pääuutiset	NOUN	pää#uutinen
päävalmentajakseen	NOUN	pää#valmentaja
päävalmentajaksi	NOUN	pää#valmentaja
päävalmentajan	NOUN	pää#valmentaja
päävalmentajana	NOUN	pää#valmentaja
pöllinyt	VERB	pölliä
pölyjä	NOUN	pöly
pölyn	NOUN	pöly
pölyttäjiä	NOUN	pölyttäjä
pölähdyksenä	NOUN	pölähdys
pönttöön	NOUN	pönttö
pöntön	NOUN	pönttö
pöntössä	NOUN	pönttö
pörheänä	ADJ	pörheä
pörräämään	VERB	pörrätä
pörssikaupassa	NOUN	pörssi#kauppa
pörssikin	NOUN	pörssi
pörssin	NOUN	pörssi
pörssiosakkeen	NOUN	pörssi#osake
pörssissä	NOUN	pörssi
pötkylän	NOUN	pötkylä
pötkylöiksi	NOUN	pötkylä
pöydillä	NOUN	pöytä
pöydälle	NOUN	pöytä
pöydällä	NOUN	pöytä
pöydältä	NOUN	pöytä
pöydän	NOUN	pöytä
pöydästä	NOUN	pöytä
pöydät	NOUN	pöytä
pöytien	NOUN	pöytä
pöytiä	NOUN	pöytä
pöytäkirjaa	NOUN	pöytä#kirja
pöytäkirjaan	NOUN	pöytä#kirja
pöytäkirjan	NOUN	pöytä#kirja
pöytäkirjoja	NOUN	pöytä#kirja
pöytäkirjojen	NOUN	pöytä#kirja
pöytäkoneen	NOUN	pöytä#kone
pöytälaatikossa	NOUN	pöytä#laatikko
pöytäratkaisua	NOUN	pöytä#ratkaisu
pöytätilaa	NOUN	pöytä#tila
pöytään	NOUN	pöytä
přemyslidien	PROPN	Přemyslidi
přemysliin	PROPN	Přemysl
přemyslistä	PROPN	Přemysl
q:lla	NOUN	Q
qatarin	PROPN	Qatar
qtelin	PROPN	Qtel
quantumin	PROPN	Quantum
queenin	PROPN	Queen
r-kioski	NOUN	R#kioski
r-osakkeen	NOUN	R#osake
r:ssä	PROPN	R
r:stä	PROPN	R
r:ää	PROPN	R
raadin	NOUN	raati
raahasin	VERB	raahata
raahataan	VERB	raahata
raaka-aine	NOUN	raaka#aine
raaka-aineaittana	NOUN	raaka#aine#aitta
raaka-aineiden	NOUN	raaka#aine
raaka-aineita	NOUN	raaka#aine
raaka-ainetta	NOUN	raaka#aine
raakaa	ADJ	raaka
raakaan	ADJ	raaka
raakapuuta	NOUN	raaka#puu
raakaöljyä	NOUN	raaka#öljy
raamatun	NOUN	Raamattu
raamatussa	NOUN	Raamattu
raapaisi	VERB	raapaista
raapustetut	VERB	raapustaa
raaskinut	VERB	raaskia
raastavat	ADJ	raastava
raastoi	VERB	raastaa
raatamiseen	NOUN	raataminen
raatelemat	VERB	raadella
radalla	NOUN	rata
radalta	NOUN	rata
radan	NOUN	rata
radanvarren	NOUN	radan#varsi
radikaaleihin	ADJ	radikaali
radio-ohjelmastaan	NOUN	radio#ohjelma
radioaktiivisen	ADJ	radio#aktiivinen
radioaktiivista	ADJ	radio#aktiivinen
radiohead-nimisessä	ADJ	Radiohead#niminen
radioheadiksi	PROPN	Radiohead
radioheadin	PROPN	Radiohead
radioidaan	VERB	radioida
radiolinkkiin	NOUN	radio#linkki
radiolähetykseen	NOUN	radio#lähetys
radion	NOUN	radio
radionpalasia	NOUN	radio#palanen
radiopakinaa	NOUN	radio#pakina
radiosoittoa	NOUN	radio#soitto
radiossa	NOUN	radio
raejuusto-ohukaiset	NOUN	rae#juusto#ohukainen
raejuusto-ohukaisia	NOUN	rae#juusto#ohukainen
raejuuston	NOUN	rae#juusto
raha-aggregaatin	NOUN	raha#aggregaatti
raha-aggregaattien	NOUN	raha#aggregaatti
raha-automaattiyhdistykseltä	NOUN	raha#automaatti#yhdistys
rahaa	NOUN	raha
rahaakin	NOUN	raha
rahaan	NOUN	raha
rahalaitokset	NOUN	raha#laitos
rahalaitoksia	NOUN	raha#laitos
rahalaitoksille	NOUN	raha#laitos
rahalaitoksilta	NOUN	raha#laitos
rahalaitoksista	NOUN	raha#laitos
rahalaitossektorin	NOUN	raha#laitos#sektori
rahalaitosten	NOUN	raha#laitos
rahaliiton	NOUN	raha#liitto
rahaliittoon	NOUN	raha#liitto
rahalla	NOUN	raha
rahamarkkinapaperit	NOUN	raha#markkina#paperi
rahamarkkinarahastoille	NOUN	raha#markkina#rahasto
rahamarkkinarahastoilta	NOUN	raha#markkina#rahasto
rahamääriä	NOUN	raha#määrä
rahan	NOUN	raha
rahanhaussa	NOUN	raha#haku
rahansa	NOUN	raha
rahapajassa	NOUN	raha#paja
rahapolitiikan	NOUN	raha#politiikka
rahasi	NOUN	raha
rahassa	NOUN	raha
rahasta	NOUN	raha
rahastojen	NOUN	rahasto
rahaston	NOUN	rahasto
rahastosta	NOUN	rahasto
rahastuksesta	NOUN	rahastus
rahat	NOUN	raha
rahataloudelliset	ADJ	raha#taloudellinen
rahatalouden	NOUN	raha#talous
rahatiedolta	NOUN	raha#tieto
rahatiedon	NOUN	raha#tieto
rahdin	NOUN	rahti
rahisevat	VERB	rahista
rahkaa	NOUN	rahka
rahkapiirakoihinkin	NOUN	rahka#piirakka
rahoillasi	NOUN	raha
rahoitetuista	VERB	rahoittaa
rahoittama	VERB	rahoittaa
rahoittamiseen	NOUN	rahoittaminen
rahoittamiseksi	NOUN	rahoittaminen
rahoittamista	NOUN	rahoittaminen
rahoittanut	VERB	rahoittaa
rahoittavan	VERB	rahoittaa
rahoittavat	VERB	rahoittaa
rahoittaviin	VERB	rahoittaa
rahoitukseen	NOUN	rahoitus
rahoituksen	NOUN	rahoitus
rahoituksesta	NOUN	rahoitus
rahoitusalan	NOUN	rahoitus#ala
rahoitushauissa	NOUN	rahoitus#haku
rahoitushaussa	NOUN	rahoitus#haku
rahoituskustannukset	NOUN	rahoitus#kustannus
rahoituslaitokset	NOUN	rahoitus#laitos
rahoitusmarkkinoiden	NOUN	rahoitus#markkinat
rahoitusnäkymien	NOUN	rahoitus#näkymä
rahoitusnäkymissä	NOUN	rahoitus#näkymä
rahoitusohjeen	NOUN	rahoitus#ohje
rahoituspalveluita	NOUN	rahoitus#palvelu
rahoituspäätöksistä	NOUN	rahoitus#päätös
rahoitusresursseissa	NOUN	rahoitus#resurssi
rahoitussaamiset	NOUN	rahoitus#saaminen
rahoitusta	NOUN	rahoitus
rahoitusvakausvälineen	NOUN	rahoitus#vakaus#väline
rahoitusvalvonnan	NOUN	rahoitus#valvonta
rahoitusvälineillä	NOUN	rahoitus#väline
rahoitusyrityksessä	NOUN	rahoitus#yritys
rahoja	NOUN	raha
rahojaan	NOUN	raha
rahvaan	NOUN	rahvas
raidat	NOUN	raita
raikasi	VERB	raikaa
raikasta	ADJ	raikas
raikkaan	ADJ	raikas
rainisilla	PROPN	Rainis
raipaniskuksi	NOUN	raipan#isku
raipaniskusta	NOUN	raipan#isku
raiskaajat	NOUN	raiskaaja
raiskaajista	NOUN	raiskaaja
raiskaamaan	VERB	raiskata
raiskasivat	VERB	raiskata
raiskauksen	NOUN	raiskaus
raitaa	NOUN	raita
raitamekollaan	NOUN	raita#mekko
raiteelta	NOUN	raide
raiteiden	NOUN	raide
raiteilla	NOUN	raide
raiteita	NOUN	raide
raitilla	NOUN	raitti
raitoja	NOUN	raita
raivaamaan	VERB	raivata
raivoisaan	ADJ	raivoisa
raivoisan	ADJ	raivoisa
raivokkaalla	ADJ	raivokas
raivokkaammaksi	ADJ	raivokas
raivokkaaseen	ADJ	raivokas
raivolassa	PROPN	Raivola
raivosta	NOUN	raivo
raivostuin	VERB	raivostua
raja-aidat	NOUN	raja#aita
raja-aitamme	NOUN	raja#aita
raja-arvon	NOUN	raja#arvo
raja-arvot	NOUN	raja#arvo
rajaa	NOUN	raja
rajaavat	VERB	rajata
rajajääkäripataljoonassa	NOUN	raja#jääkäri#pataljoona
rajalinjoja	NOUN	raja#linja
rajalla	NOUN	raja
rajalliset	ADJ	rajallinen
rajalta	NOUN	raja
rajamailla	NOUN	raja#maa
rajan	NOUN	raja
rajana	NOUN	raja
rajanneet	VERB	rajata
rajansa	NOUN	raja
rajanvedon	NOUN	rajan#veto
rajanylitysten	NOUN	rajan#ylitys
rajasta	NOUN	raja
rajat	NOUN	raja
rajataan	VERB	rajata
rajattomaksi	ADJ	rajaton
rajattoman	ADJ	rajaton
rajatulla	VERB	rajata
rajatylittävää	VERB	rajat#ylittää
rajauksen	NOUN	rajaus
rajauskynäni	NOUN	rajaus#kynä
rajoilla	NOUN	raja
rajoille	NOUN	raja
rajoissa	NOUN	raja
rajoista	NOUN	raja
rajoita	VERB	rajoittaa
rajoitetaan	VERB	rajoittaa
rajoitettu	VERB	rajoittaa
rajoittamatonta	ADJ	rajoittamaton
rajoittamatta	VERB	rajoittaa
rajoittamattoman	ADJ	rajoittamaton
rajoittamattomasta	ADJ	rajoittamaton
rajoittamiseksi	NOUN	rajoittaminen
rajoittamisesta	NOUN	rajoittaminen
rajoittavat	VERB	rajoittaa
rajoitteita	NOUN	rajoite
rajoittui	VERB	rajoittua
rajoittunut	VERB	rajoittua
rajoittuu	VERB	rajoittua
rajoitu	VERB	rajoittua
rajoitukset	NOUN	rajoitus
rajoituksia	NOUN	rajoitus
rajoituksilla	NOUN	rajoitus
rajoituksista	NOUN	rajoitus
rajoitusta	NOUN	rajoitus
rajoitusten	NOUN	rajoitus
rajoja	NOUN	raja
rajojen	NOUN	raja
rajun	ADJ	raju
rajustikin	ADV	rajusti
rajuudesta	NOUN	rajuus
rakastaan	NOUN	rakas
rakastaisi	VERB	rakastaa
rakastamista	NOUN	rakastaminen
rakastan	VERB	rakastaa
rakastanut	VERB	rakastaa
rakastellaan	VERB	rakastella
rakastelua	NOUN	rakastelu
rakastelulle	NOUN	rakastelu
rakastelun	NOUN	rakastelu
rakastin	VERB	rakastaa
rakastumisen	NOUN	rakastuminen
rakastuu	VERB	rakastua
rakennerahastot	NOUN	rakenne#rahasto
rakennetaan	VERB	rakentaa
rakennetta	NOUN	rakenne
rakennettaisiin	VERB	rakentaa
rakennettava	VERB	rakentaa
rakennettavan	VERB	rakentaa
rakennettiin	VERB	rakentaa
rakennettu	VERB	rakentaa
rakennettua	VERB	rakentaa
rakennetuissa	VERB	rakentaa
rakennetun	VERB	rakentaa
rakennetussa	VERB	rakentaa
rakenneuudistuksia	NOUN	rakenne#uudistus
rakennukseen	NOUN	rakennus
rakennuksen	NOUN	rakennus
rakennuksena	NOUN	rakennus
rakennuksia	NOUN	rakennus
rakennuksissa	NOUN	rakennus
rakennuskiellossa	NOUN	rakennus#kielto
rakennuskäyttöön	NOUN	rakennus#käyttö
rakennusliikkeet	NOUN	rakennus#liike
rakennusliitto-jättirahoihin	NOUN	rakennus#liitto#jätti#raha
rakennusmateriaalien	NOUN	rakennus#materiaali
rakennustarviketeollisuutta	NOUN	rakennus#tarvike#teollisuus
rakennustekniikan	NOUN	rakennus#tekniikka
rakennusvaiheessa	NOUN	rakennus#vaihe
rakennuttajat	NOUN	rakennuttaja
rakennuttajista	NOUN	rakennuttaja
rakennuttamassa	VERB	rakennuttaa
rakensi	VERB	rakentaa
rakensivat	VERB	rakentaa
rakentaen	VERB	rakentaa
rakentajien	NOUN	rakentaja
rakentamalla	VERB	rakentaa
rakentamassa	VERB	rakentaa
rakentamat	VERB	rakentaa
rakentamiseen	NOUN	rakentaminen
rakentamiseksi	NOUN	rakentaminen
rakentamisen	NOUN	rakentaminen
rakentamisesta	NOUN	rakentaminen
rakentamista	NOUN	rakentaminen
rakentamistyöt	NOUN	rakentamis#työ
rakentavaan	ADJ	rakentava
rakentavassa	ADJ	rakentava
rakentavasta	ADJ	rakentava
rakentavat	VERB	rakentaa
rakentavia	ADJ	rakentava
rakentavia	VERB	rakentaa
rakenteelliset	ADJ	rakenteellinen
rakenteellisia	ADJ	rakenteellinen
rakenteellisista	ADJ	rakenteellinen
rakenteen	NOUN	rakenne
rakenteesta	NOUN	rakenne
rakenteet	NOUN	rakenne
rakenteettoman	ADJ	rakenteeton
rakenteiden	NOUN	rakenne
rakenteista	NOUN	rakenne
rakentuneet	VERB	rakentua
rakentuvan	VERB	rakentua
raketillani	NOUN	raketti
raketin	NOUN	raketti
rakkaan	ADJ	rakas
rakkaaseen	ADJ	rakas
rakkaat	ADJ	rakas
rakkauden	NOUN	rakkaus
rakkaudesta	NOUN	rakkaus
rakkautta	NOUN	rakkaus
rakoilee	VERB	rakoilla
rakoilevan	VERB	rakoilla
rakoja	NOUN	rako
rallatusta	NOUN	rallatus
rallia	NOUN	ralli
rallin	NOUN	ralli
rallissa	NOUN	ralli
rallittamaan	VERB	rallittaa
ramaekersille	PROPN	Ramaekers
ramallahiin	PROPN	Ramallah
ramppaa	VERB	rampata
randombileistä	NOUN	random#bileet
rangaistakseen	VERB	rangaista
rangaistiin	VERB	rangaista
rangaistukseen	NOUN	rangaistus
rangaistukseksi	NOUN	rangaistus
rangaistuksen	NOUN	rangaistus
rangaistuksena	NOUN	rangaistus
rangaistuksensa	NOUN	rangaistus
rangaistuksesta	NOUN	rangaistus
rangaistukset	NOUN	rangaistus
rangaistuksia	NOUN	rangaistus
rangaistuksina	NOUN	rangaistus
rangaistusjärjestelmää	NOUN	rangaistus#järjestelmä
rangaistusta	NOUN	rangaistus
rangaistusten	NOUN	rangaistus
rangersiin	PROPN	Rangers
rangerssin	PROPN	Rangers
rankaisukeinoja	NOUN	rankaisu#keino
rankan	ADJ	rankka
rankkaa	ADJ	rankka
rannalla	NOUN	ranta
rannalle	NOUN	ranta
rannan	NOUN	ranta
rannassa	NOUN	ranta
rannasta	NOUN	ranta
rannat	NOUN	ranta
ranne-	NOUN	ranne
rannekellonsa	NOUN	ranne#kello
ranneliikkeellän	NOUN	ranne#liike
rannikkoa	NOUN	rannikko
rannikkoseuduille	NOUN	rannikko#seutu
rannikoiden	NOUN	rannikko
rannikoilla	NOUN	rannikko
rannikolla	NOUN	rannikko
rannikolta	NOUN	rannikko
rannoilla	NOUN	ranta
ranskaa	PROPN	Ranska
ranskaksi	NOUN	ranska
ranskalaisen	ADJ	ranskalainen
ranskalaisten	ADJ	ranskalainen
ranskalaistunut	VERB	ranskalaistua
ranskalaistyylisestä	ADJ	ranska#tyylinen
ranskan	NOUN	ranska
ranskan	PROPN	Ranska
ranskan-	ADJ	ranska
ranskankielen	NOUN	ranska#kieli
ranskankielisestä	ADJ	ranskan#kielinen
ranskankieliset	ADJ	ranskan#kielinen
ranskankielisiä	ADJ	ranskan#kielinen
ranskankin	PROPN	Ranska
ranskassa	PROPN	Ranska
rantaa	NOUN	ranta
rantaan	NOUN	ranta
rantahiekkaan	NOUN	ranta#hiekka
rantahotellin	NOUN	ranta#hotelli
rantakatuja	NOUN	ranta#katu
rantalan	PROPN	Rantala
rantalepikoista	NOUN	ranta#lepikko
rantamilta	NOUN	rantama
rantapyyhkeet	NOUN	ranta#pyyhe
rantaratsastajaa	NOUN	ranta#ratsastaja
rantaratsastajat	NOUN	ranta#ratsastaja
rantautumispaikaksi	NOUN	rantautumis#paikka
rantautumispaikalle	NOUN	rantautumis#paikka
rantaviivaa	NOUN	ranta#viiva
rantaviivan	NOUN	ranta#viiva
rantees	NOUN	ranne
rantoja	NOUN	ranta
raosta	NOUN	rako
raottanut	VERB	raottaa
rapautuvan	VERB	rapautua
rapistuva	VERB	rapistua
raporteilla	NOUN	raportti
raporteissa	NOUN	raportti
raportin	NOUN	raportti
raportissa	NOUN	raportti
raportista	NOUN	raportti
raportoi	VERB	raportoida
raportoidaan	VERB	raportoida
raportoinnin	NOUN	raportointi
raportoinnissa	NOUN	raportointi
raportointikauden	NOUN	raportointi#kausi
raportointivaatimuksiaan	NOUN	raportointi#vaatimus
raportointivaatimuksista	NOUN	raportointi#vaatimus
raportoitiin	VERB	raportoida
raportoivat	VERB	raportoida
raportteja	NOUN	raportti
raporttia	NOUN	raportti
raporttien	NOUN	raportti
raporttinsa	NOUN	raportti
rappeutuessa	VERB	rappeutua
rappeutunut	VERB	rappeutua
rappioitunut	VERB	rappioitua
rappion	NOUN	rappio
rappujen	NOUN	rappu
rappukäytävässä	NOUN	rappu#käytävä
rappusia	NOUN	rappunen
rapsakkaa	ADJ	rapsakka
rapsakoista	ADJ	rapsakka
raptoreita	NOUN	raptori
rapujen	NOUN	rapu
rapukesteihin	NOUN	rapu#kesti
rapulajia	NOUN	rapu#laji
rasismiin	NOUN	rasismi
rasitetta	NOUN	rasite
rasittamatta	VERB	rasittaa
rasittanut	VERB	rasittaa
rasitteen	NOUN	rasite
raskaat	ADJ	raskas
raskaiden	ADJ	raskas
raskaita	ADJ	raskas
raskaskin	ADJ	raskas
raskasta	ADJ	raskas
raskauden	NOUN	raskaus
raski	VERB	raskia
rasmuksen	PROPN	Rasmus
rastafari-uskontoon	NOUN	rastafari#uskonto
rasvaa	NOUN	rasva
rasvakudokselle	NOUN	rasva#kudos
rasvassa	NOUN	rasva
ratakilometriä	NOUN	rata#kilo#metri
ratan	PROPN	Rata
rataosalla	NOUN	rata#osa
rataosan	NOUN	rata#osa
ratapihaksi	NOUN	rata#piha
rataverkon	NOUN	rata#verkko
ratcliffen	PROPN	Ratcliffe
ratifioi	VERB	ratifioida
ratifioimalla	VERB	ratifioida
ratifioinnilla	NOUN	ratifiointi
ratifiointimenettelyssä	NOUN	ratifiointi#menettely
ratifioinut	VERB	ratifioida
ratifioitava	VERB	ratifioida
ratinanniemeen	PROPN	Ratinanniemi
rationaalisia	ADJ	rationaalinen
ratissa	NOUN	ratti
ratkaisemaan	VERB	ratkaista
ratkaisematta	VERB	ratkaista
ratkaisemiseksi	NOUN	ratkaiseminen
ratkaisevan	ADJ	ratkaiseva
ratkaisevat	VERB	ratkaista
ratkaisevia	ADJ	ratkaiseva
ratkaisi	VERB	ratkaista
ratkaisijan	NOUN	ratkaisija
ratkaistaan	VERB	ratkaista
ratkaistava	VERB	ratkaista
ratkaistavaksi	VERB	ratkaista
ratkaistiin	VERB	ratkaista
ratkaistu	VERB	ratkaista
ratkaistut	VERB	ratkaista
ratkaisua	NOUN	ratkaisu
ratkaisuihin	NOUN	ratkaisu
ratkaisuja	NOUN	ratkaisu
ratkaisuksi	NOUN	ratkaisu
ratkaisun	NOUN	ratkaisu
ratkaisut	NOUN	ratkaisu
ratkaisuun	NOUN	ratkaisu
ratkeaa	VERB	ratketa
ratkennut	VERB	ratketa
ratkesi	VERB	ratketa
ratojen	NOUN	rata
ratsasti	VERB	ratsastaa
ratsastusta	NOUN	ratsastus
ratsattu	VERB	ratsata
ratsun	NOUN	ratsu
ratsunsa	NOUN	ratsu
ratsuväen	NOUN	ratsu#väki
ratsuväkisotilaan	NOUN	ratsu#väki#sotilas
rattaat	NOUN	ratas
rattailta	NOUN	rattaat
rattia	NOUN	ratti
rattijuopumuksia	NOUN	ratti#juopumus
rattijuopumustuomiot	NOUN	ratti#juopumus#tuomio
rauhaa	NOUN	rauha
rauhaisaa	ADJ	rauhaisa
rauhallisemmin	ADV	rauhallisesti
rauhallisempaa	ADJ	rauhallinen
rauhallisia	ADJ	rauhallinen
rauhan	NOUN	rauha
rauhanehdot	NOUN	rauhan#ehto
rauhanomaista	ADJ	rauhan#omainen
rauhanpalkinnon	NOUN	rauhan#palkinto
rauhansopimuksen	NOUN	rauhan#sopimus
rauhansopimuskehotuksista	NOUN	rauhan#sopimus#kehotus
rauhanteosta	NOUN	rauhan#teko
rauhassa	NOUN	rauha
rauhassani	NOUN	rauha
rauhasta	NOUN	rauha
rauhoitettua	ADJ	rauhoitettu
rauhoitettua	VERB	rauhoittaa
rauhoittanut	VERB	rauhoittaa
rauhoittelee	VERB	rauhoitella
rauhoittui	VERB	rauhoittua
rauhoittuivat	VERB	rauhoittua
rauhoittumaan	VERB	rauhoittua
rauhoittuneen	VERB	rauhoittua
rauhoittunut	VERB	rauhoittua
rauhoituin	VERB	rauhoittua
rauhoitun	VERB	rauhoittua
rauhoituspäätöksien	NOUN	rauhoitus#päätös
raukat	NOUN	raukka
raukeaa	VERB	raueta
raukeasta	ADJ	raukea
raumalle	PROPN	Rauma
rauman	PROPN	Rauma
raunioita	NOUN	raunio
raunioitui	VERB	raunioitua
rauparahan	PROPN	Rauparaha
rauta-	NOUN	rauta
rautaesiripun	NOUN	rauta#esi#rippu
rautaista	ADJ	rautainen
rautatieasemalle	NOUN	rauta#tie#asema
rautatieasemalta	NOUN	rauta#tie#asema
rautatieaseman	NOUN	rauta#tie#asema
rautatieliikenteen	NOUN	rauta#tie#liikenne
rautatieläisten	NOUN	rauta#tieläinen
rautatien	NOUN	rauta#tie
rautatientorilla	NOUN	rauta#tie#tori
rautatiet	NOUN	rauta#tie
rautatieyhtiön	NOUN	rauta#tie#yhtiö
rautatieyrityksille	NOUN	rauta#tie#yritys
rautua	NOUN	rautu
ravaamisesta	NOUN	ravaaminen
ravasi	VERB	ravata
ravasin	VERB	ravata
raversijden	PROPN	Raversijd
ravinnon	NOUN	ravinto
ravinnosta	NOUN	ravinto
ravintoa	NOUN	ravinto
ravintola-arvioiden	NOUN	ravintola#arvio
ravintolaoppaistaan	NOUN	ravintola#opas
ravintolasapuskat	NOUN	ravintola#sapuska
ravintolassa	NOUN	ravintola
ravintolavaunussa	NOUN	ravintola#vaunu
ravintoon	NOUN	ravinto
ravintosuositukset	NOUN	ravinto#suositus
ravisteli	VERB	ravistella
ravitsemina	VERB	ravita
ravitsemusta	NOUN	ravitsemus
ray-avustuksia	NOUN	RAY#avustus
ray-avustusten	NOUN	RAY#avustus
ray-tulot	NOUN	RAY#tulo
raytheonin	PROPN	Raytheon
rbrzzzzzoverbändi	NOUN	cover#bändi
reaalikasvua	NOUN	reaali#kasvu
reagoi	VERB	reagoida
reagoimaan	VERB	reagoida
reagoimalla	VERB	reagoida
reagoimatta	VERB	reagoida
reagoivat	VERB	reagoida
reaktioita	NOUN	reaktio
reaktiot	NOUN	reaktio
reaktiota	NOUN	reaktio
realisoidessa	VERB	realisoida
realisoimaan	VERB	realisoida
realisoituneet	VERB	realisoitua
realistiset	ADJ	realistinen
realistista	ADJ	realistinen
realiteetteihin	NOUN	realiteetti
recordingsin	PROPN	Recordings
recordsin	PROPN	Records
reessä	NOUN	reki
refleksinomaisesti	ADV	refleksi#omaisesti
reggaesta	NOUN	reggae
reggaeta	NOUN	reggae
registerin	PROPN	Register
rehelliset	ADJ	rehellinen
rehellisiä	ADJ	rehellinen
rehtorikin	NOUN	rehtori
rehtorin	NOUN	rehtori
rehua	NOUN	rehu
rehuja	NOUN	rehu
rehujen	NOUN	rehu
rehukasvien	NOUN	rehu#kasvi
rehukasvilajeissa	NOUN	rehu#kasvi#laji
rehukasvilajien	NOUN	rehu#kasvi#laji
rehuksi	NOUN	rehu
rehun	NOUN	rehu
reidet	NOUN	reisi
reikien	NOUN	reikä
reikiä	NOUN	reikä
reikätiilien	NOUN	reikä#tiili
reilua	ADJ	reilu
reilun	ADJ	reilu
reilut	ADJ	reilu
reiluun	ADJ	reilu
reipasta	ADJ	reipas
reippaan	ADJ	reipas
reirestäs	NOUN	reisi
reissulla	NOUN	reissu
reissun	NOUN	reissu
reiteillä	NOUN	reitti
reiteralmissa	PROPN	Reiteralm
reitesi	NOUN	reisi
reitillä	NOUN	reitti
reitin	NOUN	reitti
reitit	NOUN	reitti
reititettyä	VERB	reitittää
reittejä	NOUN	reitti
rekan	NOUN	rekka
rekisterihallituksen	NOUN	rekisteri#hallitus
rekisteriin	NOUN	rekisteri
rekisterikilpien	NOUN	rekisteri#kilpi
rekisterinumeroa	NOUN	rekisteri#numero
rekisterissä	NOUN	rekisteri
rekisteristä	NOUN	rekisteri
rekisteröidyillä	VERB	rekisteröidä
rekisteröidyistä	VERB	rekisteröidä
rekisteröidyllä	VERB	rekisteröidä
rekisteröidytään	VERB	rekisteröityä
rekisteröimä	VERB	rekisteröidä
rekisteröinnit	NOUN	rekisteröinti
rekisteröintiin	NOUN	rekisteröinti
rekisteröintimaan	NOUN	rekisteröinti#maa
rekisteröintiä	NOUN	rekisteröinti
rekisteröinyt	VERB	rekisteröidä
rekisteröitiin	VERB	rekisteröidä
rekisteröity	VERB	rekisteröidä
rekisteröitymiseen	NOUN	rekisteröityminen
rekisteröitymisestä	NOUN	rekisteröityminen
rekisteröityneet	VERB	rekisteröityä
rekisteröityneille	VERB	rekisteröityä
rekkakuskin	NOUN	rekka#kuski
rekrytointiprosessinsa	NOUN	rekrytointi#prosessi
rekrytointitapahtumasta	NOUN	rekrytointi#tapahtuma
rekvisiittaa	NOUN	rekvisiitta
rellottivat	VERB	rellottaa
remedyn	PROPN	Remedy
remonteista	NOUN	remontti
remontteihin	NOUN	remontti
remossa	PROPN	Remo
renaultin	PROPN	Renault
rengastettu	VERB	rengastaa
rengit	NOUN	renki
rengon	PROPN	Renko
renkaaksi	NOUN	rengas
renkaat	NOUN	rengas
renkailla	NOUN	rengas
renkaita	NOUN	rengas
rennompi	ADJ	rento
rennon	ADJ	rento
rentouden	NOUN	rentous
rentouduttaisko	VERB	rentoutua
repaleisuuden	NOUN	repaleisuus
repeää	VERB	revetä
repien	VERB	repiä
repivät	VERB	repiä
repoa	PROPN	Repo
repoon	PROPN	Repo
reportin	PROPN	Report
reposen	PROPN	Reponen
reppunsa	NOUN	reppu
reppureissaamaan	VERB	reppu#reissata
republikaani-	NOUN	republikaani
republikaanipuolueen	NOUN	republikaani#puolue
republikaanisen	ADJ	republikaaninen
repulliset	NOUN	repullinen
repussa	NOUN	reppu
repussaan	NOUN	reppu
repäisi	VERB	repäistä
reseptin	NOUN	resepti
reservin	NOUN	reservi
resetillä	NOUN	reset
restauroinut	VERB	restauroida
restauroitu	VERB	restauroida
resuiset	ADJ	resuinen
resursseja	NOUN	resurssi
resurssit	NOUN	resurssi
retiisinpalasissa	NOUN	retiisi#palanen
retken	NOUN	retki
retkikunnan	NOUN	retki#kunta
retkikuntaan	NOUN	retki#kunta
retkueen	NOUN	retkue
retkueesta	NOUN	retkue
retoriikkaa	NOUN	retoriikka
retuperän	PROPN	Retuperä
reunaa	NOUN	reuna
reunaan	NOUN	reuna
reunalla	NOUN	reuna
reunalle	NOUN	reuna
reunamat	NOUN	reunama
reunamilla	NOUN	reunama
reunat	NOUN	reuna
reunavaltiot	NOUN	reuna#valtio
reunoilla	NOUN	reuna
reunustamalle	VERB	reunustaa
reunustavat	VERB	reunustaa
reunusti	VERB	reunustaa
reutersille	PROPN	Reuters
reutersin	PROPN	Reuters
revi	VERB	repiä
reviirille	NOUN	reviiri
reviirit	NOUN	reviiri
revin	VERB	repiä
revon	PROPN	Repo
revontulentiellä	PROPN	Revontulentie
revosta	PROPN	Repo
ricen	PROPN	Rice
riehaantui	VERB	riehaantua
riehuessa	VERB	riehua
riehuneeseen	VERB	riehua
riehuu	VERB	riehua
riekkuu	VERB	riekkua
riemastuttanee	VERB	riemastuttaa
riemuinnut	VERB	riemuita
riemuitsi	VERB	riemuita
riemuksi	NOUN	riemu
riemun	NOUN	riemu
riennän	VERB	rientää
riensi	VERB	rientää
rientoihin	NOUN	riento
riepottelema	VERB	riepotella
rieskaksi	NOUN	rieska
riidan	NOUN	riita
riidankeskeisen	ADJ	riita#keskeinen
riidat	NOUN	riita
riidellään	VERB	riidellä
riidoissa	NOUN	riita
riidoista	NOUN	riita
riimmajavrin	PROPN	Riimmajavr
riippuen	VERB	riippua
riippumatonta	ADJ	riippumaton
riippumattomalle	ADJ	riippumaton
riippumattoman	ADJ	riippumaton
riippumattomien	ADJ	riippumaton
riippuu	VERB	riippua
riippuvaiseksi	ADJ	riippuvainen
riippuvaisia	ADJ	riippuvainen
riippuvat	VERB	riippua
riippuvuuden	NOUN	riippuvuus
riippuvuudesta	NOUN	riippuvuus
riippuvuutta	NOUN	riippuvuus
riipu	VERB	riippua
riistan	NOUN	riista
riisti	VERB	riistää
riistänyt	VERB	riistää
riisui	VERB	riisua
riisuu	VERB	riisua
riitaa	NOUN	riita
riitatapauksia	NOUN	riita#tapaus
riitele	VERB	riidellä
riitelemisestä	NOUN	riiteleminen
riitoja	NOUN	riita
riitti	VERB	riittää
riittivät	VERB	riittää
riittoisaa	ADJ	riittoisa
riittäisi	VERB	riittää
riittämättömiksi	ADJ	riittämätön
riittämättömiä	ADJ	riittämätön
riittämättömyyden	NOUN	riittämättömyys
riittämättömällä	ADJ	riittämätön
riittämättömänä	ADJ	riittämätön
riittämätöntä	ADJ	riittämätön
riittänyt	VERB	riittää
riittäviä	ADJ	riittävä
riittävän	ADJ	riittävä
riittävästä	ADJ	riittävä
riittävät	ADJ	riittävä
riittävää	ADJ	riittävä
riitä	VERB	riittää
rikin	NOUN	rikki
rikkaaksi	ADJ	rikas
rikkaamman	ADJ	rikas
rikkaat	ADJ	rikas
rikkaiden	ADJ	rikas
rikkaimman	ADJ	rikas
rikkaimpia	ADJ	rikas
rikkauksistaan	NOUN	rikkaus
rikkinäisestä	ADJ	rikkinäinen
rikkinäisten	ADJ	rikkinäinen
rikkipäästöjen	NOUN	rikki#päästö
rikkipäästöä	NOUN	rikki#päästö
rikkoen	VERB	rikkoa
rikkoi	VERB	rikkoa
rikkomiseksi	NOUN	rikkominen
rikkomisella	NOUN	rikkominen
rikkomisen	NOUN	rikkominen
rikkomisesta	NOUN	rikkominen
rikkomismenettelyt	NOUN	rikkomis#menettely
rikkomista	NOUN	rikkominen
rikkomukset	NOUN	rikkomus
rikkomuksiaan	NOUN	rikkomus
rikkoneen	VERB	rikkoa
rikkoneensa	VERB	rikkoa
rikkoneet	VERB	rikkoa
rikkonut	VERB	rikkoa
rikkoutumisen	NOUN	rikkoutuminen
rikkoutuneita	VERB	rikkoutua
rikkovaa	VERB	rikkoa
rikkovien	VERB	rikkoa
rikokseen	NOUN	rikos
rikoksen	NOUN	rikos
rikoksesta	NOUN	rikos
rikoksia	NOUN	rikos
rikoksiin	NOUN	rikos
rikoksista	NOUN	rikos
rikolliset	ADJ	rikollinen
rikollisjärjestöjen	NOUN	rikollis#järjestö
rikollisuuden	NOUN	rikollisuus
rikollisuutta	NOUN	rikollisuus
rikoslakiin	NOUN	rikos#laki
rikosoikeudellisen	ADJ	rikos#oikeudellinen
rikosoikeudelliset	ADJ	rikos#oikeudellinen
rikosoikeuden	NOUN	rikos#oikeus
rikossa	NOUN	rikko
rikosta	NOUN	rikos
rikostani	NOUN	rikos
rikosten	NOUN	rikos
rikostutkinnassa	NOUN	rikos#tutkinta
rikotaan	VERB	rikkoa
rikottu	VERB	rikkoa
rim:n	PROPN	RIM
riman	NOUN	rima
rinnakkaisia	ADJ	rinnakkainen
rinnakkaisverkostojen	NOUN	rinnakkais#verkosto
rinnakkaisverkostot	NOUN	rinnakkais#verkosto
rinnalla	NOUN	rinta
rinnassaan	NOUN	rinta
rinnastamaan	VERB	rinnastaa
rinnastettava	VERB	rinnastaa
rinnastettavissa	VERB	rinnastaa
rintaevän	NOUN	rinta#evä
rintakehän	NOUN	rinta#kehä
rintakehässä	NOUN	rinta#kehä
rintakehääni	NOUN	rinta#kehä
rintaliivejä	NOUN	rinta#liivit
rintamalinjojen	NOUN	rintama#linja
rintamalla	NOUN	rintama
rintamilla	NOUN	rintama
rintavarustuksessa	NOUN	rinta#varustus
rion	PROPN	Rio
ripauksella	NOUN	ripaus
ripauksen	NOUN	ripaus
ripisteli	VERB	ripistellä
ripottelet	VERB	ripotella
rippeet	NOUN	ripe
rippeitä	NOUN	ripe
ripsautin	VERB	ripsauttaa
ripsitupsuja	NOUN	ripsi#tupsu
ripsottelin	VERB	ripsotella
ripustettu	VERB	ripustaa
riskejä	NOUN	riski
riskialueet	NOUN	riski#alue
riskiin	NOUN	riski
riskilisää	NOUN	riski#lisä
riskille	NOUN	riski
riskinä	NOUN	riski
riskit	NOUN	riski
riskiä	NOUN	riski
rispaantuneisiin	ADJ	rispaantunut
risperidonia	PROPN	Risperidon
risperidonin	PROPN	risperidon
rissalan	PROPN	Rissala
rissasen	PROPN	Rissanen
risteili	VERB	risteillä
risteilleiden	NOUN	risteillyt
risteilleiden	VERB	risteillä
risteilykohteena	NOUN	risteily#kohde
risteilykäyttöön	NOUN	risteily#käyttö
risteilyltä	NOUN	risteily
risteilyn	NOUN	risteily
risteilypostauksessa	NOUN	risteily#postaus
risteilystämme	NOUN	risteily
risteykseen	NOUN	risteys
risteystä	NOUN	risteys
risteävällä	VERB	ristetä
ristin	NOUN	risti
ristin	VERB	ristiä
ristiretkelle	NOUN	risti#retki
ristiriidassa	NOUN	risti#riita
ristiriitaiseen	ADJ	risti#riitainen
ristiriitaisia	ADJ	risti#riitainen
ristiriitaista	ADJ	risti#riitainen
risuista	NOUN	risu
ritareihin	NOUN	ritari
ritareista	NOUN	ritari
ritarien	NOUN	ritari
ritariksi	NOUN	ritari
ritarille	NOUN	ritari
ritarimme	NOUN	ritari
ritarin	NOUN	ritari
ritariristin	NOUN	ritari#risti
ritarisotilaiden	NOUN	ritari#sotilas
ritarit	NOUN	ritari
ritaritarinoihin	NOUN	ritari#tarina
ritariveljiä	NOUN	ritari#veli
rituaalien	NOUN	rituaali
rituaalin	NOUN	rituaali
rituaalisessa	ADJ	rituaalinen
ritualisoidaan	VERB	ritualisoida
rivakoita	ADJ	rivakka
riveissä	NOUN	rivi
riveissään	NOUN	rivi
riveistä	NOUN	rivi
riviedustajat	NOUN	rivi#edustaja
rivijäsenenä	NOUN	rivi#jäsen
riville	NOUN	rivi
rivin	NOUN	rivi
rivit	NOUN	rivi
rivitaloasunnon	NOUN	rivi#talo#asunto
rivitaloasuntojen	NOUN	rivi#talo#asunto
rivitaloissa	NOUN	rivi#talo
rivitalojen	NOUN	rivi#talo
riviä	NOUN	rivi
robertille	PROPN	Robert
robynin	PROPN	Robyn
rock-	NOUN	rock
rock-yhtye	NOUN	rock#yhtye
rockia	NOUN	rock
rohkeana	ADJ	rohkea
rohkeista	ADJ	rohkea
rohkeita	ADJ	rohkea
rohkeni	VERB	rohjeta
rohkeutensa	NOUN	rohkeus
rohkeutta	NOUN	rohkeus
rohtoraunioyrttiä	NOUN	rohto#raunio#yrtti
roihuun	NOUN	roihu
roikkui	VERB	roikkua
roikkumista	NOUN	roikkuminen
roikkuneen	VERB	roikkua
roikkuneesta	VERB	roikkua
roikkuu	VERB	roikkua
roikkuva	VERB	roikkua
roikkuvat	VERB	roikkua
roiskepisarat	NOUN	roiske#pisara
roiskitut	VERB	roiskia
rojahti	VERB	rojahtaa
rokkitähtiä	NOUN	rokki#tähti
rokonarpia	NOUN	rokon#arpi
rokottamisesta	NOUN	rokottaminen
rokotti	VERB	rokottaa
romaania	NOUN	romaani
romaanin	NOUN	romaani
romaanissa	NOUN	romaani
romahduksen	NOUN	romahdus
romahti	VERB	romahtaa
romahtivat	VERB	romahtaa
romaniaan	PROPN	Romania
romanian	PROPN	Romania
romanit	NOUN	romani
romanssia	NOUN	romanssi
romantiikan	NOUN	romantiikka
romanttisia	ADJ	romanttinen
romanttista	ADJ	romanttinen
romeolla	PROPN	Romeo
romneyn	PROPN	Romney
rompuysta	PROPN	Rompuy
romun	NOUN	romu
romutavaraa	NOUN	romu#tavara
romutetaan	VERB	romuttaa
romutettavaksi	VERB	romuttaa
romuttamoja	NOUN	romuttamo
romuttamolle	NOUN	romuttamo
romuttui	VERB	romuttua
rooleihin	NOUN	rooli
rooleistaan	NOUN	rooli
rooli-	NOUN	rooli
roolia	NOUN	rooli
rooliin	NOUN	rooli
roolin	NOUN	rooli
roolinsa	NOUN	rooli
roolipeli-	NOUN	rooli#peli
roolipeliaiheisia	ADJ	rooli#peli#aiheinen
roolissa	NOUN	rooli
roolista	NOUN	rooli
roolistani	NOUN	rooli
roolit	NOUN	rooli
roomaa	PROPN	Rooma
roomaan	PROPN	Rooma
roomalaiselta	ADJ	roomalainen
roomalaisen	ADJ	roomalainen
roomalaisen	NOUN	roomalainen
roomalaiset	ADJ	roomalainen
roomalaiset	NOUN	roomalainen
roomalaisia	NOUN	roomalainen
roomalaisnimestä	NOUN	roomalais#nimi
roomalaista	NOUN	roomalainen
rooman	PROPN	Rooma
roomassa	PROPN	Rooma
roomasta	PROPN	Rooma
ropinan	NOUN	ropina
ropisten	VERB	ropista
ropsahteli	VERB	ropsahdella
roro-satama	NOUN	RoRo#satama
rosaa	PROPN	Rosa
rosan	PROPN	Rosa
rosasin	PROPN	Rosas
rosenbergiä	PROPN	Rosenberg
roskaa	NOUN	roska
roskia	NOUN	roska
roskiin	NOUN	roska
roswallin	PROPN	Roswall
roséviinin	NOUN	rosé#viini
rotat	NOUN	rotta
roudasta	NOUN	routa
roudastaan	NOUN	routa
rouheita	NOUN	rouhe
rouhittu	VERB	rouhia
rouhittua	VERB	rouhia
rouhituissa	VERB	rouhia
rouhitulla	VERB	rouhia
rouskuttelen	VERB	rouskutella
routaa	NOUN	routa
rouvaa	NOUN	rouva
rouvat	NOUN	rouva
rovaniemellä	PROPN	Rovaniemi
rovaniemen	PROPN	Rovaniemi
roversia	PROPN	Rovers
rovion	PROPN	Rovio
ruhoista	NOUN	ruho
ruhtinaiden	NOUN	ruhtinas
ruhtinaina	NOUN	ruhtinas
ruhtinaskunnan	NOUN	ruhtinas#kunta
ruhtinaskuntaa	NOUN	ruhtinas#kunta
ruhtinassuvun	NOUN	ruhtinas#suku
ruijan	PROPN	Ruija
ruikuttamaan	VERB	ruikuttaa
ruiskemuotoa	NOUN	ruiske#muoto
ruisrockiin	NOUN	ruis#rock
ruisrockissa	PROPN	Ruis#rock
rukan	PROPN	Ruka
rullaportaille	NOUN	rulla#portaat
rullaportaita	NOUN	rulla#portaat
ruman	ADJ	ruma
rumat	ADJ	ruma
rumba-	PROPN	Rumba
rumia	ADJ	ruma
rumimmaksi	ADJ	ruma
rummut	NOUN	rumpu
rumpalin	NOUN	rumpali
rumpuja	NOUN	rumpu
runebergintortun	NOUN	runebergintorttu
rungon	NOUN	runko
runkoa	NOUN	runko
runkosarjan	NOUN	runko#sarja
runoa	NOUN	runo
runoilijalla	NOUN	runoilija
runoillaan	NOUN	runo
runoutta	NOUN	runous
runsaalla	ADJ	runsas
runsaan	ADJ	runsas
runsaana	ADJ	runsas
runsaina	ADJ	runsas
runsasta	ADJ	runsas
runsauden	NOUN	runsaus
ruoaksi	NOUN	ruoka
ruoan	NOUN	ruoka
ruoanmuru	NOUN	ruoka#muru
ruoat	NOUN	ruoka
ruodot	NOUN	ruoto
ruohikolla	NOUN	ruohikko
ruohokenttiä	NOUN	ruoho#kenttä
ruoholahtea	PROPN	Ruoholahti
ruohomäen	PROPN	Ruohomäki
ruohon	NOUN	ruoho
ruohonjuuritason	NOUN	ruohon#juuri#taso
ruohonpäristäjän	NOUN	ruoho#päristäjä
ruohosipulisilpussa	NOUN	ruoho#sipuli#silppu
ruohotuppaita	NOUN	ruoho#tupas
ruoille	NOUN	ruoka
ruoka-alan	NOUN	ruoka#ala
ruoka-havaintoja	NOUN	ruoka#havainto
ruokaa	NOUN	ruoka
ruokaan	NOUN	ruoka
ruokailijoiden	NOUN	ruokailija
ruokakaupan	NOUN	ruoka#kauppa
ruokakaupassa	NOUN	ruoka#kauppa
ruokakermaa	NOUN	ruoka#kerma
ruokalaa	NOUN	ruokala
ruokalaan	NOUN	ruokala
ruokalajia	NOUN	ruoka#laji
ruokalassa	NOUN	ruokala
ruokalippua	NOUN	ruoka#lippu
ruokalistaa	NOUN	ruoka#lista
ruokalistalla	NOUN	ruoka#lista
ruokamellakoiden	NOUN	ruoka#mellakka
ruokamellakoissa	NOUN	ruoka#mellakka
ruokamellakoita	NOUN	ruoka#mellakka
ruokansa	NOUN	ruoka
ruokapöydälle	NOUN	ruoka#pöytä
ruokapöydän	NOUN	ruoka#pöytä
ruokavalioon	NOUN	ruoka#valio
ruokavaliossa	NOUN	ruoka#valio
ruokavaliosta	NOUN	ruoka#valio
ruokaympyrät	NOUN	ruoka#ympyrä
ruokia	NOUN	ruoka
ruokien	NOUN	ruoka
ruokkivat	VERB	ruokkia
ruokoo	NOUN	ruoka
ruonansuun	PROPN	Ruonansuu
ruoskii	VERB	ruoskia
ruosteessa	NOUN	ruoste
ruosteongelmien	NOUN	ruoste#ongelma
ruotsalaisen	ADJ	ruotsalainen
ruotsalaisen	PROPN	Ruotsalainen
ruotsalaisesta	ADJ	ruotsalainen
ruotsalaiset	ADJ	ruotsalainen
ruotsalaiset	NOUN	ruotsalainen
ruotsalaisia	NOUN	ruotsalainen
ruotsalaisissa	ADJ	ruotsalainen
ruotsalaiskoululaisten	NOUN	ruotsalais#koululainen
ruotsalaisten	NOUN	ruotsalainen
ruotsidemokraatit	PROPN	Ruotsi#demokraatti
ruotsidemokraattien	NOUN	ruotsi#demokraatti
ruotsiin	PROPN	Ruotsi
ruotsiksi	NOUN	ruotsi
ruotsille	PROPN	Ruotsi
ruotsin	NOUN	ruotsi
ruotsin	PROPN	Ruotsi
ruotsin-toimintojen	NOUN	Ruotsi#toiminto
ruotsinkieliseen	ADJ	ruotsin#kielinen
ruotsinkielistä	ADJ	ruotsin#kielinen
ruotsinpuolelle	NOUN	ruotsi#puoli
ruotsissa	PROPN	Ruotsi
ruotsista	PROPN	Ruotsi
rupattelen	VERB	rupatella
rupattelimme	VERB	rupatella
rupeamissa	NOUN	rupeama
rupesi	VERB	ruveta
rupesivat	VERB	ruveta
ruplan	NOUN	rupla
rusahdusten	NOUN	rusahdus
rusakon	NOUN	rusakko
rusetticlutchit	NOUN	rusetti#clutch
rusinoista	NOUN	rusina
rusinoita	NOUN	rusina
ruskaväreillään	NOUN	ruska#väri
ruskeaa	ADJ	ruskea
ruskeakaan	ADJ	ruskea
ruskealla	ADJ	ruskea
ruskeanharmaa	ADJ	ruskea#harmaa
ruskehtavan	ADJ	ruskehtava
ruskeiksi	ADJ	ruskea
ruskeita	ADJ	ruskea
ruskista	VERB	ruskistaa
ruskistin	VERB	ruskistaa
ruskistumaan	VERB	ruskistua
ruskistuneet	VERB	ruskistua
ruskohiilestä	NOUN	rusko#hiili
ruthille	PROPN	Ruth
rutiineihin	NOUN	rutiini
rutiineineen	NOUN	rutiini
rutiineista	NOUN	rutiini
rutiiniin	NOUN	rutiini
rutistivat	VERB	rutistaa
ruuaksi	NOUN	ruoka
ruuan	NOUN	ruoka
ruuanhakuun	NOUN	ruoka#haku
ruuassa	NOUN	ruoka
ruuasta	NOUN	ruoka
ruudinkärystä	NOUN	ruudin#käry
ruuduilleen	NOUN	ruutu
ruudut	NOUN	ruutu
ruuhkaan	NOUN	ruuhka
ruuhkasta	NOUN	ruuhka
ruuhkista	NOUN	ruuhka
ruukkulehtisalaattia	NOUN	ruukku#lehti#salaatti
ruumiillisine	ADJ	ruumiillinen
ruumiinosissa	NOUN	ruumiin#osa
ruumiissa	NOUN	ruumis
ruumiista	NOUN	ruumis
ruumiit	NOUN	ruumis
ruumiita	NOUN	ruumis
ruusuilla	NOUN	ruusu
ruusukaalin	NOUN	ruusu#kaali
ruusunterälehtiunelmiin	NOUN	ruusu#terä#lehti#unelma
ruusupensaista	NOUN	ruusu#pensas
ruutikellarin	NOUN	ruuti#kellari
ruutuhousuissa	NOUN	ruutu#housut
ruutuihin	NOUN	ruutu
ruutuja	NOUN	ruutu
ryhdistäytyi	VERB	ryhdistäytyä
ryhdy	VERB	ryhtyä
ryhdyin	VERB	ryhtyä
ryhdymme	VERB	ryhtyä
ryhdyttiin	VERB	ryhtyä
ryhdyttäisiin	VERB	ryhtyä
ryhdyttävä	VERB	ryhtyä
ryhdytään	VERB	ryhtyä
ryhmien	NOUN	ryhmä
ryhmiin	NOUN	ryhmä
ryhmille	NOUN	ryhmä
ryhminä	NOUN	ryhmä
ryhmissä	NOUN	ryhmä
ryhmitellään	VERB	ryhmitellä
ryhmittymistä	NOUN	ryhmittymä
ryhmittymiä	NOUN	ryhmittymä
ryhmittyneet	VERB	ryhmittyä
ryhmittynyt	VERB	ryhmittyä
ryhmittyy	VERB	ryhmittyä
ryhmiä	NOUN	ryhmä
ryhmällä	NOUN	ryhmä
ryhmän	NOUN	ryhmä
ryhmäni	NOUN	ryhmä
ryhmäpainetta	NOUN	ryhmä#paine
ryhmäpoikkeuksen	NOUN	ryhmä#poikkeus
ryhmäpoikkeusasetuksen	NOUN	ryhmä#poikkeus#asetus
ryhmäpoikkeusasetuksessa	NOUN	ryhmä#poikkeus#asetus
ryhmäpoikkeusasetukset	NOUN	ryhmä#poikkeus#asetus
ryhmäpoikkeusasetuksissa	NOUN	ryhmä#poikkeus#asetus
ryhmäpoikkeustapausten	NOUN	ryhmä#poikkeus#tapaus
ryhmässä	NOUN	ryhmä
ryhmässämme	NOUN	ryhmä
ryhmästä	NOUN	ryhmä
ryhmät	NOUN	ryhmä
ryhmätoverini	NOUN	ryhmä#toveri
ryhmää	NOUN	ryhmä
ryhmään	NOUN	ryhmä
ryhtiä	NOUN	ryhti
ryhtyi	VERB	ryhtyä
ryhtyikin	VERB	ryhtyä
ryhtyisivät	VERB	ryhtyä
ryhtyivät	VERB	ryhtyä
ryhtymään	VERB	ryhtyä
ryhtyneet	VERB	ryhtyä
ryhtynyt	VERB	ryhtyä
ryhtyy	VERB	ryhtyä
ryhävalaat	NOUN	ryhävalas
rykäisee	VERB	rykäistä
rykäisi	VERB	rykäistä
ryminän	NOUN	ryminä
ryntäilyyn	NOUN	ryntäily
ryntäsi	VERB	rynnätä
ryntäyksen	NOUN	ryntäys
ryntäämään	VERB	rynnätä
rypistyy	VERB	rypistyä
ryppyistä	ADJ	ryppyinen
ryppyjen	NOUN	ryppy
ryppyjä	NOUN	ryppy
rypyistä	NOUN	ryppy
rypyt	NOUN	ryppy
ryssän	NOUN	ryssä
ryssänpuolellakin	NOUN	ryssän#puoli
ryssänpuolelle	NOUN	ryssän#puoli
ryssänvallan	NOUN	ryssä#valta
rytisee	VERB	rytistä
rytisten	VERB	rytistä
rytmissä	NOUN	rytmi
rytmitajua	NOUN	rytmi#taju
rytyssä	NOUN	rytty
ryöstelleen	VERB	ryöstellä
ryöstöjä	NOUN	ryöstö
ryöstöä	NOUN	ryöstö
ryöväreillä	NOUN	ryöväri
ryöväreitä	NOUN	ryöväri
ryövärien	NOUN	ryöväri
ryövärillä	NOUN	ryöväri
ryövärin	NOUN	ryöväri
ryövärit	NOUN	ryöväri
ryöväriä	NOUN	ryöväri
ryūkyūsaarten	PROPN	Ryūkyūsaaret
rähmällään	NOUN	rähmä
räihärannan	PROPN	Räihäranta
räikeimpiä	ADJ	räikeä
räikeän	ADJ	räikeä
räikeästä	ADJ	räikeä
räiskivät	VERB	räiskiä
räisäsellä	PROPN	Räisänen
räisäsen	PROPN	Räisänen
räjähdyksen	NOUN	räjähdys
räjähdykset	NOUN	räjähdys
räjähdysvaarassa	NOUN	räjähdys#vaara
räjähti	VERB	räjähtää
räjähtäessä	VERB	räjähtää
räjähtävän	VERB	räjähtää
räjähtävät	VERB	räjähtää
räkää	NOUN	räkä
räminälautaset	NOUN	räminä#lautanen
rämisevä	VERB	rämistä
rämistelevät	VERB	rämistellä
rämähtäen	VERB	rämähtää
rännejä	NOUN	ränni
räpelsivät	VERB	räpeltää
räppänästä	NOUN	räppänä
räpsin	VERB	räpsiä
räpytteli	VERB	räpytellä
räpyttelisi	VERB	räpytellä
räpyttelyn	NOUN	räpyttely
räpyttelyä	NOUN	räpyttely
rästijuttuja	NOUN	rästi#juttu
rättiä	NOUN	rätti
räyskiä	NOUN	räyskä
rökäletappiota	NOUN	rökäle#tappio
rönsyilevän	ADJ	rönsyilevä
rösslerin	PROPN	Rössler
röyhelö-	NOUN	röyhelö
röyhkeydelläni	NOUN	röyhkeys
röyhkeydestä	NOUN	röyhkeys
röykkiöt	NOUN	röykkiö
rübigille	PROPN	Rübig
rübigillä	PROPN	Rübig
s-juna	NOUN	S#juna
s-kirjaimia	NOUN	s#kirjain
s-market	NOUN	S#market
s.w.a.t.issa	NOUN	s.w.a.t.
s.w.a.t.tia	NOUN	S.w.a.t.
saa	VERB	saada
saadaan	VERB	saada
saadaankin	VERB	saada
saadaanko	VERB	saada
saadakseen	VERB	saada
saadakseni	VERB	saada
saadaksesi	VERB	saada
saadessa	VERB	saada
saaduista	VERB	saada
saadulle	VERB	saada
saadut	VERB	saada
saagan	NOUN	saaga
saagassa	NOUN	saaga
saajaksi	NOUN	saaja
saajasta	NOUN	saaja
saajina	NOUN	saaja
saako	VERB	saada
saaliikseen	NOUN	saalis
saaliin	NOUN	saalis
saaliista	NOUN	saalis
saaliit	NOUN	saalis
saalistajaksi	NOUN	saalistaja
saalistavan	VERB	saalistaa
saama	VERB	saada
saamaan	VERB	saada
saamaani	VERB	saada
saamaankaan	VERB	saada
saamaansa	VERB	saada
saamani	VERB	saada
saamansa	VERB	saada
saamassa	VERB	saada
saamasta	VERB	saada
saamat	VERB	saada
saamatta	VERB	saada
saamattomaksi	ADJ	saamaton
saamattomuudesta	NOUN	saamattomuus
saamiemme	VERB	saada
saamien	VERB	saada
saamienne	VERB	saada
saamiini	VERB	saada
saamiinsa	VERB	saada
saamiseksi	NOUN	saaminen
saamisen	NOUN	saaminen
saamisesta	NOUN	saaminen
saamista	NOUN	saaminen
saamisten	NOUN	saaminen
saamme	VERB	saada
saan	VERB	saada
saaneen	VERB	saada
saaneensa	VERB	saada
saaneet	VERB	saada
saaneiden	VERB	saada
saaneita	VERB	saada
saanen	VERB	saada
saannin	NOUN	saanti
saantiin	NOUN	saanti
saanu	VERB	saada
saanut	VERB	saada
saanutta	VERB	saada
saappaat	NOUN	saapas
saappaiden	NOUN	saapas
saappaissa	NOUN	saapas
saappaista	NOUN	saapas
saappaita	NOUN	saapas
saapuessaan	VERB	saapua
saapuessani	VERB	saapua
saapui	VERB	saapua
saapuisi	VERB	saapua
saapumatta	VERB	saapua
saapumisen	NOUN	saapuminen
saapumista	NOUN	saapuminen
saapuneita	VERB	saapua
saapunut	VERB	saapua
saapuu	VERB	saapua
saapuvan	VERB	saapua
saapuvat	VERB	saapua
saarekkeita	NOUN	saareke
saarella	NOUN	saari
saarelle	NOUN	saari
saarelta	NOUN	saari
saaren	NOUN	saari
saaren	PROPN	Saari
saarensalmen	PROPN	Saarensalmi
saaressa	NOUN	saari
saaresta	NOUN	saari
saaret	NOUN	saari
saaria	NOUN	saari
saarien	NOUN	saari
saarilla	NOUN	saari
saarille	NOUN	saari
saariryhmälle	NOUN	saari#ryhmä
saariryhmän	NOUN	saari#ryhmä
saariselällä	PROPN	Saariselkä
saarisen	PROPN	Saarinen
saarista	NOUN	saari
saaristoa	NOUN	saaristo
saariston	NOUN	saaristo
saaristossa	NOUN	saaristo
saarivaltiossa	NOUN	saari#valtio
saarta	NOUN	saari
saartamaan	VERB	saartaa
saartamana	VERB	saartaa
saarten	NOUN	saari
saastumisella	NOUN	saastuminen
saastuneimman	ADJ	saastunut
saastuneimmista	ADJ	saastunut
saastuneimpia	ADJ	saastunut
saastunein	ADJ	saastunut
saastuttaen	VERB	saastuttaa
saastuttamista	NOUN	saastuttaminen
saastuttavien	VERB	saastuttaa
saat	VERB	saada
saata	AUX	saattaa
saataisiin	VERB	saada
saatan	AUX	saattaa
saatava	VERB	saada
saatavalla	VERB	saada
saatavana	VERB	saada
saatavat	VERB	saada
saatavilla	VERB	saada
saataville	VERB	saada
saatavissa	VERB	saada
saatavista	VERB	saada
saatavuuden	NOUN	saatavuus
saatavuutta	NOUN	saatavuus
saatetaan	AUX	saattaa
saatettaessa	VERB	saattaa
saatettaisiin	VERB	saattaa
saatettava	VERB	saattaa
saatettiin	VERB	saattaa
saatettu	AUX	saattaa
saatettu	VERB	saattaa
saatiin	VERB	saada
saatoin	VERB	saattaa
saatossa	NOUN	saatto
saattaakin	AUX	saattaa
saattaapa	AUX	saattaa
saattaen	VERB	saattaa
saattaisi	AUX	saattaa
saattamiseksi	NOUN	saattaminen
saattamisessa	NOUN	saattaminen
saattamisesta	NOUN	saattaminen
saattamista	NOUN	saattaminen
saattaneet	AUX	saattaa
saattanut	AUX	saattaa
saattavat	AUX	saattaa
saattavatkin	AUX	saattaa
saatte	VERB	saada
saattelemana	VERB	saatella
saattoi	AUX	saattaa
saattuehävittäjiin	NOUN	saattue#hävittäjä
saattuetta	NOUN	saattue
saatu	VERB	saada
saatuaan	VERB	saada
saatuani	VERB	saada
saatuja	VERB	saada
saatujen	VERB	saada
saava	VERB	saada
saavan	VERB	saada
saavani	VERB	saada
saavansa	VERB	saada
saavat	VERB	saada
saavista	NOUN	saavi
saavu	VERB	saapua
saavuimme	VERB	saapua
saavuin	VERB	saapua
saavun	VERB	saapua
saavuteta	VERB	saavuttaa
saavutetaan	VERB	saavuttaa
saavutettiin	VERB	saavuttaa
saavutettu	VERB	saavuttaa
saavutettua	VERB	saavuttaa
saavutetuilla	VERB	saavuttaa
saavutetusta	VERB	saavuttaa
saavutin	VERB	saavuttaa
saavuttaessa	VERB	saapua
saavuttaisimme	VERB	saavuttaa
saavuttamaan	VERB	saavuttaa
saavuttamattomia	ADJ	saavuttamaton
saavuttamiaan	VERB	saavuttaa
saavuttaminen	NOUN	saavuttaa
saavuttamiseksi	NOUN	saavuttaminen
saavuttamiselle	NOUN	saavuttaminen
saavuttamisessa	NOUN	saavuttaminen
saavuttamista	NOUN	saavuttaminen
saavuttanut	VERB	saavuttaa
saavuttavan	VERB	saavuttaa
saavuttavat	VERB	saavuttaa
saavutti	VERB	saavuttaa
saavuttuaan	VERB	saapua
saavutuksestamme	NOUN	saavutus
sabotaasia	NOUN	sabotaasi
sadalla	NUM	sata
sadan	NUM	sata
sadannen	ADJ	sadas
sadassa	NUM	sata
sadasta	NUM	sata
sadetakkiin	NOUN	sade#takki
sadetta	NOUN	sade
sadettajan	NOUN	sadettaja
sadevesikaivoa	NOUN	sade#vesi#kaivo
sadevesikaivoon	NOUN	sade#vesi#kaivo
sadevettäkin	NOUN	sade#vesi
sadeviitan	NOUN	sade#viitta
sadomasokismin	NOUN	sadomasokismi
sadot	NOUN	sato
sahan	NOUN	saha
saharan	PROPN	Sahara
sai	VERB	saada
saikin	VERB	saada
saimme	VERB	saada
sain	VERB	saada
saintillani	PROPN	Saint
saippua/draama-sarjassa	NOUN	saippua/draama#sarja
saippuanhimoisen	ADJ	saippua#himoinen
sairaalaan	NOUN	sairaala
sairaalahoidoltaan	NOUN	sairaala#hoito
sairaalahoidosta	NOUN	sairaala#hoito
sairaalahoitoaan	NOUN	sairaala#hoito
sairaalalähteisiin	NOUN	sairaala#lähde
sairaalan	NOUN	sairaala
sairaalassa	NOUN	sairaala
sairaaloilla	NOUN	sairaala
sairaaloita	NOUN	sairaala
sairaan	ADJ	sairas
sairaanhoitajaa	NOUN	sairaan#hoitaja
sairaanhoitajan	NOUN	sairaan#hoitaja
sairaanhoitopalveluun	NOUN	sairaan#hoito#palvelu
sairaanhoitopiirien	NOUN	sairaan#hoito#piiri
sairaanhoitopiiriin	NOUN	sairaan#hoito#piiri
sairaanhoitopiirin	NOUN	sairaan#hoito#piiri
sairaiden	ADJ	sairas
sairastuneet	VERB	sairastua
sairastunut	VERB	sairastua
sairastuttuaan	VERB	sairastua
sairauden	NOUN	sairaus
sairauskohtaukseen	NOUN	sairaus#kohtaus
sairauspoissaolot	NOUN	sairaus#poissaolo
sairauteensa	NOUN	sairaus
sairautensa	NOUN	sairaus
sais	VERB	saada
saisi	VERB	saada
saisimme	VERB	saada
saisin	VERB	saada
saisit	VERB	saada
saisitte	VERB	saada
saisivat	VERB	saada
sait	VERB	saada
saivat	VERB	saada
sak:n	NOUN	SAK
sak:n	PROPN	SAK
sakeaa	ADJ	sakea
sakista	NOUN	sakki
sakkaksen	PROPN	Sakkas
sakkoa	NOUN	sakko
sakkoja	NOUN	sakko
sakkolan	PROPN	Sakkola
sakkorangaistuksella	NOUN	sakko#rangaistus
sakkorangaistuksen	NOUN	sakko#rangaistus
sakon	NOUN	sakko
saksaa	NOUN	saksa
saksaa	PROPN	Saksa
saksalaiseen	ADJ	saksalainen
saksalaisen	ADJ	saksalainen
saksalaisen	NOUN	saksalainen
saksalaisesta	NOUN	saksalainen
saksalaiset	ADJ	saksalainen
saksalaiset	NOUN	saksalainen
saksalaisia	ADJ	saksalainen
saksalaisille	ADJ	saksalainen
saksalaismiehityksen	NOUN	saksalais#miehitys
saksalaisten	NOUN	saksalainen
saksalan	PROPN	Saksala
saksalle	PROPN	Saksa
saksan	PROPN	Saksa
saksan-	ADJ	saksa
saksassa	PROPN	Saksa
saksilla	NOUN	sakset
salaatin	NOUN	salaatti
salaatinlehtiä	NOUN	salaatin#lehti
salaatissa	NOUN	salaatti
salaatista	NOUN	salaatti
salaatit	NOUN	salaatti
salaattia	NOUN	salaatti
salaattiin	NOUN	salaatti
salaattipöydän	NOUN	salaatti#pöytä
salaiseen	ADJ	salainen
salaisuutena	NOUN	salaisuus
salakosken	PROPN	Salakoski
salakuljettajat	NOUN	sala#kuljettaja
salakuljetuksen	NOUN	sala#kuljetus
salakuljetuksesta	NOUN	sala#kuljetus
salakuljetusta	NOUN	sala#kuljetus
salaliittoteoreetikoiden	NOUN	sala#liitto#teoreetikko
salamapuheesta	NOUN	salama#puhe
salamapuheilla	NOUN	salama#puhe
salamapuheista	NOUN	salama#puhe
salamurhan	NOUN	sala#murha
salanimiä	NOUN	sala#nimi
salanterän	PROPN	Salanterä
salatut	ADJ	salattu
saldona	NOUN	saldo
saldot	NOUN	saldo
saleihin	NOUN	sali
saleissa	NOUN	sali
salernossa	PROPN	Salerno
saletissa	NOUN	saletti
salgadon	PROPN	Salgado
saliin	NOUN	sali
salin	NOUN	sali
salissa	NOUN	sali
salit	NOUN	sali
salkkaritkin	PROPN	Salkkarit
sallii	VERB	sallia
salliman	VERB	sallia
sallinette	VERB	sallia
sallita	VERB	sallia
sallitaan	VERB	sallia
sallittava	VERB	sallia
sallittiin	VERB	sallia
sallittua	ADJ	sallittu
sallittuja	ADJ	sallittu
sallituista	ADJ	sallittu
sallitulla	ADJ	sallittu
sallitun	VERB	sallia
sallitusta	ADJ	sallittu
sallitut	ADJ	sallittu
sallitut	VERB	sallia
salmelta	PROPN	Salmi
salmiakkia	NOUN	salmiakki
salmisen	PROPN	Salminen
salmonella-	NOUN	salmonella
saloihin	NOUN	sala
salon	PROPN	Salo
salpaa	VERB	salvata
samaa	PRON	sama
samaan	PRON	sama
samaksi	PRON	sama
samalla	PRON	sama
samalle	PRON	sama
samalta	PRON	sama
saman	PRON	sama
samana	PRON	sama
samanarvoisiksi	ADJ	saman#arvoinen
samankaltaisen	ADJ	samankaltainen
samankaltaisesta	ADJ	samankaltainen
samankaltaisia	ADJ	samankaltainen
samankaltaista	ADJ	samankaltainen
samankaltaisten	ADJ	samankaltainen
samankaltaisuuksia	NOUN	saman#kaltaisuus
samankaltaisuuteen	NOUN	saman#kaltaisuus
samankokoisiksi	ADJ	samankokoinen
samanlaisen	ADJ	samanlainen
samanlaisessa	ADJ	samanlainen
samanlaisia	ADJ	samanlainen
samanlaista	ADJ	samanlainen
samanlaisten	ADJ	samanlainen
samannäköistä	ADJ	saman#näköinen
samantasoiseksi	ADJ	saman#tasoinen
samantasoisille	ADJ	saman#tasoinen
samantasoista	ADJ	samantasoinen
samantekevää	ADJ	samantekevä
samantyyppisen	ADJ	saman#tyyppinen
samanväriset	ADJ	saman#värinen
samanvärisiä	ADJ	saman#värinen
samarin	PROPN	Samar
samassa	PRON	sama
samasta	PRON	sama
samastakin	PRON	sama
samat	PRON	sama
samettia	NOUN	sametti
sammalista	NOUN	sammal
sammalta	NOUN	sammal
sammonmaljan	PROPN	Sammonmalja
sammonmaljassa	PROPN	Sammonmalja
sammui	VERB	sammua
sammuisivat	VERB	sammua
sammumisasentoja	NOUN	sammua#asento
sammumiseen	NOUN	sammuminen
sammumisen	NOUN	sammuminen
sammuneen	VERB	sammua
sammunut	VERB	sammua
sammutan	VERB	sammuttaa
sammuttaakseni	VERB	sammuttaa
sammuttamalla	VERB	sammuttaa
sammutusoperaatiossa	NOUN	sammutus#operaatio
samoihin	PRON	sama
samoille	PRON	sama
samoin	PRON	sama
samoina	PRON	sama
samoissa	PRON	sama
samoista	PRON	sama
samoja	PRON	sama
samojen	PRON	sama
samppanjan	NOUN	samppanja
samulin	PROPN	Samuli
sanaa	NOUN	sana
sanaakaan	NOUN	sana
sanalla	NOUN	sana
sanallakaan	NOUN	sana
sanamuotoa	NOUN	sana#muoto
sanamuotoilusta	NOUN	sana#muotoilu
sanan	NOUN	sana
sanana	NOUN	sana
sanankääntein	NOUN	sana#käänne
sanankäänteisiin	NOUN	sana#käänne
sananlaskukin	NOUN	sanan#lasku
sanansa	NOUN	sana
sanansaattajia	NOUN	sana#saattaja
sananvapausjärjestö	NOUN	sana#vapaus#järjestö
sananvapautta	NOUN	sana#vapaus
sanasensa	NOUN	sananen
sanassa	NOUN	sana
sanasta	NOUN	sana
sanastooni	NOUN	sanasto
sanat	NOUN	sana
sandaaleissa	NOUN	sandaali
sandöreniltä	PROPN	Sandören
sanelemaa	VERB	sanella
saneli	VERB	sanella
saniaiset	NOUN	saniainen
saniaismaan	NOUN	saniais#maa
sankari-stewartia	PROPN	sankari#Stewart
sankaria	NOUN	sankari
sankarihautausmaalle	NOUN	sankari#hautaus#maa
sankarina	NOUN	sankari
sankarit	NOUN	sankari
sankoihin	NOUN	sanko
sankoin	ADJ	sankka
sanktio-	NOUN	sanktio
sanktioidaan	VERB	sanktioida
sano	VERB	sanoa
sanoa	ADV	sanoen
sanoessaan	VERB	sanoa
sanoi	VERB	sanoa
sanoihin	NOUN	sana
sanoilla	NOUN	sana
sanoin	NOUN	sana
sanoin	VERB	sanoa
sanoinko	VERB	sanoa
sanoisi	VERB	sanoa
sanoisin	VERB	sanoa
sanoisit	VERB	sanoa
sanoisivat	VERB	sanoa
sanoissaan	NOUN	sana
sanoista	NOUN	sana
sanoit	VERB	sanoa
sanoittamiseen	NOUN	sanoittaminen
sanoituksissa	NOUN	sanoitus
sanoitustaitoaan	NOUN	sanoitus#taito
sanoivat	VERB	sanoa
sanoja	NOUN	sana
sanojaan	NOUN	sana
sanojasi	NOUN	sana
sanojen	NOUN	sana
sanojensa	NOUN	sana
sanokin	VERB	sanoa
sanomaan	VERB	sanoa
sanomalehteä	NOUN	sanoma#lehti
sanomalehtien	NOUN	sanoma#lehti
sanomalla	VERB	sanoa
sanoman	PROPN	Sanoma
sanomassa	VERB	sanoa
sanomat	NOUN	sanoma
sanomatalossa	PROPN	Sanoma#talo
sanomatta	VERB	sanoa
sanomien	PROPN	Sanoma
sanomille	NOUN	sanoma
sanomisia	NOUN	sanominen
sanomissa	NOUN	sanoma
sanon	VERB	sanoa
sanoneen	VERB	sanoa
sanoneet	VERB	sanoa
sanonnan	NOUN	sanonta
sanonu	VERB	sanoa
sanonut	VERB	sanoa
sanoo	VERB	sanoa
sanoohan	VERB	sanoa
sanos	VERB	sanoa
sanot	VERB	sanoa
sanota	VERB	sanoa
sanotaan	VERB	sanoa
sanotaankin	VERB	sanoa
sanottava	VERB	sanoa
sanottavaa	NOUN	sanottava
sanottavaa	VERB	sanoa
sanottiin	VERB	sanoa
sanottu	VERB	sanoa
sanottuja	ADJ	sanottu
sanottuna	VERB	sanoa
sanotun	ADJ	sanottu
sanotun	VERB	sanoa
sanovat	VERB	sanoa
santahaminaan	PROPN	Santahamina
santerin	PROPN	Santer
santin	PROPN	Santti
sapirin	PROPN	Sapir
sarajevon	PROPN	Sarajevo
sarakkeessa	NOUN	sarake
saralla	NOUN	sarka
saramäen	NOUN	Saramäki
sarastaessa	VERB	sarastaa
sarellin	PROPN	Sarelli
sarja-avaukseen	NOUN	sarja#avaus
sarjaa	NOUN	sarja
sarjakuvan	NOUN	sarja#kuva
sarjakuvauksella	NOUN	sarja#kuvaus
sarjakuvissa	NOUN	sarja#kuva
sarjalle	NOUN	sarja
sarjan	NOUN	sarja
sarjapaikkansa	NOUN	sarja#paikka
sarjassa	NOUN	sarja
sarjatasolla	NOUN	sarja#taso
sarjataulukkoon	NOUN	sarja#taulukko
sarkasmia	NOUN	sarkasmi
sarkofagiin	NOUN	sarkofagi
sarkozyn	PROPN	Sarkozy
sarlisin	PROPN	Sarlis
sarvista	NOUN	sarvi
sassanideille	NOUN	sassanidi
sassanideja	NOUN	sassanidi
sassanidien	NOUN	sassanidi
sassanidit	NOUN	sassanidi
sastamalan	PROPN	Sastamala
sataa	NUM	sata
sataako	VERB	sataa
sataisi	VERB	sataa
satakoon	VERB	sataa
satakunnan	PROPN	Satakunta
satama-aluetta	NOUN	satama#alue
sataman	NOUN	satama
satamapalveluja	NOUN	satama#palvelu
satamapalvelujen	NOUN	satama#palvelu
satamassa	NOUN	satama
satamat	NOUN	satama
satamatoimenpiteiden	NOUN	satama#toimen#pide
satamayhteyden	NOUN	satama#yhteys
satamien	NOUN	satama
satamissa	NOUN	satama
satamista	NOUN	satama
satasen	NOUN	satanen
satasesta	NOUN	satanen
sateella	NOUN	sade
sateen	NOUN	sade
sateenkaaren	NOUN	sateen#kaari
sateenkaarenväreissä	NOUN	sateen#kaari#väri
sateenkaariperheet	NOUN	sateen#kaari#perhe
sateenkaariperheistä	NOUN	sateen#kaari#perhe
sateenkaarta	NOUN	sateen#kaari
sateessa	NOUN	sade
sateesta	NOUN	sade
sateet	NOUN	sade
sateevarjo	NOUN	sateen#varjo
sateiden	NOUN	sade
satelliittiosan	NOUN	satelliitti#osa
satelliittipuhelimen	NOUN	satelliitti#puhelin
satelliittiseurantaa	NOUN	satelliitti#seuranta
satelliittiseurantajärjestelmällä	NOUN	satelliitti#seuranta#järjestelmä
satelliittitekniikan	NOUN	satelliitti#tekniikka
satiirin	NOUN	satiiri
satoi	VERB	sataa
satoihin	NUM	sata
satoja	NUM	sata
satojatuhansia	NUM	sata#tuhat
satojen	NUM	sata
satsataan	VERB	satsata
satsilla	PROPN	SATS
sattuessa	VERB	sattua
sattui	VERB	sattua
sattuisi	VERB	sattua
sattumaa	NOUN	sattuma
sattumanvaraista	ADJ	sattuman#varainen
sattuneeseen	VERB	sattua
sattuneessa	VERB	sattua
sattuneesta	VERB	sattua
sattuneiden	VERB	sattua
sattuneissa	VERB	sattua
sattunut	VERB	sattua
sattuu	VERB	sattua
sattuvien	VERB	sattua
satuin	VERB	sattua
satulaan	NOUN	satula
satulalaukuissa	NOUN	satula#laukku
satulalaukut	NOUN	satula#laukku
saturnuksen	PROPN	Saturnus
saudi-arabiassa	PROPN	Saudi-Arabia
sauhuten	VERB	sauhuta
saunalahden	PROPN	Saunalahti
saunan	NOUN	sauna
saunassa	NOUN	sauna
saunat	NOUN	sauna
saunatesteistä	NOUN	sauna#testi
saunatestiä	NOUN	sauna#testi
saunavuorolta	NOUN	sauna#vuoro
saunoihin	NOUN	sauna
saunomaan	VERB	saunoa
saurmagin	PROPN	Saurmag
savon	PROPN	Savo
savonlinnalaiset	NOUN	savonlinnalainen
savonlinnan	PROPN	Savonlinna
savua	NOUN	savu
savugeneraattoreita	NOUN	savu#generaattori
savugeneraattoria	NOUN	savu#generaattori
savuisena	ADJ	savuinen
savukaasuja	NOUN	savu#kaasu
savukinkkua	NOUN	savu#kinkku
savukinkusta	NOUN	savu#kinkku
savukinkutahnoihin	NOUN	savu#kinkku#tahna
savukkeensa	NOUN	savuke
savukranaatit	NOUN	savu#kranaatti
savukranaatteja	NOUN	savu#kranaatti
savun	NOUN	savu
savuna	NOUN	savu
savunmuodostus	NOUN	savu#muodostus
savupiippua	NOUN	savu#piippu
savupiippuihin	NOUN	savu#piippu
savupiippuja	NOUN	savu#piippu
savupiipussa	NOUN	savu#piippu
savupirttiin	NOUN	savu#pirtti
savusaunan	NOUN	savu#sauna
savusaunatyyppisiä	ADJ	savu#sauna#tyyppinen
savusta	NOUN	savu
savusta	VERB	savustaa
savustettua	VERB	savustaa
savustetun	VERB	savustaa
savustimme	VERB	savustaa
savustuslaatikossa	NOUN	savustus#laatikko
savustuslastujen	NOUN	savustus#lastu
savustusta	NOUN	savustus
savutusöljyä	NOUN	savutus#öljy
savuverhojen	NOUN	savu#verho
sayn	PROPN	Say
sc-paperissa	NOUN	sc#paperi
scandian	PROPN	Scandia
schallopin	PROPN	Schallop
scheininin	PROPN	Scheinin
schoolia	PROPN	School
schoolista	PROPN	School
schumanin	PROPN	Schuman
scifin	NOUN	scifi
scorsesen	PROPN	Scorsese
sdp:lle	PROPN	SDP
sdp:ltä	PROPN	SDP
sdp:n	PROPN	SDP
sdp:tä	PROPN	SDP
se:tä	NOUN	SE
sean	PROPN	Sea
seb:n	PROPN	SEB
seelannissa	PROPN	Seelanti
seemiläisen	ADJ	seemiläinen
seesamin-	NOUN	seesami
seesaminsiemenissä	NOUN	seesamin#siemen
sehän	PRON	se
seijalta	PROPN	Seija
seikasta	NOUN	seikka
seikat	NOUN	seikka
seikkaa	NOUN	seikka
seikkojen	NOUN	seikka
seikoista	NOUN	seikka
seilas	VERB	seilata
seilasi	VERB	seilata
seiloripukuisista	ADJ	seilori#pukuinen
seiniin	NOUN	seinä
seiniä	NOUN	seinä
seinäaukolle	NOUN	seinä#aukko
seinäaukon	NOUN	seinä#aukko
seinähirsiä	NOUN	seinä#hirsi
seinäjoelle	PROPN	Seinäjoki
seinällä	NOUN	seinä
seinämät	NOUN	seinämä
seinän	NOUN	seinä
seinänaapurin	NOUN	seinä#naapuri
seinässä	NOUN	seinä
seinät	NOUN	seinä
seinää	NOUN	seinä
seinään	NOUN	seinä
seipalat	NOUN	sei#pala
seiruoan	NOUN	sei#ruoka
seiskaluokan	NOUN	seiska#luokka
seisoen	VERB	seisoa
seisoessaan	VERB	seisoa
seisoi	VERB	seisoa
seisoin	VERB	seisoa
seisomaan	VERB	seisoa
seisoo	VERB	seisoa
seisovan	VERB	seisoa
seistessään	VERB	seistä
seistään	VERB	seistä
seitsemälle	NUM	seitsemän
seitsemännelle	ADJ	seitsemäs
seitsemänteen	ADJ	seitsemäs
seitsemäntenä	ADJ	seitsemäs
seitsemänvuotiaana	ADJ	seitsemän#vuotias
seitsemästä	NUM	seitsemän
seitsemää	NUM	seitsemän
sekaan.	ADP	sekaan
sekaantui	VERB	sekaantua
sekaantumisen	NOUN	sekaantuminen
sekaantunut	VERB	sekaantua
sekajärjestelmiä	NOUN	seka#järjestelmä
sekalaisia	ADJ	sekalainen
sekalaista	ADJ	sekalainen
sekametsissä	NOUN	seka#metsä
sekametsät	NOUN	seka#metsä
sekasieniä	NOUN	seka#sieni
sekasorron	NOUN	seka#sorto
sekasortoisista	ADJ	seka#sortoinen
sekasotkuksi	NOUN	seka#sotku
sekasusien	NOUN	seka#susi
sekavaan	ADJ	sekava
sekavaliokunnan	NOUN	seka#valio#kunta
sekavaliokunnassa	NOUN	seka#valio#kunta
sekavaliokunnissa	NOUN	seka#valio#kunta
sekin	PRON	se
sekoili	VERB	sekoilla
sekoita	VERB	sekoittaa
sekoitan	VERB	sekoittaa
sekoitellen	VERB	sekoitella
sekoitetaan	VERB	sekoittaa
sekoitettuna	VERB	sekoittaa
sekoittaen	VERB	sekoittaa
sekoittelemaan	VERB	sekoitella
sekoittui	VERB	sekoittua
sekoittuu	VERB	sekoittua
sekoittuvat	VERB	sekoittua
sekosi	VERB	seota
seksielämäänsä	NOUN	seksi#elämä
seksiin	NOUN	seksi
seksikkääksi	ADJ	seksikäs
seksikästä	ADJ	seksikäs
seksin	NOUN	seksi
seksipalveluja	NOUN	seksi#palvelu
seksistä	NOUN	seksi
seksitekniikoiden	NOUN	seksi#tekniikka
seksityöläisiä	NOUN	seksi#työläinen
seksiä	NOUN	seksi
seksuaalielämän	NOUN	seksuaalielämä
seksuaalielämäämme	NOUN	seksuaalielämä
seksuaalikumppaniinsa	NOUN	seksuaalikumppani
seksuaaliselta	ADJ	seksuaalinen
seksuaalisen	ADJ	seksuaalinen
seksuaalisesta	ADJ	seksuaalinen
seksuaaliset	ADJ	seksuaalinen
seksuaalista	ADJ	seksuaalinen
seksuaalisuuden	NOUN	seksuaalisuus
sektoria	NOUN	sektori
sektorilla	NOUN	sektori
sektorille	NOUN	sektori
sektorin	NOUN	sektori
sekunneissa	NOUN	sekunti
sekunnilla	NOUN	sekunti
sekunnin	NOUN	sekunti
sekunnissa	NOUN	sekunti
sekuntia	NOUN	sekunti
sekuntiin	NOUN	sekunti
sekään	PRON	se
selaili	VERB	seilailla
selasin	VERB	selata
selitettynä	VERB	selittää
selitin	VERB	selittää
selittelemään	VERB	selitellä
selitti	VERB	selittää
selittäisi	VERB	selittää
selittämätöntä	ADJ	selittämätön
selittämään	VERB	selittää
selittävät	VERB	selittää
selityksen	NOUN	selitys
selitystä	NOUN	selitys
selitän	VERB	selittää
selität	VERB	selittää
selkeyden	NOUN	selkeys
selkeyttävän	VERB	selkeyttää
selkeämmin	ADV	selkeästi
selkeän	ADJ	selkeä
selkeät	ADJ	selkeä
selkeää	ADJ	selkeä
selkeään	ADJ	selkeä
selkoa	NOUN	selko
selkälokkeja	NOUN	selkä#lokki
selkämykseen	NOUN	selkämys
selkänojan	NOUN	selkä#noja
selkänojassa	NOUN	selkä#noja
selkänojiin	NOUN	selkä#noja
selkänsä	NOUN	selkä
selkärangaksi	NOUN	selkä#ranka
selkärangan	NOUN	selkä#ranka
selkää	NOUN	selkä
selkään	NOUN	selkä
sellaiseen	ADJ	sellainen
sellaiseksi	ADJ	sellainen
sellaisella	ADJ	sellainen
sellaiselle	ADJ	sellainen
sellaiselta	ADJ	sellainen
sellaisen	ADJ	sellainen
sellaisena	ADJ	sellainen
sellaisenaan	ADJ	sellainen
sellaisessa	ADJ	sellainen
sellaisesta	ADJ	sellainen
sellaiset	ADJ	sellainen
sellaisia	ADJ	sellainen
sellaisiin	ADJ	sellainen
sellaisilla	ADJ	sellainen
sellaisille	ADJ	sellainen
sellaisilta	ADJ	sellainen
sellaisina	ADJ	sellainen
sellaisissa	ADJ	sellainen
sellaisista	ADJ	sellainen
sellaista	ADJ	sellainen
sellaisten	ADJ	sellainen
sellanen	ADJ	sellainen
sellasia	ADJ	sellainen
sellasta	ADJ	sellainen
selluloosaa	NOUN	selluloosa
sellun	NOUN	sellu
sellussa	NOUN	sellu
selostaen	VERB	selostaa
selosti	VERB	selostaa
selustaan	NOUN	selusta
selustassa	NOUN	selusta
selvempi	ADJ	selvä
selvennettävä	VERB	selventää
selvin	ADJ	selvä
selvinnee	VERB	selvitä
selvisi	VERB	selvitä
selvitettiin	VERB	selvittää
selvitetään	VERB	selvittää
selvittelyä	NOUN	selvittely
selvitty	VERB	selvitä
selvittämiseen	NOUN	selvittäminen
selvittämisen	NOUN	selvittäminen
selvittämällä	VERB	selvittää
selvittämään	VERB	selvittää
selvittäneet	VERB	selvittää
selvittääkseen	VERB	selvittää
selvityksen	NOUN	selvitys
selvityksestä	NOUN	selvitys
selvitään	VERB	selvitä
selviydyttävä	VERB	selviytyä
selviytyi	VERB	selviytyä
selviytymisen	NOUN	selviytyminen
selviytymiskykyä	NOUN	selviytyä#kyky
selviytymistaisteluun	NOUN	selviytyä#taistelu
selviytyneet	VERB	selviytyä
selviä	ADJ	selvä
selviä	VERB	selvitä
selviämään	VERB	selvitä
selviän	VERB	selvitä
selviävän	VERB	selvitä
selviävät	VERB	selvitä
selviää	VERB	selvitä
selviötä	NOUN	selviö
selvyyden	NOUN	selvyys
selväksi	ADJ	selvä
selvältä	ADJ	selvä
selvän	ADJ	selvä
selvänä	ADJ	selvä
selvärajaiset	ADJ	selvä#rajainen
selvässä	ADJ	selvä
selvästikin	ADV	selvästi
selvästikään	ADV	selvästi
selvät	ADJ	selvä
selvää	ADJ	selvä
selvään	ADJ	selvä
selwayn	PROPN	Selway
selälleen	NOUN	selkä
selällään	NOUN	selkä
selältä	NOUN	selkä
selän	NOUN	selkä
seläs	NOUN	selkä
selässä	NOUN	selkä
selässämme	NOUN	selkä
selässään	NOUN	selkä
selätettäviksi	VERB	selättää
seminaareissa	NOUN	seminaari
seminaaria	NOUN	seminaari
seminaariesityksissä	NOUN	seminaari#esitys
seminaariin	NOUN	seminaari
seminaarilaisen	NOUN	seminaarilainen
seminaarilaiset	NOUN	seminaarilainen
seminaarilaisille	NOUN	seminaarilainen
seminaarilippujen	NOUN	seminaari#lippu
seminaarilippukauppoja	NOUN	seminaari#lippu#kauppa
seminaarin	NOUN	seminaari
seminaaripuheenvuorossaan	NOUN	seminaari#puheen#vuoro
seminaaripäivän	NOUN	seminaari#päivä
seminaarissa	NOUN	seminaari
seminaarit	NOUN	seminaari
seminaarivierailla	NOUN	seminaari#vieras
seminaariyleisössä	NOUN	seminaari#yleisö
semmoisen	ADJ	semmoinen
semmoisia	ADJ	semmoinen
semmone	ADJ	semmoinen
semmosia	ADJ	semmoinen
sen	PRON	se
senaatin	NOUN	senaatti
senaatintorille	PROPN	Senaatintori
senaatissa	NOUN	senaatti
senaattoreita	NOUN	senaattori
senaattorina	NOUN	senaattori
senaattorinpaikalle	NOUN	senaattori#paikka
senaattorit	NOUN	senaattori
senhän	PRON	se
senioreille	NOUN	seniori
seniori-sana	NOUN	seniori#sana
seniori-sanasta	NOUN	seniori#sana
senioriasumisen	NOUN	seniori#asuminen
seniorit	NOUN	seniori
senkaltaiseen	ADJ	sen#kaltainen
senkin	PRON	se
senkään	PRON	se
senkäänvertaista	ADJ	senkään#vertainen
sensuroi	VERB	sensuroida
sentimentaaliseksi	ADJ	sentimentaalinen
sentin	NOUN	sentti
sentinkin	NOUN	sentti
senttiä	NOUN	sentti
senttiäkään	NOUN	sentti
seokseen	NOUN	seos
seokseksi	NOUN	seos
seoksen	NOUN	seos
seoksesta	NOUN	seos
sepitetyn	VERB	sepittää
seppälälle	PROPN	Seppälä
seppälän	PROPN	Seppälä
serbian	PROPN	Serbia
serbijoukkojen	NOUN	serbi#joukko
serkkuja	NOUN	serkku
serkkuun	NOUN	serkku
serkun	NOUN	serkku
serotoniinireseptoreita	NOUN	serotoniini#reseptori
servicesin	PROPN	Services
servocitystä	PROPN	Servocity
setin	NOUN	setti
seuduilla	NOUN	seutu
seuduille	NOUN	seutu
seudun	NOUN	seutu
seuraa	NOUN	seura
seuraa	VERB	seurata
seuraajakseen	NOUN	seuraaja
seuraajaksi	NOUN	seuraaja
seuraajan	NOUN	seuraaja
seuraajansa	NOUN	seuraaja
seuraamaan	VERB	seurata
seuraamalla	VERB	seurata
seuraamana	VERB	seurata
seuraamassa	VERB	seurata
seuraamiseksi	NOUN	seuraaminen
seuraamisen	NOUN	seuraaminen
seuraamiseni	NOUN	seuraaminen
seuraamme	VERB	seurata
seuraammme	NOUN	seura
seuraamukseksi	NOUN	seuraamus
seuraamukset	NOUN	seuraamus
seuraamuksia	NOUN	seuraamus
seuraamusjärjestelmää	NOUN	seuraamus#järjestelmä
seuraamusten	NOUN	seuraamus
seuraan	VERB	seurata
seuraansa	NOUN	seura
seuraassstssrrr	NOUN	seura
seuraavaa	ADJ	seuraava
seuraavaa	NOUN	seuraava
seuraavaan	ADJ	seuraava
seuraavaksi	ADJ	seuraava
seuraavalla	ADJ	seuraava
seuraavallakaan	ADJ	seuraava
seuraavallakin	ADJ	seuraava
seuraavalle	ADJ	seuraava
seuraavan	ADJ	seuraava
seuraavana	ADJ	seuraava
seuraavana	VERB	seurata
seuraavanlaiset	ADJ	seuraavanlainen
seuraavassa	ADJ	seuraava
seuraavasta	ADJ	seuraava
seuraavat	ADJ	seuraava
seuraavat	VERB	seurata
seuraavia	ADJ	seuraava
seuraavien	ADJ	seuraava
seuraaviin	ADJ	seuraava
seuraavilla	ADJ	seuraava
seuraaville	ADJ	seuraava
seuraavilta	ADJ	seuraava
seuraavina	ADJ	seuraava
seuraavinakin	ADJ	seuraava
seuraavissa	ADJ	seuraava
seuraavista	ADJ	seuraava
seurailemaan	VERB	seurailla
seurajohdon	NOUN	seura#johto
seurakseen	NOUN	seura
seuraksi	NOUN	seura
seurakunnan	NOUN	seura#kunta
seurakunnasta	NOUN	seura#kunta
seurakuntakeskuksen	NOUN	seura#kunta#keskus
seurakuntauutisissa	NOUN	seura#kunta#uutinen
seuran	NOUN	seura
seurannassa	NOUN	seuranta
seuranneen	VERB	seurata
seuranneet	VERB	seurata
seurannut	VERB	seurata
seuransa	NOUN	seura
seurantaa	NOUN	seuranta
seurantaan	NOUN	seuranta
seurantamoottorilliset	ADJ	seuranta#moottorillinen
seurantaraportin	NOUN	seuranta#raportti
seurapalveluja	NOUN	seura#palvelu
seurapiiriuutiseksi	NOUN	seura#piiri#uutinen
seurasi	VERB	seurata
seurassa	NOUN	seura
seurataan	VERB	seurata
seuratasolla	NOUN	seura#taso
seuraten	VERB	seurata
seuratessa	VERB	seurata
seuratessani	VERB	seurata
seuratkaa	VERB	seurata
seurattaisiin	VERB	seurata
seurattava	VERB	seurata
seurattiin	VERB	seurata
seurauksella	NOUN	seuraus
seurauksena	NOUN	seuraus
seuraukset	NOUN	seuraus
seurauksia	NOUN	seuraus
seurauksista	NOUN	seuraus
seurausta	NOUN	seuraus
seurausten	NOUN	seuraus
seurojen	NOUN	seura
seurueeseen	NOUN	seurue
seurueesta	NOUN	seurue
seuruetta	NOUN	seurue
seurustelevan	VERB	seurustella
seurustelun	NOUN	seurustelu
seurustelusuhteiden	NOUN	seurustelu#suhde
sfo:n	PROPN	SFO
shakin	NOUN	shakki
shakkaamaan	VERB	shakata
shakkilaudaksi	NOUN	shakki#lauta
shakkilaudan	NOUN	shakki#lauta
shakkipeleistä	NOUN	shakki#peli
shakkiruudukossa	NOUN	shakki#ruudukko
shamanismissa	NOUN	shamanismi
shamanistisessa	ADJ	shamanistinen
shamanistisiksi	ADJ	shamanistinen
shanghaissa	PROPN	Shanghai
shanghaista	PROPN	Shanghai
sharksia	PROPN	Sharks
shawnee-intiaanien	NOUN	Shawnee#intiaani
sheffin	PROPN	Sheff
shekki-	NOUN	shekki
shhrrrrjolla	ADV	tarjolla
shieldejä	NOUN	shield
shipbrokersin	PROPN	Shipbrokers
shoppailukierroksen	NOUN	shoppailu#kierros
shorterin	PROPN	Shorter
shortseissa	NOUN	shortsit
shortsien	NOUN	shortsit
shortsinsa	NOUN	shortsit
showssa	NOUN	show
siankärsämöä	NOUN	sian#kärsämö
sianlihan	NOUN	sian#liha
siansukuisista	ADJ	sika#sukuinen
siat	NOUN	sika
sibelius-akatemian	NOUN	Sibelius#akatemia
sibelius-viulukilpailun	NOUN	Sibelius#viulu#kilpailu
sido	VERB	sitoa
sidoksissa	NOUN	sidos
sidosryhmien	NOUN	sidos#ryhmä
sidosryhmiä	NOUN	sidos#ryhmä
sidosryhmät	NOUN	sidos#ryhmä
sidosryhmäyhteistyön	NOUN	sidos#ryhmä#yhteis#työ
siedettäviä	ADJ	siedettävä
siedä	VERB	sietää
siel	ADV	siellä
sielläkin	ADV	siellä
sielläkään	ADV	siellä
sielulle	NOUN	sielu
sielun	NOUN	sielu
sielunhoitoa	NOUN	sielun#hoito
sieluni	NOUN	sielu
siemenillä	NOUN	siemen
siemeniä	NOUN	siemen
siemenperunat	NOUN	siemen#peruna
siementen	NOUN	siemen
sienet	NOUN	sieni
sienieläinten	NOUN	sieni#eläin
sienien	NOUN	sieni
sienikastikkeeni	NOUN	sieni#kastike
sienisalaattiin	NOUN	sieni#salaatti
sieniä	NOUN	sieni
siepattiin	VERB	siepata
siepatut	VERB	siepata
sieppaamisesta	NOUN	sieppaaminen
siestan	NOUN	siesta
sietokyvyn	NOUN	sieto#kyky
sietämättömiä	ADJ	sietämätön
sietämään	VERB	sietää
signeerasi	VERB	signeerata
sihauksen	NOUN	sihaus
sihteereille	NOUN	sihteeri
sihteereinä	NOUN	sihteeri
sihteerin	NOUN	sihteeri
sihteeristölle	NOUN	sihteeristö
sihteeristöstä	NOUN	sihteeristö
sihvosen	PROPN	Sihvonen
siiderin	NOUN	siideri
siideriä	NOUN	siideri
siihe	PRON	se
siihen	PRON	se
siihenkin	PRON	se
siileistä	NOUN	siili
siilejä	NOUN	siili
siilinjärvellä	PROPN	Siilinjärvi
siim	ADV	siinä
siin	ADV	siinä
siin	PRON	se
siinnyt	VERB	siitä
siinsi	VERB	siintää
siinä	PRON	se
siinäpä	ADV	siinä
siipensä	NOUN	siipi
siipien	NOUN	siipi
siipikarjalle	NOUN	siipi#karja
siipiä	NOUN	siipi
siipiään	NOUN	siipi
siippoihin	NOUN	siippa
siippojen	NOUN	siippa
siirapeille	NOUN	siirappi
siirrettiin	VERB	siirtää
siirretty	VERB	siirtää
siirrettyä	VERB	siirtää
siirrettävyyden	NOUN	siirrettävyys
siirrettävä	VERB	siirtää
siirretä	VERB	siirtää
siirretään	VERB	siirtää
siirrolla	NOUN	siirto
siirron	NOUN	siirto
siirrot	NOUN	siirto
siirry	VERB	siirtyä
siirryimme	VERB	siirtyä
siirryin	VERB	siirtyä
siirrymme	VERB	siirtyä
siirryn	VERB	siirtyä
siirryttiin	VERB	siirtyä
siirryttyä	VERB	siirtyä
siirryttyään	VERB	siirtyä
siirryttäessä	VERB	siirtyä
siirrytään	VERB	siirtyä
siirsi	VERB	siirtää
siirsivät	VERB	siirtää
siirteli	VERB	siirrellä
siirtoa	NOUN	siirto
siirtoja	NOUN	siirto
siirtokunnan	NOUN	siirto#kunta
siirtolaiset	NOUN	siirtolainen
siirtolaisia	NOUN	siirtolainen
siirtolaisjärjestön	NOUN	siirtolais#järjestö
siirtolaisten	NOUN	siirtolainen
siirtolaisuuden	NOUN	siirtolaisuus
siirtona	NOUN	siirto
siirtoon	NOUN	siirto
siirtyessä	VERB	siirtyä
siirtyi	VERB	siirtyä
siirtyivät	VERB	siirtyä
siirtymisen	NOUN	siirtyminen
siirtymistä	NOUN	siirtyminen
siirtymäkauden	NOUN	siirtymä#kausi
siirtymäkautena	NOUN	siirtymä#kausi
siirtymäriitit	NOUN	siirtymä#riitti
siirtymäriittejä	NOUN	siirtymä#riitti
siirtymässä	VERB	siirtyä
siirtymäsäännökset	NOUN	siirtymä#säännös
siirtymätaipaleella	NOUN	siirtymä#taival
siirtymättä	VERB	siirtyä
siirtymävaiheen	NOUN	siirtymä#vaihe
siirtynyt	VERB	siirtyä
siirtyvillä	VERB	siirtyä
siirtyvän	VERB	siirtyä
siirtyvät	VERB	siirtyä
siirtyy	VERB	siirtyä
siirtämisestä	NOUN	siirtäminen
siirtämistä	NOUN	siirtäminen
siirtämällä	VERB	siirtää
siirtämään	VERB	siirtää
siirtäneet	VERB	siirtää
siirtänyt	VERB	siirtää
siiryi	VERB	siirtyä
siistinä	ADJ	siisti
siitepölykauden	NOUN	siitepöly#kausi
siitepölymääriin	NOUN	siitepöly#määrä
siitepölypäiväkirjan	NOUN	siitepöly#päivä#kirja
siitepölyt	NOUN	siitepöly
siitepölytiedotteiden	NOUN	siitepöly#tiedote
siitepölyä	NOUN	siitepöly
siitä	PRON	se
siitäkin	PRON	se
siitäs	PRON	se
siivellä	NOUN	siipi
siivilässä	NOUN	siivilä
siivin	NOUN	siipi
siivissä	NOUN	siipi
siivitti	VERB	siivittää
siivittäen	VERB	siivittää
siivittämänä	VERB	siivittää
siivoaa	VERB	siivota
siivoillut	VERB	siivoilla
siivoojan	NOUN	siivooja
siivoojat	NOUN	siivooja
siivoojien	NOUN	siivooja
siivosin	VERB	siivota
siivotaan	VERB	siivota
siivouksellista	ADJ	siivouksellinen
siivua	NOUN	siivu
sijaa	NOUN	sija
sijaansa	ADP	sijaan
sijainneet	VERB	sijaita
sijainnin	NOUN	sijainti
sijainnista	NOUN	sijainti
sijainnut	VERB	sijaita
sijainteja	NOUN	sijainti
sijaintia	NOUN	sijainti
sijaishallitsijakauden	NOUN	sijais#hallitsija#kausi
sijaishallitsijaksi	NOUN	sijais#hallitsija
sijaishallitsijan	NOUN	sijais#hallitsija
sijaishallituskauden	NOUN	sijais#hallitus#kausi
sijaista	NOUN	sijainen
sijaitse	VERB	sijaita
sijaitsee	VERB	sijaita
sijaitseekin	VERB	sijaita
sijaitseva	VERB	sijaita
sijaitsevaa	VERB	sijaita
sijaitsevaan	VERB	sijaita
sijaitsevan	VERB	sijaita
sijaitsevassa	VERB	sijaita
sijaitsevasta	VERB	sijaita
sijaitsevat	VERB	sijaita
sijaitsevia	VERB	sijaita
sijaitsevista	VERB	sijaita
sijaitsi	VERB	sijaita
sijaitsivat	VERB	sijaita
sijaittava	VERB	sijaita
sijalla	NOUN	sija
sijalle	NOUN	sija
sijat	NOUN	sija
sijoille	NOUN	sija
sijoitettavaksi	VERB	sijoittaa
sijoitettaviksi	VERB	sijoittaa
sijoitettiin	VERB	sijoittaa
sijoitettu	VERB	sijoittaa
sijoitetut	VERB	sijoittaa
sijoittajan	NOUN	sijoittaja
sijoittajat	NOUN	sijoittaja
sijoittajien	NOUN	sijoittaja
sijoittajista	NOUN	sijoittaja
sijoittamaan	VERB	sijoittaa
sijoittuen	VERB	sijoittua
sijoittuessa	VERB	sijoittua
sijoittui	VERB	sijoittua
sijoittumiseen	NOUN	sijoittuminen
sijoittunut	VERB	sijoittua
sijoittunutta	VERB	sijoittua
sijoittuu	VERB	sijoittua
sijoituksen	NOUN	sijoitus
sijoituksia	NOUN	sijoitus
sijoituksille	NOUN	sijoitus
sijoitusammattilaiset	NOUN	sijoitus#ammattilainen
sijoitussuosituksen	NOUN	sijoitus#suositus
sijoitussääntöjä	NOUN	sijoitus#sääntö
sika-nautaa	NOUN	sika#nauta
siki	ADV	siksi
sikiön	NOUN	sikiö
sikojen	NOUN	sika
siks	ADV	siksi
siksakkia	NOUN	siksakki
siksikin	ADV	siksi
siksipä	ADV	siksi
sikäläiset	ADJ	sikäläinen
silikoniotsaan	NOUN	silikoni#otsa
silikoniotsaiset	ADJ	silikoni#otsainen
silikoniotsaisille	ADJ	silikoni#otsainen
silikoniruiskeita	NOUN	silikoni#ruiske
silisivät	VERB	silitä
silitetyt	VERB	silittää
silittämistä	NOUN	silittäminen
silittämässä	VERB	silittää
silkkaa	ADJ	silkka
silkkiä	NOUN	silkki
sillai	ADV	siten
sille	PRON	se
sillee	ADV	silleen
sillo	ADV	silloin
silloi	ADV	silloin
silloinhan	ADV	silloin
silloinkin	ADV	silloin
silloisessa	ADJ	silloinen
silloisista	ADJ	silloinen
sillon	ADV	silloin
sillä	PRON	se
silmien	NOUN	silmä
silmiin	NOUN	silmä
silmiini	NOUN	silmä
silmiinkin	NOUN	silmä
silmille	NOUN	silmä
silmillään	NOUN	silmä
silmiltään	NOUN	silmä
silmin	NOUN	silmä
silmissä	NOUN	silmä
silmissäni	NOUN	silmä
silmissään	NOUN	silmä
silmistä	NOUN	silmä
silmistäni	NOUN	silmä
silmistään	NOUN	silmä
silmiä	NOUN	silmä
silmiäni	NOUN	silmä
silmiään	NOUN	silmä
silmäilin	VERB	silmäillä
silmäkulmaan	NOUN	silmä#kulma
silmäkulmansa	NOUN	silmä#kulma
silmällä	NOUN	silmä
silmällään	NOUN	silmä
silmämääräiset	ADJ	silmä#määräinen
silmän	NOUN	silmä
silmänaluset	NOUN	silmä#alunen
silmäni	NOUN	silmä
silmäniloksi	NOUN	silmän#ilo
silmänräpäystä	NOUN	silmän#räpäys
silmänsä	NOUN	silmä
silmäripsiin	NOUN	silmä#ripsi
silmäsi	NOUN	silmä
silmästä	NOUN	silmä
silmät	NOUN	silmä
silmää	NOUN	silmä
silmään	NOUN	silmä
silppukasaa	NOUN	silppu#kasa
silppukasaan	NOUN	silppu#kasa
silppusi	VERB	silputa
silpputyöt	NOUN	silppu#työ
silppuun	NOUN	silppu
silpuksi	NOUN	silppu
silta-niminen	ADJ	silta#niminen
siltayhteyksien	NOUN	silta#yhteys
siltikin	ADV	silti
siltikään	ADV	silti
siltoja	NOUN	silta
siltä	PRON	se
simbergin	PROPN	Simberg
simeonin	PROPN	Simeon
simon	PROPN	Simo
simppeliä	ADJ	simppeli
simpsonille	PROPN	Simpson
simpsonit	PROPN	Simpson
simuloimista	NOUN	simuloiminen
sinapinkeltaiset	ADJ	sinapin#keltainen
sinappia	NOUN	sinappi
sinertävät	VERB	sinertää
singaalin	NOUN	signaali
singaporea	PROPN	Singapore
singleinä	NOUN	single
singlejen	NOUN	single
singlelistalla	NOUN	single#lista
singlen	NOUN	single
singleä	NOUN	single
sinihomejuustolle	NOUN	sini#home#juusto
sinilevää	NOUN	sini#levä
siniseen	ADJ	sininen
sinisellä	ADJ	sininen
sinisestä	NOUN	sininen
sinistä	ADJ	sininen
sinkkausmallineen	NOUN	sinkkaus#malline
sinkkuina	NOUN	sinkku
sinnehän	ADV	sinne
sinopeen	PROPN	Sinope
sinopessa	PROPN	Sinope
sinua	PRON	sinä
sinulla	PRON	sinä
sinulle	PRON	sinä
sinulta	PRON	sinä
sinun	PRON	sinä
sinuna	PRON	sinä
sinunkauppoja	NOUN	sinun#kaupat
sinunkin	PRON	sinä
sinussa	PRON	sinä
sinusta	PRON	sinä
sinut	PRON	sinä
sinutkin	PRON	sinä
sinähän	PRON	sinä
sinäkin	PRON	sinä
sinäkään	PRON	sinä
sinäkö	PRON	sinä
sinäpä	PRON	sinä
sipaisi	VERB	sipaista
siperialaisia	ADJ	siperialainen
siperian	PROPN	Siperia
sipilän	PROPN	Sipilä
sipoolaisista	ADJ	sipoolainen
sipoon	PROPN	Sipoo
sipoosta	PROPN	Sipoo
sippolaan	PROPN	Sippola
sipsutin	VERB	sipsuttaa
sipuleista	NOUN	sipuli
sipulia	NOUN	sipuli
sipulit	NOUN	sipuli
siristämään	VERB	siristää
sirkulta	PROPN	Sirkku
sirkushuvit	NOUN	sirkus#huvi
sirpaleiksi	NOUN	sirpale
sirviön	PROPN	Sirviö
sisaren	NOUN	sisar
sisareni	NOUN	sisar
sisaruksiaan	NOUN	sisarus
sisimmässään	NOUN	sisin
sisimpääni	NOUN	sisin
siskolleen	NOUN	sisko
siskon	NOUN	sisko
siskoni	NOUN	sisko
siskonpoikansa	NOUN	sisko#poika
sisuksistaan	NOUN	sisus
sisuskalujen	NOUN	sisus#kalu
sisustajan	NOUN	sisustaja
sisustaltaan	NOUN	sisusta
sisustettu	VERB	sisustaa
sisustetuissa	VERB	sisustaa
sisustuksellaan	NOUN	sisustus
sisustusosaston	NOUN	sisustus#osasto
sisä-	ADJ	sisä
sisä-	NOUN	sisä
sisäasioiden	NOUN	sisä#asia
sisäasioihin	NOUN	sisä#asia
sisäisen	ADJ	sisäinen
sisäisiin	ADJ	sisäinen
sisäisillä	ADJ	sisäinen
sisäisiä	ADJ	sisäinen
sisäisten	ADJ	sisäinen
sisäistä	ADJ	sisäinen
sisäkengät	NOUN	sisä#kenkä
sisällettyä	VERB	sisältää
sisällissodan	NOUN	sisällis#sota
sisällissotaan	NOUN	sisällis#sota
sisälly	VERB	sisältyä
sisällytetty	VERB	sisällyttää
sisällytettäisiin	VERB	sisällyttää
sisällytettävä	VERB	sisällyttää
sisällytettävän	VERB	sisällyttää
sisällytetään	VERB	sisällyttää
sisällyttämistä	NOUN	sisällyttäminen
sisällä	VERB	sisältää
sisälläni	ADV	sisällä
sisällöltään	NOUN	sisältö
sisällön	NOUN	sisältö
sisällöstä	NOUN	sisältö
sisällöttömyydestä	NOUN	sisällöttömyys
sisälsi	VERB	sisältää
sisältymään	VERB	sisältyä
sisältynyt	VERB	sisältyä
sisältyvien	VERB	sisältyä
sisältyviä	VERB	sisältyä
sisältyvät	VERB	sisältyä
sisältyy	VERB	sisältyä
sisältäisi	VERB	sisältää
sisältämän	VERB	sisältää
sisältäneet	VERB	sisältää
sisältäni	ADV	sisältä
sisältävät	VERB	sisältää
sisältävää	VERB	sisältää
sisältöä	NOUN	sisältö
sisämaahan	NOUN	sisä#maa
sisämarkkinayhdentymisen	NOUN	sisä#markkina#yhdentyminen
sisämarkkinoiden	NOUN	sisä#markkinat
sisämarkkinoille	NOUN	sisä#markkinat
sisämarkkinoissa	NOUN	sisä#markkinat
sisäpihalla	NOUN	sisä#piha
sisäpiirejä	NOUN	sisä#piiri
sisäpiiriepäilyjä	NOUN	sisä#piiri#epäily
sisäpiiriepäilyssä	NOUN	sisä#piiri#epäily
sisäpiiriin	NOUN	sisä#piiri
sisäpiirikaupat	NOUN	sisä#piiri#kauppa
sisäpiirikaupoissa	NOUN	sisä#piiri#kauppa
sisäpiirikauppaa	NOUN	sisä#piiri#kauppa
sisäpiirikauppaepäilyjä	NOUN	sisä#piiri#kauppa#epäily
sisäpiirikauppoja	NOUN	sisä#piiri#kauppa
sisäpiiritiedon	NOUN	sisä#piiri#tieto
sisäpoliittista	ADJ	sisä#poliittinen
sisärajoja	NOUN	sisä#raja
sisäsaaristomaisista	ADJ	sisä#saaristomainen
sisätilasta	NOUN	sisä#tila
sisätilat	NOUN	sisä#tila
sisävuorausta	NOUN	sisä#vuoraus
sisäänoston	NOUN	sisään#osto
sisäänottoon	NOUN	sisään#otto
sisäänpääsystä	NOUN	sisäänpääsy
sisäänsä	ADV	sisään
sit	ADV	sitten
sit.	NOUN	sit..
sitaisemassa	VERB	sitaista
siteeratakseni	VERB	siteerata
siteiden	NOUN	side
siteissä	NOUN	side
siteitä	NOUN	side
sith-lordi	NOUN	sith#lordi
sithin	PROPN	Sith
sitkeyden	NOUN	sitkeys
sitoi	VERB	sitoa
sitouduttava	VERB	sitoutua
sitoumuksen	NOUN	sitoumus
sitoumukset	NOUN	sitoumus
sitoumuksia	NOUN	sitoumus
sitoumustamme	NOUN	sitoumus
sitoumusten	NOUN	sitoumus
sitoutumatonta	ADJ	sitoutumaton
sitoutumisasteet	NOUN	sitoutumis#aste
sitoutumisen	NOUN	sitoutuminen
sitoutumista	NOUN	sitoutuminen
sitoutuneet	VERB	sitoutua
sitoutunut	VERB	sitoutua
sitovaa	ADJ	sitova
sitovia	ADJ	sitova
sitruunalla	NOUN	sitruuna
sitruunamehulla	NOUN	sitruuna#mehu
sitruunan	NOUN	sitruuna
sitruunarahka-kermaseosta	NOUN	sitruuna#rahka#kerma#seos
sitsaajat	NOUN	sitsaaja
sitsaajille	NOUN	sitsaaja
sitsejä	NOUN	sitsi
sitsien	NOUN	sitsi
sitsiin	NOUN	sitsi
sitsiläisten	NOUN	sitsiläinen
sitte	ADV	sitten
sitä	PRON	se
sitähän	PRON	se
sitäkin	PRON	se
sitäkään	PRON	se
siunaamaan	VERB	siunata
siunaisi	VERB	siunata
siunauksellista	ADJ	siunauksellinen
siunauksen	NOUN	siunaus
siunauksensa	NOUN	siunaus
siunausta	NOUN	siunaus
sivelisi	VERB	sivellä
siveltimen	NOUN	sivellin
siviileihin	NOUN	siviili
siviili-ilmailujärjestön	NOUN	siviili#ilmailu#järjestö
siviilipalvelusmiehiltä	NOUN	siviili#palvelus#mies
sivistyksen	NOUN	sivistys
sivua	NOUN	sivu
sivuainetta	NOUN	sivu#aine
sivuavasta	VERB	sivuta
sivuhuomautuksena	NOUN	sivu#huomautus
sivuikkunaa	NOUN	sivu#ikkuna
sivuilla	NOUN	sivu
sivuillaan	NOUN	sivu
sivuilta	NOUN	sivu
sivukulujen	NOUN	sivu#kulu
sivulla	NOUN	sivu
sivulle	NOUN	sivu
sivumääriä	NOUN	sivu#määrä
sivun	NOUN	sivu
sivuohjelmiin	NOUN	sivu#ohjelma
sivuosuman	NOUN	sivu#osuma
sivupohjatiedostoja	NOUN	sivu#pohja#tiedosto
sivuraiteelle	NOUN	sivu#raide
sivussa	NOUN	sivu
sivusta	NOUN	sivu
sivustoa	NOUN	sivusto
sivustoilta	NOUN	sivusto
sivustoja	NOUN	sivusto
sivustolla	NOUN	sivusto
sivustolle	NOUN	sivusto
sivuston	NOUN	sivusto
sivut	NOUN	sivu
sivutoimiselle	ADJ	sivu#toiminen
sivuun	NOUN	sivu
sivuutetaan	VERB	sivuuttaa
sivuuttamatta	VERB	sivuuttaa
sivuvaikutuksia	NOUN	sivu#vaikutus
siwassa	PROPN	Siwa
siäl	ADV	siellä
sjöbergin	PROPN	Sjöberg
sjöblomin	PROPN	Sjöblom
skandaaleita	NOUN	skandaali
sketseihin	NOUN	sketsi
skip-bo-kodissani	NOUN	Skip#bo#koti
skippaamaan	VERB	skipata
skitsofrenian	NOUN	skitsofrenia
skotlannissa	PROPN	Skotlanti
skotlantilaista	ADJ	skotlantilainen
skrävelbådanilla	PROPN	Skrävelbådan
sks:n	PROPN	SKS
skumpassa	NOUN	skumppa
skumppaa	NOUN	skumppa
skyn	PROPN	Sky
skywalkerin	PROPN	Skywalker
skyytit	NOUN	skyytti
skyyttejä	NOUN	skyytti
skånelaisten	ADJ	skånelainen
slipoverin	NOUN	slipoveri
sljy:n	PROPN	SLJY
slovakian	PROPN	Slovakia
slovenian	PROPN	Slovenia
slummeissa	NOUN	slummi
sm-hallikisoissa	NOUN	SM#halli#kisa
sm-hopeaa	NOUN	SM#hopea
sm-liigan	NOUN	SM#liiga
sm-liigauransa	NOUN	SM#liiga#ura
sm-sarjaottelua	NOUN	SM#sarja#ottelu
sm-sarjassa	NOUN	SM#sarja
smallvillen	PROPN	Smallville
smetanaa	NOUN	smetana
smithia	PROPN	Smith
snacks-merkillä	NOUN	snacks#merkki
snacks-tuotteita	NOUN	snacks#tuote
snr-tölkinetsintä	NOUN	SNR#tölkki#etsintä
sodan	NOUN	sota
sodanaikaista	ADJ	sodan#aikainen
sodanjälkeisten	ADJ	sodan#jälkeinen
sodankäyntiä	NOUN	sodan#käynti
sodassa	NOUN	sota
sodasta	NOUN	sota
sohjoa	NOUN	sohjo
sohkasen	PROPN	Sohkanen
sohvalla	NOUN	sohva
sohvalle	NOUN	sohva
sohvan	NOUN	sohva
sohvassa	NOUN	sohva
soi	VERB	soida
soijakastiketta	NOUN	soija#kastike
soikkaselta	PROPN	Soikkanen
soikkasen	PROPN	Soikkanen
soimaamassa	VERB	soimata
soimaan	VERB	soida
soinnillisia	ADJ	soinnillinen
sointuisi	VERB	sointua
soita	VERB	soittaa
soitan	VERB	soittaa
soitat	VERB	soittaa
soitellen	VERB	soitella
soitetaan	VERB	soittaa
soitettiin	VERB	soittaa
soitettuaan	VERB	soittaa
soitin	VERB	soittaa
soittaan	VERB	soittaa
soittaisi	VERB	soittaa
soittaisimme	VERB	soittaa
soittamaa	VERB	soittaa
soittamalla	VERB	soittaa
soittamana	VERB	soittaa
soittamasta	VERB	soittaa
soittaneen	VERB	soittaa
soittanut	VERB	soittaa
soittava	VERB	soittaa
soittavan	VERB	soittaa
soittavat	VERB	soittaa
soittavien	VERB	soittaa
soittele	VERB	soitella
soitteli	VERB	soitella
soitti	VERB	soittaa
soittimensa	NOUN	soitin
soittivat	VERB	soittaa
sokaistiin	VERB	sokaista
sokeakin	NOUN	sokea
sokeaksi	ADJ	sokea
sokeeraavia	VERB	sokeerata
sokeiksi	ADJ	sokea
sokereita	NOUN	sokeri
sokeria	NOUN	sokeri
sokerialan	NOUN	sokeri#ala
sokerille	NOUN	sokeri
sokerin	NOUN	sokeri
sokeripalan	NOUN	sokeri#pala
sokerit	NOUN	sokeri
sokkelosta	NOUN	sokkelo
sokrates-ohjelmaa	NOUN	SOKRATES#ohjelma
sokrates-ohjelman	NOUN	SOKRATES#ohjelma
solidaarisuusvälineiden	NOUN	solidaarisuus#väline
solisluunsa	NOUN	solisluu
solmi	VERB	solmia
solmiakseen	VERB	solmia
solmimaan	VERB	solmia
solmimisajankohdan	NOUN	solmia#ajan#kohta
solmimiseen	NOUN	solmiminen
solminut	VERB	solmia
solmittiin	VERB	solmia
solmittu	VERB	solmia
solmitun	VERB	solmia
solonitsa-joen	NOUN	Solonitsa#joki
solullani	NOUN	solu
soluseinien	NOUN	solu#seinä
soman	ADJ	soma
somerniemen	PROPN	Somerniemi
someron	PROPN	Somero
sonet/discophonin	PROPN	Sonet/Discophon
sonnustautuneita	VERB	sonnustautua
sonnustautunut	VERB	sonnustautua
sooloilemaan	VERB	sooloilla
soololevyjä	NOUN	soolo#levy
soolouralle	NOUN	soolo#ura
soolouransa	NOUN	soolo#ura
soosilla	NOUN	soosi
soosin	NOUN	soosi
sopan	NOUN	soppa
sopeutui	VERB	sopeutua
sopeutuivatko	VERB	sopeutua
sopeutunut	VERB	sopeutua
sophien	PROPN	Sophie
sopi	VERB	sopia
sopiessaan	VERB	sopia
sopii	VERB	sopia
sopiman	VERB	sopia
sopimana	VERB	sopia
sopimassa	VERB	sopia
sopimukseen	NOUN	sopimus
sopimuksella	NOUN	sopimus
sopimukselle	NOUN	sopimus
sopimuksen	NOUN	sopimus
sopimuksessa	NOUN	sopimus
sopimuksesta	NOUN	sopimus
sopimukset	NOUN	sopimus
sopimuksethan	NOUN	sopimus
sopimuksia	NOUN	sopimus
sopimuksiin	NOUN	sopimus
sopimuksilla	NOUN	sopimus
sopimuksissakin	NOUN	sopimus
sopimuksista	NOUN	sopimus
sopimusehdotusta	NOUN	sopimus#ehdotus
sopimusneuvotteluiden	NOUN	sopimus#neuvottelu
sopimuspuolelle	NOUN	sopimus#puoli
sopimuspuolen	NOUN	sopimus#puoli
sopimuspuolet	NOUN	sopimus#puoli
sopimuspuolten	NOUN	sopimus#puoli
sopimussuhteet	NOUN	sopimus#suhde
sopimussuhteisiin	NOUN	sopimus#suhde
sopimussuhteita	NOUN	sopimus#suhde
sopimusta	NOUN	sopimus
sopimusten	NOUN	sopimus
sopimusverkostojen	NOUN	sopimus#verkosto
sopimusverkostot	NOUN	sopimus#verkosto
sopineet	VERB	sopia
sopiva	VERB	sopia
sopivaa	ADJ	sopiva
sopivan	ADJ	sopiva
sopivan	VERB	sopia
sopivana	ADJ	sopiva
sopivat	ADJ	sopiva
sopivat	VERB	sopia
sopivia	VERB	sopia
sopivilta	ADJ	sopiva
soppakattilaan	NOUN	soppa#kattila
sopparia	NOUN	soppari
sopraanot	NOUN	sopraano
sopranon	PROPN	Soprano
sopua	NOUN	sopu
sopuleita	NOUN	sopuli
sopulien	NOUN	sopuli
sopulikannan	NOUN	sopuli#kanta
sopulit	NOUN	sopuli
sopusoinnussa	NOUN	sopu#sointu
sopuun	NOUN	sopu
soraääniä	NOUN	sora#ääni
sormeilemalla	VERB	sormeilla
sormella	NOUN	sormi
sormeni	NOUN	sormi
sormenjäljistään	NOUN	sormen#jälki
sormenjälkiin	NOUN	sormen#jälki
sormenjälkiä	NOUN	sormen#jälki
sormenpäissä	NOUN	sormen#pää
sormensa	NOUN	sormi
sormet	NOUN	sormi
sormien	NOUN	sormi
sormieni	NOUN	sormi
sormiiin	NOUN	sormi
sormin	NOUN	sormi
sormistaan	NOUN	sormi
sormisuolaa	NOUN	sormi#suola
sormisuolalla	NOUN	sormi#suola
sormuksesta	NOUN	sormus
sormuskin	NOUN	sormus
sormusta	NOUN	sormus
sorrettujen	VERB	sortaa
sorron	NOUN	sorto
sorruin	VERB	sortua
sorsaa	NOUN	sorsa
sortavalan	PROPN	Sortavala
sortoon	NOUN	sorto
sorttia	NOUN	sortti
sortui	VERB	sortua
sos.dem.	NOUN	sosiaali#demokraatti
sosiaali-	NOUN	sosiaali
sosiaaliasioihin	NOUN	sosiaali#asia
sosiaaliasioita	NOUN	sosiaali#asia
sosiaalidemokraattien	NOUN	sosiaali#demokraatti
sosiaalietuuksien	NOUN	sosiaali#etuus
sosiaalijohtajana	NOUN	sosiaali#johtaja
sosiaalikomitealle	NOUN	sosiaali#komitea
sosiaalikomitean	NOUN	sosiaali#komitea
sosiaalipoliitikot	NOUN	sosiaali#poliitikko
sosiaalirahaston	NOUN	sosiaali#rahasto
sosiaaliryhmällä	NOUN	sosiaali#ryhmä
sosiaalis-taloudellinen	ADJ	sosiaalis#taloudellinen
sosiaaliseen	ADJ	sosiaalinen
sosiaalisen	ADJ	sosiaalinen
sosiaalisesta	ADJ	sosiaalinen
sosiaalisia	ADJ	sosiaalinen
sosiaalistamaan	VERB	sosiaalistaa
sosiaalisten	ADJ	sosiaalinen
sosiaalisuudesta	NOUN	sosiaalisuus
sosiaalitalouden	NOUN	sosiaali#talous
sosiaaliturvaa	NOUN	sosiaali#turva
sosiaaliturvan	NOUN	sosiaali#turva
sosiaaliturvasta	NOUN	sosiaali#turva
sosialidemokraattien	NOUN	sosiali#demokraatti
sosialisteja	NOUN	sosialisti
sosialistien	NOUN	sosialisti
sosialistisen	ADJ	sosialistinen
sosialistisesta	ADJ	sosialistinen
sosioekonomisesta	ADJ	sosioekonominen
sosiologit	NOUN	sosiologi
sota-alueiden	NOUN	sota#alue
sotaa	NOUN	sota
sotaan	NOUN	sota
sotahan	NOUN	sota
sotaharjoitukseen	NOUN	sota#harjoitus
sotaharjoituksen	NOUN	sota#harjoitus
sotaharjoituksiin	NOUN	sota#harjoitus
sotainvalidiksi	NOUN	sota#invalidi
sotainvalidina	NOUN	sota#invalidi
sotajoukkoa	NOUN	sota#joukko
sotajoukon	NOUN	sota#joukko
sotalaivoja	NOUN	sota#laiva
sotapäällikkönsä	NOUN	sota#päällikkö
sotapäällikön	NOUN	sota#päällikkö
sotapäälliköt	NOUN	sota#päällikkö
sotaretken	NOUN	sota#retki
sotarikoksista	NOUN	sota#rikos
sotasaaliin	NOUN	sota#saalis
sotasaalista	NOUN	sota#saalis
sotasaalisveneissä	NOUN	sota#saalis#vene
sotatoimien	NOUN	sota#toimi
sotavankia	NOUN	sota#vanki
sotavuosien	NOUN	sota#vuosi
sotia	NOUN	sota
sotien	NOUN	sota
sotilaaksi	NOUN	sotilas
sotilaalliseen	ADJ	sotilaallinen
sotilaallisista	ADJ	sotilaallinen
sotilaan	NOUN	sotilas
sotilaasta	NOUN	sotilas
sotilaastaan	NOUN	sotilas
sotilaiden	NOUN	sotilas
sotilasajoneuvot	NOUN	sotilas#ajo#neuvo
sotilashenkilöiden	NOUN	sotilas#henkilö
sotilasketjuaan	NOUN	sotilas#ketju
sotilaskoneilla	NOUN	sotilas#kone
sotilasläänin	NOUN	sotilas#lääni
sotilaspukuun	NOUN	sotilas#puku
sotilaspuvussa	NOUN	sotilas#puku
sotilasta	NOUN	sotilas
sotilastukikohtana	NOUN	sotilas#tuki#kohta
sotilasvallankaappauksessa	NOUN	sotilas#vallan#kaappaus
sotkee	VERB	sotkea
sotkemisesta	NOUN	sotkeminen
sotkua	NOUN	sotku
sotkun	NOUN	sotku
sotolta	PROPN	Soto
soton	PROPN	Soto
souchetin	PROPN	Souchet
soundi-	PROPN	Soundi
soutamiseen	NOUN	soutaminen
soveliaan	ADJ	sovelias
soveliasta	ADJ	sovelias
sovella	VERB	soveltaa
sovellan	VERB	soveltaa
sovelleta	VERB	soveltaa
sovelletaan	VERB	soveltaa
sovelletaankin	VERB	soveltaa
sovellettaessa	VERB	soveltaa
sovellettaisiin	VERB	soveltaa
sovellettava	VERB	soveltaa
sovellettavan	VERB	soveltaa
sovellettavassa	VERB	soveltaa
sovellettavasta	VERB	soveltaa
sovellettavat	VERB	soveltaa
sovellettavia	VERB	soveltaa
sovellettavien	VERB	soveltaa
sovellettavista	VERB	soveltaa
sovellettuina	VERB	soveltaa
sovellukseen	NOUN	sovellus
sovelluksia	NOUN	sovellus
sovellutuksista	NOUN	sovellutus
soveltaen	VERB	soveltaa
soveltamaan	VERB	soveltaa
soveltamalla	VERB	soveltaa
soveltamatta	VERB	soveltaa
soveltamisalaa	NOUN	soveltamis#ala
soveltamisalaan	NOUN	soveltamis#ala
soveltamisalaltaan	NOUN	soveltamis#ala
soveltamisalan	NOUN	soveltamis#ala
soveltamisalasta	NOUN	soveltamis#ala
soveltamiseen	NOUN	soveltaminen
soveltamiseksi	NOUN	soveltaminen
soveltamisen	NOUN	soveltaminen
soveltamisessa	NOUN	soveltaminen
soveltamisesta	NOUN	soveltaminen
soveltamista	NOUN	soveltaminen
soveltamista	VERB	soveltaa
soveltanut	VERB	soveltaa
soveltavan	ADJ	soveltava
soveltavat	VERB	soveltaa
soveltui	VERB	soveltua
soveltuva	VERB	soveltua
soveltuvaa	ADJ	soveltuva
soveltuvaa	VERB	soveltua
soveltuvaan	VERB	soveltua
soveltuvampaa	ADJ	soveltuva
soveltuvan	VERB	soveltua
soveltuvat	VERB	soveltua
soveltuvia	VERB	soveltua
sovimme	VERB	sopia
sovinnaiselta	ADJ	sovinnainen
sovinnosta	NOUN	sovinto
sovintoesityksen	NOUN	sovinto#esitys
sovitaan	VERB	sopia
sovitetaan	VERB	sovittaa
sovittaisi	VERB	sovittaa
sovittaisiin	VERB	sopia
sovittamaan	VERB	sovittaa
sovittamalla	VERB	sovittaa
sovittanut	VERB	sovittaa
sovittava	VERB	sopia
sovittelumenettelyn	NOUN	sovittelu#menettely
sovittelumenettelyssä	NOUN	sovittelu#menettely
sovittelumenettelyyn	NOUN	sovittelu#menettely
sovittelutoimielimen	NOUN	sovittelu#toimi#elin
sovittiin	VERB	sopia
sovittivat	VERB	sovittaa
sovittu	VERB	sopia
sovittuun	VERB	sopia
sovitulle	VERB	sopia
sovitun	VERB	sopia
sovituskuvassa	NOUN	sovitus#kuva
sovitussa	VERB	sopia
sovitut	VERB	sopia
sovun	NOUN	sopu
sparrauskumppania	NOUN	sparraus#kumppani
spasskya	PROPN	Spassky
spektaakkelin	NOUN	spektaakkeli
spekulaatiot	NOUN	spekulaatio
spelttejä	NOUN	speltti
spending-veera	PROPN	Spending#Veera
spiegel-lehti	NOUN	Spiegel#lehti
spiegelille	PROPN	Spiegel
spiegelin	PROPN	Spiegel
spirillien	PROPN	spirilli
spirokeettaa	PROPN	spirokeetta
spirokeettojen	PROPN	spirokeetta
spontaanin	ADJ	spontaani
spotifyn	PROPN	Spotify
spp:n	PROPN	spp
spriteä	PROPN	Sprite
spss-ohjelmiston	NOUN	SPSS#ohjelmisto
spursin	PROPN	Spurs
sql-dumppeja	NOUN	SQL#dumppi
squaren	PROPN	Square
srt-8	SYM	SRT#8
srt-8:ssa	SYM	SRT#8
ss-johtaja	NOUN	SS#johtaja
stabiliteetilla	NOUN	stabiliteetti
stadicen	PROPN	Stadice
stadighin	PROPN	Stadigh
stadiin	NOUN	stadi
stadilaisen	NOUN	stadilainen
stalinin	PROPN	Stalin
stalkkaamisena	NOUN	stalkkaaminen
stalkkailee	VERB	stalkkailla
stamman	PROPN	Stamma
start-	X	Start
startista	NOUN	startti
staterin	NOUN	stater
statuksesta	NOUN	status
statuksestaan	NOUN	status
stefanon	PROPN	Stefano
stefanossa	PROPN	Stefano
stefecekováan	PROPN	Stefeceková
stellan	PROPN	Stella
stepanozin	PROPN	Stepanoz
stereonpalasista	NOUN	stereo#palanen
stereot	NOUN	stereo
stevarin	NOUN	stevari
stevensin	PROPN	Stevens
stigmojen	NOUN	stigma
stimuloimaan	VERB	stimuloida
stipendin	NOUN	stipendi
stockmannilta	PROPN	Stockmann
stockmannin	PROPN	Stockmann
stokessa	PROPN	Stoke
stonessa	PROPN	Stone
stopista	NOUN	stop
stoppaamaan	VERB	stopata
storsjön	PROPN	Storsjö
storyn	PROPN	Story
storysta	PROPN	Story
strategiaa	NOUN	strategia
strategiaan	NOUN	strategia
strategialla	NOUN	strategia
strategian	NOUN	strategia
strategiani	NOUN	strategia
strategiassa	NOUN	strategia
strategiasta	NOUN	strategia
strategiat	NOUN	strategia
strategiseen	ADJ	strateginen
strategisen	ADJ	strateginen
strategiset	ADJ	strateginen
strategista	ADJ	strateginen
strategisten	ADJ	strateginen
stratosfääriin	NOUN	stratosfääri
strauss-kahnin	PROPN	Strauss-Kahn
straußin	PROPN	Strauß
stressaa	VERB	stressata
stressaavaa	ADJ	stressaava
stressistä	NOUN	stressi
stressittömän	ADJ	stressitön
stressiä	NOUN	stressi
strobo-valoillaan	NOUN	strobo#valo
strömbergiä	PROPN	Strömberg
sttk:n	PROPN	STTK
studioiden	NOUN	studio
studiopomolle	NOUN	studio#pomo
studiossa	NOUN	studio
stuntiksi	NOUN	stuntti
stunttina	NOUN	stuntti
sturmgeist-tunnuksella	NOUN	Sturmgeist#tunnus
sua	PRON	sinä
suanzes-carpegnan	PROPN	Suanzes-Carpegna
subjektien	NOUN	subjekti
subjektiivisina	ADJ	subjektiivinen
subjektin	NOUN	subjekti
subprime-lainakriisin	NOUN	subprime#laina#kriisi
sudanin	PROPN	Sudan
sudanissa	PROPN	Sudan
sudesta	NOUN	susi
suffikseja	NOUN	suffiksi
suffiksina	NOUN	suffiksi
suhdanneherkkyyteen	NOUN	suhdanne#herkkyys
suhdannekyselyn	NOUN	suhdanne#kysely
suhdannenäkymien	NOUN	suhdanne#näkymä
suhdanneodotukset	NOUN	suhdanne#odotus
suhdannepoliittiset	ADJ	suhdanne#poliittinen
suhdetta	NOUN	suhde
suhisee	VERB	suhista
suhtaudumme	VERB	suhtautua
suhtaudun	VERB	suhtautua
suhtaudutaan	VERB	suhtautua
suhtauduttiin	VERB	suhtautua
suhtauduttu	VERB	suhtautua
suhtautuivat	VERB	suhtautua
suhtautumisesta	NOUN	suhtautuminen
suhtautunut	VERB	suhtautua
suhtautuu	VERB	suhtautua
suhtautuvat	VERB	suhtautua
suhtautuvien	NOUN	suhtautuva
suhteellisen	ADJ	suhteellinen
suhteellisesta	ADJ	suhteellinen
suhteelliset	ADJ	suhteellinen
suhteellisia	ADJ	suhteellinen
suhteellista	ADJ	suhteellinen
suhteessa	NOUN	suhde
suhteesta	NOUN	suhde
suhteestaan	NOUN	suhde
suhteet	NOUN	suhde
suhteettoman	ADJ	suhteeton
suhteiden	NOUN	suhde
suhteilla	NOUN	suhde
suhteisiin	NOUN	suhde
suhteissa	NOUN	suhde
suhteissaan	NOUN	suhde
suhteista	NOUN	suhde
suhteita	NOUN	suhde
suihkukin	NOUN	suihku
suihkun	NOUN	suihku
suihkut	NOUN	suihku
suikaloitu	VERB	suikaloida
suitsita	VERB	suitsia
sujui	VERB	sujua
sujuivat	VERB	sujua
sujuneen	VERB	sujua
sujunut	VERB	sujua
sujuu	VERB	sujua
sukan	NOUN	sukka
sukanvarressa	NOUN	sukan#varsi
sukellusveneinä	NOUN	sukellus#vene
sukelsi	VERB	sukeltaa
sukilla	NOUN	sukka
sukkahousuasuissa	NOUN	sukka#housut#asu
sukkahousuihin	NOUN	sukka#housut
sukkahousuilla	NOUN	sukka#housut
sukkahousuissa	NOUN	sukka#housut
sukkahousujen	NOUN	sukka#housut
sukkahousutkin	NOUN	sukka#housut
sukkansa	NOUN	sukka
sukkien	NOUN	sukka
sukkulaa	NOUN	sukkula
sukkulalla	NOUN	sukkula
sukkulan	NOUN	sukkula
sukkulaohjelman	NOUN	sukkula#ohjelma
sukkulat	NOUN	sukkula
sukkuloiksi	NOUN	sukkula
suklaahippukeksien	NOUN	suklaa#hippu#keksi
suklaahippukeksit	NOUN	suklaa#hippu#keksi
suklaarouheessa	NOUN	suklaa#rouhe
suklaasta	NOUN	suklaa
suksiin	NOUN	suksi
sukua	NOUN	suku
sukuaan	NOUN	suku
sukuhaaran	NOUN	suku#haara
sukujuhlassa	NOUN	suku#juhla
sukukypsyyden	NOUN	suku#kypsyys
sukulaisia	NOUN	sukulainen
sukulaisille	NOUN	sukulainen
sukulaisilleen	NOUN	sukulainen
sukulaisilta	NOUN	sukulainen
sukulaislajiaan	NOUN	sukulais#laji
sukuni	NOUN	suku
sukunimeen	NOUN	suku#nimi
sukunimenään	NOUN	suku#nimi
sukuniminä	NOUN	suku#nimi
sukupolvea	NOUN	suku#polvi
sukupolven	NOUN	suku#polvi
sukupolvensa	NOUN	suku#polvi
sukupolvet	NOUN	suku#polvi
sukupuolen	NOUN	suku#puoli
sukupuolesta	NOUN	suku#puoli
sukupuolet	NOUN	suku#puoli
sukupuolielinkeskisyytenä	NOUN	suku#puoli#elin#keskeisyys
sukupuolierottelua	NOUN	suku#puoli#erottelu
sukupuolille	NOUN	suku#puoli
sukupuolineutraaleiksi	ADJ	suku#puoli#neutraali
sukupuolten	NOUN	suku#puoli
sukutaulua	NOUN	suku#taulu
sukuumme	NOUN	suku
sukuun	NOUN	suku
sul	PRON	sinä
sulamisvedet	NOUN	sulamis#vesi
sulan	NOUN	sula
sulat	NOUN	sulka
sulatejuustoa	NOUN	sulate#juusto
sulatin	VERB	sulattaa
sulautetaan	VERB	sulauttaa
sulautettujen	VERB	sulauttaa
sulautetuissa	VERB	sulauttaa
sulautetut	VERB	sulauttaa
sulautui	VERB	sulautua
sulautuivat	VERB	sulautua
sulautumisesta	NOUN	sulautuminen
sulautumisiin	NOUN	sulautuminen
sulautumista	NOUN	sulautuminen
sulautuu	VERB	sulautua
sulawesin	PROPN	Sulawes
sulfidi-	NOUN	sulfidi
sulfidisulkeumia	NOUN	sulfidi#sulkeuma
sulje	VERB	sulkea
suljen	VERB	sulkea
suljettiin	VERB	sulkea
suljettu	VERB	sulkea
suljettuna	VERB	sulkea
suljin	VERB	sulkea
sulkakynällä	NOUN	sulka#kynä
sulkakynän	NOUN	sulka#kynä
sulkee	VERB	sulkea
sulkeisista	NOUN	sulkeiset
sulkemalla	VERB	sulkea
sulkemiseen	NOUN	sulkeminen
sulkemista	NOUN	sulkeminen
sulkenu	VERB	sulkea
sulkeumat	NOUN	sulkeuma
sulkeumia	NOUN	sulkeuma
sulkeumien	NOUN	sulkeuma
sulkeutui	VERB	sulkeutua
sulkeutunutta	ADJ	sulkeutunut
sulkeutuvalta	VERB	sulkeutua
sulki	VERB	sulkea
sulkia	NOUN	sulka
sulkukotilolajia	NOUN	sulku#kotilo#laji
sulkukotilot	NOUN	sulku#kotilo
sulkumerkin	NOUN	sulku#merkki
sulla	PRON	sinä
sulle	PRON	sinä
sulloontui	VERB	sulloontua
suloiselta	ADJ	suloinen
suloisia	ADJ	suloinen
suloisimman	ADJ	suloinen
suloista	ADJ	suloinen
sumialan	PROPN	Sumiala
summaa	NOUN	summa
summaa	VERB	summata
summan	NOUN	summa
summat	NOUN	summa
summia	NOUN	summa
summien	NOUN	summa
sumua	NOUN	sumu
sumuisena	ADJ	sumuinen
sumuisista	ADJ	sumuinen
sumuksi	NOUN	sumu
sumutorveaan	NOUN	sumu#torvi
sun	PRON	sinä
sundsvallin	PROPN	Sundsvall
sunkin	PRON	sinä
sunnimiehelle	NOUN	sunni#mies
sunnuntai-aamuna	NOUN	sunnuntai#aamu
sunnuntai-iltana	NOUN	sunnuntai#ilta
sunnuntai-iltapäivällä	NOUN	sunnuntai#ilta#päivä
sunnuntaiaamusta	NOUN	sunnuntai#aamu
sunnuntaina	NOUN	sunnuntai
sunnuntaisessa	ADJ	sunnuntainen
suodatinpusseja	NOUN	suodatin#pussi
suodattava	VERB	suodattaa
suodenniemen	PROPN	Suodenniemi
suojaa	NOUN	suoja
suojaamaan	VERB	suojata
suojaamia	VERB	suojata
suojaamiseksi	NOUN	suojaaminen
suojaavat	VERB	suojata
suojahatut	NOUN	suoja#hattu
suojaisaan	ADJ	suojaisa
suojaisia	ADJ	suojainen
suojakuorta	NOUN	suoja#kuori
suojalausekkeita	NOUN	suoja#lauseke
suojamuovin	NOUN	suoja#muovi
suojan	NOUN	suoja
suojana	NOUN	suoja
suojapaikat	NOUN	suoja#paikka
suojassa	NOUN	suoja
suojatielle	NOUN	suoja#tie
suojatiellä	NOUN	suoja#tie
suojatien	NOUN	suoja#tie
suojattu	VERB	suojata
suojatuna	VERB	suojata
suojautuakseen	VERB	suojautua
suojautumiseksi	NOUN	suojautuminen
suojautumisesta	NOUN	suojautuminen
suojautumista	NOUN	suojautuminen
suojelemiseksi	NOUN	suojeleminen
suojelevat	VERB	suojella
suojeli	VERB	suojella
suojellen	VERB	suojella
suojeltaisiin	VERB	suojella
suojeltavat	VERB	suojella
suojeltiin	VERB	suojella
suojelua	NOUN	suojelu
suojelusenkeliksi	NOUN	suojelus#enkeli
suojeluskuntalaisia	NOUN	suojelus#kuntalainen
suojelussa	NOUN	suojelu
suokkaan	PROPN	Suokas
suolaa	NOUN	suola
suolaisilta	ADJ	suolainen
suolalla	NOUN	suola
suolan	NOUN	suola
suolistosyöpään	NOUN	suolisto#syöpä
suolistotutkimukset	NOUN	suolisto#tutkimus
suoloineen	NOUN	suola
suomalaiseen	ADJ	suomalainen
suomalaisella	NOUN	suomalainen
suomalaiselle	ADJ	suomalainen
suomalaiselle	NOUN	suomalainen
suomalaisen	ADJ	suomalainen
suomalaisen	NOUN	suomalainen
suomalaisena	ADJ	suomalainen
suomalaisessa	ADJ	suomalainen
suomalaisesta	ADJ	suomalainen
suomalaiset	ADJ	suomalainen
suomalaiset	NOUN	suomalainen
suomalaisia	ADJ	suomalainen
suomalaisia	NOUN	suomalainen
suomalaisilla	NOUN	suomalainen
suomalaisille	ADJ	suomalainen
suomalaisille	NOUN	suomalainen
suomalaisilta	ADJ	suomalainen
suomalaisissa	ADJ	suomalainen
suomalaisista	ADJ	suomalainen
suomalaisista	NOUN	suomalainen
suomalaisjuntit	NOUN	suomalais#juntti
suomalaiskoripalloilijana	NOUN	suomalais#kori#palloilija
suomalaismatkailijoiden	NOUN	suomalais#matkailija
suomalaisristeilijöiden	NOUN	suomalais#risteilijä
suomalaista	ADJ	suomalainen
suomalaista	NOUN	suomalainen
suomalaisten	ADJ	suomalainen
suomalaisten	NOUN	suomalainen
suomassa	PROPN	Suomi
suomea	NOUN	suomi
suomea	PROPN	Suomi
suomeen	PROPN	Suomi
suomeksi	NOUN	suomi
suomelle	PROPN	Suomi
suomen	NOUN	suomi
suomen	PROPN	Suomi
suomen-osuudesta	NOUN	Suomi#osuus
suomenkaan	PROPN	Suomi
suomenkieliseen	ADJ	suomen#kielinen
suomenkielisen	ADJ	suomen#kielinen
suomenkielisestä	ADJ	suomen#kielinen
suomenkielisiä	ADJ	suomen#kielinen
suomenlahden	PROPN	Suomenlahti
suomenlammas	NOUN	suomi#lammas
suomenlinnan	PROPN	Suomen#linna
suomenmaalle	PROPN	Suomenmaa
suomenmestaruuksia	NOUN	suomen#mestaruus
suomennan	VERB	suomentaa
suomenojalla	PROPN	Suomenoja
suomensin	VERB	suomentaa
suomessa	PROPN	Suomi
suomessakin	PROPN	Suomi
suomesta	PROPN	Suomi
suomi-havainnot	NOUN	Suomi#havainto
suomi-kuva	NOUN	Suomi#kuva
suomi-venäjä-ottelua	NOUN	Suomi#Venäjä#ottelu
suomikin	PROPN	Suomi
suomileijonat	NOUN	suomi#leijona
suonet	VERB	suoda
suonissaan	NOUN	suoni
suopeita	ADJ	suopea
suoraa	ADJ	suora
suoraan	ADJ	suora
suorakaiteella	NOUN	suora#kaide
suorakaiteen	NOUN	suora#kaide
suorakaiteesta	NOUN	suora#kaide
suorakaiteita	NOUN	suora#kaide
suoraksi	ADJ	suora
suoralta	ADJ	suora
suoran	ADJ	suora
suoran	NOUN	suora
suoranaisesta	ADV	suoranaisesti
suorassa	NOUN	suora
suoraviivaisimmat	ADJ	suora#viivainen
suorin	VERB	suoria
suorina	ADJ	suora
suoriteta	VERB	suorittaa
suoritetaan	VERB	suorittaa
suoritettava	VERB	suorittaa
suoritettavaa	VERB	suorittaa
suoritettavien	VERB	suorittaa
suoritettiin	VERB	suorittaa
suoritetuista	VERB	suorittaa
suorittamaan	VERB	suorittaa
suorittamiin	VERB	suorittaa
suorittamiseen	NOUN	suorittaminen
suorittamisessa	NOUN	suorittaminen
suorittaneesta	VERB	suorittaa
suorittaneet	NOUN	suorittanut
suorittaneet	VERB	suorittaa
suorittaneiden	NOUN	suorittanut
suorittaneiden	VERB	suorittaa
suorittaneille	VERB	suorittaa
suorittaneista	NOUN	suorittanut
suorittaneista	VERB	suorittaa
suorittanut	VERB	suorittaa
suoritti	VERB	suorittaa
suorituksien	NOUN	suoritus
suorituksiin	NOUN	suoritus
suoritusjärjestyksessä	NOUN	suoritus#järjestys
suorituspaineistamme	NOUN	suoritus#paine
suoriudutaan	VERB	suoriutua
suoriuduttava	VERB	suoriutua
suoriutuisimme	VERB	suoriutua
suoriutuneet	VERB	suoriutua
suosi	VERB	suosia
suosii	VERB	suosia
suosikki-lehdissä	PROPN	Suosikki#lehti
suosikkibloggaajatyttöjäni	NOUN	suosikki#bloggaaja#tyttö
suosikkimallia	NOUN	suosikki#malli
suosikkivärieni	NOUN	suosikki#väri
suosimaan	VERB	suosia
suosimalla	VERB	suosia
suosimia	VERB	suosia
suosiolla	NOUN	suosio
suosionosoituksia	NOUN	suosion#osoitus
suosiossa	NOUN	suosio
suosiosta	NOUN	suosio
suosiostaan	NOUN	suosio
suosiota	NOUN	suosio
suosiotaan	NOUN	suosio
suosita	VERB	suosia
suositaan	VERB	suosia
suositellaan	VERB	suositella
suositeltaava	ADJ	suositeltava
suositeltiin	VERB	suositella
suosittelen	VERB	suositella
suosittelivat	VERB	suositella
suosittua	ADJ	suosittu
suosittuna	ADJ	suosittu
suosituimmaksi	ADJ	suosittu
suosituimmalla	ADJ	suosittu
suosituimman	ADJ	suosittu
suosituimmista	ADJ	suosittu
suosituimpana	ADJ	suosittu
suosituimpia	ADJ	suosittu
suosituin	ADJ	suosittu
suosituksen	NOUN	suositus
suositukset	NOUN	suositus
suosituksi	ADJ	suosittu
suositun	ADJ	suosittu
suositusta	NOUN	suositus
suosivana	VERB	suosia
suosivat	VERB	suosia
suostu	VERB	suostua
suostui	VERB	suostua
suostuisi	VERB	suostua
suostuivat	VERB	suostua
suostumuksella	NOUN	suostumus
suostumusta	NOUN	suostumus
suostunu	VERB	suostua
suostunut	VERB	suostua
suostut	VERB	suostua
suostutteko	VERB	suostua
suostuu	VERB	suostua
suotavaa	ADJ	suotava
suotu	VERB	suoda
suotuisan	ADJ	suotuisa
suotuisista	ADJ	suotuisa
suotuisten	ADJ	suotuinen
suovat	VERB	suoda
superbakteerit	NOUN	super#bakteeri
superettaniin	PROPN	Superettan
superliigassa	PROPN	Super#liiga
superpakkasissa	NOUN	super#pakkanen
supersarjassa	NOUN	super#sarja
supertietokoneisiin	NOUN	super#tieto#kone
supertietokoneista	NOUN	super#tieto#kone
supervaltojen	NOUN	super#valta
supistaneet	VERB	supistaa
supistuivat	VERB	supistua
supistumaan	VERB	supistua
supistumista	NOUN	supistuminen
suppeammat	ADJ	suppea
suppeampi	ADJ	suppea
suppeudestaan	NOUN	suppeus
suppilovahveroita	NOUN	suppilo#vahvero
suppilovahverokastikse	NOUN	suppilo#vahvero#kastike
sure	VERB	surra
surevien	VERB	surra
suri	VERB	surra
surkeimmalta	ADJ	surkea
surkeudelta	NOUN	surkeus
surman	NOUN	surma
surmannut	VERB	surmata
surmansa	NOUN	surma
surmasi	VERB	surmata
surmasivat	VERB	surmata
surmautti	VERB	surmauttaa
suru-uutinen	NOUN	suru#uutinen
surua	NOUN	suru
suruaan	NOUN	suru
suruineen	NOUN	suru
surulliseen	ADJ	surullinen
surulliseksi	ADJ	surullinen
surullista	ADJ	surullinen
surunaihe	NOUN	suru#aihe
surunvalittelunsa	NOUN	surun#valittelu
suruun	NOUN	suru
susien	NOUN	susi
susikkaanlammesta	PROPN	Susikkaanlampi
susikunnassa	NOUN	susi#kunta
sut	PRON	sinä
suuaukoilta	NOUN	suu#aukko
suudellut	VERB	suudella
suuhun	NOUN	suu
suuhygieniaansa	NOUN	suu#hygienia
suulle	NOUN	suu
suullisen	ADJ	suullinen
suullista	ADJ	suullinen
suun	NOUN	suu
suunhan	NOUN	suu
suuni	NOUN	suu
suunnalla	NOUN	suunta
suunnan	NOUN	suunta
suunnannut	VERB	suunnata
suunnassa	NOUN	suunta
suunnattaisiin	VERB	suunnata
suunnattiin	VERB	suunnata
suunnattoman	ADJ	suunnaton
suunnattu	VERB	suunnata
suunnattuja	VERB	suunnata
suunnattujen	VERB	suunnata
suunnatut	VERB	suunnata
suunnistan	VERB	suunnistaa
suunnistuksen	NOUN	suunnistus
suunnitellaan	VERB	suunnitella
suunnitelluista	VERB	suunnitella
suunnitellun	VERB	suunnitella
suunnitellusta	VERB	suunnitella
suunnitellut	VERB	suunnitella
suunnitelma-	NOUN	suunnitelma
suunnitelmaa	NOUN	suunnitelma
suunnitelmallista	ADJ	suunnitelmallinen
suunnitelman	NOUN	suunnitelma
suunnitelmat	NOUN	suunnitelma
suunnitelmia	NOUN	suunnitelma
suunnitelmien	NOUN	suunnitelma
suunnitelmiensa	NOUN	suunnitelma
suunnitelmiinsa	NOUN	suunnitelma
suunnitelmissa	NOUN	suunnitelma
suunniteltava	VERB	suunnitella
suunniteltu	VERB	suunnitella
suunniteltua	VERB	suunnitella
suunniteltuja	VERB	suunnitella
suunniteltujen	VERB	suunnitella
suunnittelee	VERB	suunnitella
suunnittelemaa	VERB	suunnitella
suunnittelemasta	VERB	suunnitella
suunnittelemat	VERB	suunnitella
suunnittelemiseen	NOUN	suunnitteleminen
suunnittelet	VERB	suunnitella
suunnittelevat	VERB	suunnitella
suunnitteli	VERB	suunnitella
suunnittelijana	NOUN	suunnittelija
suunnittelullaan	NOUN	suunnittelu
suunnittelun	NOUN	suunnittelu
suunnittelusta	NOUN	suunnittelu
suunnitteluun	NOUN	suunnittelu
suunsa	NOUN	suu
suuntaa	NOUN	suunta
suuntaa	VERB	suunnata
suuntaamalla	VERB	suunnata
suuntaamat	VERB	suunnata
suuntaamisen	NOUN	suuntaaminen
suuntaan	NOUN	suunta
suuntaansa	NOUN	suunta
suuntaavat	VERB	suunnata
suuntaiset	ADJ	suuntainen
suuntasi	VERB	suunnata
suuntasimme	VERB	suunnata
suuntauksia	NOUN	suuntaus
suuntauksista	NOUN	suuntaus
suuntausta	NOUN	suuntaus
suuntautunut	VERB	suuntautua
suuntautunutta	VERB	suuntautua
suuntautuvan	VERB	suuntautua
suuntaviivat	NOUN	suunta#viiva
suuntaviivoissa	NOUN	suunta#viiva
suuntaviivoissaan	NOUN	suunta#viiva
suuntaviivojen	NOUN	suunta#viiva
suuntiin	NOUN	suunta
suupielessä	NOUN	suu#pieli
suupieliin	NOUN	suu#pieli
suupohjan	PROPN	Suu#pohja
suur-bulgarian	PROPN	Suur#Bulgaria
suur-leedsin	PROPN	Suur#Leeds
suureen	ADJ	suuri
suureen	PROPN	Suuri
suureksi	ADJ	suuri
suurella	ADJ	suuri
suurelle	ADJ	suuri
suurelta	ADJ	suuri
suuremman	ADJ	suuri
suuremmasta	ADJ	suuri
suuremmat	ADJ	suuri
suuremmin	ADV	suurempi
suuremmissa	ADJ	suuri
suurempa	ADJ	suuri
suurempaa	ADJ	suuri
suurempi	ADJ	suuri
suurempia	ADJ	suuri
suuren	ADJ	suuri
suurena	ADJ	suuri
suurenee	VERB	suureta
suurenemistaan	NOUN	suureneminen
suureni	VERB	suureta
suurenmoisen	ADJ	suurenmoinen
suuressa	ADJ	suuri
suuresta	ADJ	suuri
suuret	ADJ	suuri
suurhankkeen	NOUN	suur#hanke
suuria	ADJ	suuri
suurien	ADJ	suuri
suuriin	ADJ	suuri
suurikin	ADJ	suuri
suurilta	ADJ	suuri
suurimmaksi	ADJ	suuri
suurimmalla	ADJ	suuri
suurimmalle	ADJ	suuri
suurimmalta	ADJ	suuri
suurimman	ADJ	suuri
suurimmassa	ADJ	suuri
suurimmasta	ADJ	suuri
suurimmat	ADJ	suuri
suurimmissa	ADJ	suuri
suurimmista	ADJ	suuri
suurimpaan	ADJ	suuri
suurimpana	ADJ	suuri
suurimpia	ADJ	suuri
suurimpiin	ADJ	suuri
suurin	ADJ	suuri
suurinta	ADJ	suuri
suuriruhtinaskunnan	NOUN	suuri#ruhtinas#kunta
suurissa	ADJ	suuri
suurista	ADJ	suuri
suurituloisimpien	ADJ	suuri#tuloinen
suurkuluttajatuotteita	NOUN	suur#kuluttaja#tuote
suurkuluttajia	NOUN	suur#kuluttaja
suurlähettiläiden	NOUN	suur#lähettiläs
suurlähettiläänä	NOUN	suur#lähettiläs
suurlähetystön	NOUN	suur#lähetystö
suurmestarien	NOUN	suur#mestari
suuromistajasta	NOUN	suur#omistaja
suurpelaajia	NOUN	suur#pelaaja
suurta	ADJ	suuri
suurtakaan	ADJ	suuri
suurten	ADJ	suuri
suurteoksen	NOUN	suur#teos
suurtuesta	NOUN	suur#tuki
suuruisella	ADJ	suuruinen
suuruisen	ADJ	suuruinen
suuruuteen	NOUN	suuruus
suurvallat	NOUN	suur#valta
suuryritykset	NOUN	suur#yritys
suussa	NOUN	suu
suussaan	NOUN	suu
suust	NOUN	suu
suusta	NOUN	suu
suutaan	NOUN	suu
suuteli	VERB	suudella
suuttimista	NOUN	suutin
suuttuis	VERB	suuttua
suuttumuksen	NOUN	suuttumus
suuttumusta	NOUN	suuttumus
suuttuneena	VERB	suuttua
suutuksissani	ADV	suutuksissa
suvaitsemattomuuteen	NOUN	suvaitsemattomuus
suvaitsemattomuutta	NOUN	suvaitsemattomuus
suvaitsevaisuudella	NOUN	suvaitsevaisuus
suvaitsevaisuuden	NOUN	suvaitsevaisuus
suvaitsevaisuuteen	NOUN	suvaitsevaisuus
suvaitsevaisuutta	NOUN	suvaitsevaisuus
suvereniteetin	NOUN	suvereniteetti
suvereniteettia	NOUN	suvereniteetti
suvi-anne	PROPN	Suvi#Anne
suvivirrestä	NOUN	suvi#virsi
suvun	NOUN	suku
suvusta	NOUN	suku
suxessiin	PROPN	Suxess
sveitsiin	PROPN	Sveitsi
sveitsiläiseksi	ADJ	sveitsiläinen
sveitsin	PROPN	Sveitsi
sydowin	PROPN	Sydow
sydämellä	NOUN	sydän
sydämen	NOUN	sydän
sydämeni	NOUN	sydän
sydämesi	NOUN	sydän
sydämissämme	NOUN	sydän
sydäntäni	NOUN	sydän
sydäntäraastavaa	ADJ	sydäntä#raastava
sydäntäsi	NOUN	sydän
syiden	NOUN	syy
syihin	NOUN	syy
syillä	NOUN	syy
syistä	NOUN	syy
syitä	NOUN	syy
sykkesseen	PROPN	Sykkess
sykkii	VERB	sykkiä
sykkimään	VERB	sykkiä
syksyllä	NOUN	syksy
syksyn	NOUN	syksy
syksynä	NOUN	syksy
syksystä	NOUN	syksy
syksyä	NOUN	syksy
syleilyynsä	NOUN	syleily
syliini	NOUN	syli
syliinsä	NOUN	syli
sylissä	NOUN	syli
sylissään	NOUN	syli
symbaalit	NOUN	symbaali
symbian-käyttöjärjestelmä	NOUN	Symbian#käyttö#järjestelmä
symbian-pohjaisten	ADJ	Symbian#pohjainen
symbolina	NOUN	symboli
symbolista	ADJ	symbolinen
symboloi	VERB	symboloida
symboloivan	VERB	symboloida
sympaattisempi	ADJ	sympaattinen
symposiumeissa	NOUN	symposiumi
symposiumin	NOUN	symposiumi
symposiumissa	NOUN	symposiumi
synergiaetua	NOUN	synergia#etu
synkkiä	ADJ	synkkä
synkkyyteen	NOUN	synkkyys
synny	VERB	syntyä
synnyin	VERB	syntyä
synnyinmaahansa	NOUN	synnyin#maa
synnystä	NOUN	synty
synnytti	VERB	synnyttää
synnyttäen	VERB	synnyttää
synnyttämiin	VERB	synnyttää
synnyttäneet	VERB	synnyttää
synnyttänyt	VERB	synnyttää
synnytyksen	NOUN	synnytys
synnytyksessä	NOUN	synnytys
synnytään	VERB	syntyä
syntaksin	NOUN	syntaksi
syntaksitiedostoa	NOUN	syntaksi#tiedosto
syntaksitiedostoja	NOUN	syntaksi#tiedosto
syntejään	NOUN	synti
syntisiä	ADJ	syntinen
syntiä	NOUN	synti
synttäreillesi	NOUN	synttärit
synttärikakuista	NOUN	synttäri#kakku
synttärilahjaksi	NOUN	synttäri#lahja
synttärit	NOUN	synttäri
syntyi	VERB	syntyä
syntyisi	VERB	syntyä
syntymisaikojenkin	NOUN	syntyä#aika
syntymän	NOUN	syntymä
syntymäpaikkana	NOUN	syntymä#paikka
syntymäpäiväkutsuille	NOUN	syntymä#päivä#kutsut
syntymäpäivän	NOUN	syntymä#päivä
syntymästä	NOUN	syntymä
syntymää	NOUN	syntymä
syntymään	VERB	syntyä
syntyneen	VERB	syntyä
syntyneeseen	VERB	syntyä
syntyneet	VERB	syntyä
syntyneillä	VERB	syntyä
syntyneisiin	VERB	syntyä
syntyneitä	VERB	syntyä
syntynyt	VERB	syntyä
syntysijoilleen	NOUN	synty#sija
syntyvistä	VERB	syntyä
syntyvä	VERB	syntyä
syntyvän	VERB	syntyä
syntyy	VERB	syntyä
syntyyn	NOUN	synty
syrdarjan	PROPN	Syrdarja
syreenien	NOUN	syreeni
syreenit	NOUN	syreeni
syrjimättömyyden	NOUN	syrjimättömyys
syrjinnän	NOUN	syrjintä
syrjinnästä	NOUN	syrjintä
syrjityssä	ADJ	syrjitty
syrjäisille	ADJ	syrjäinen
syrjäisimpiä	ADJ	syrjäinen
syrjäisten	ADJ	syrjäinen
syrjäseutujen	NOUN	syrjä#seutu
syrjäytettyinä	VERB	syrjäyttää
syrjäyttämäksi	VERB	syrjäyttää
syrjäyttämään	VERB	syrjäyttää
syrjään	NOUN	syrjä
sysimustia	ADJ	sysi#musta
systeemiin	NOUN	systeemi
systemsillä	PROPN	Systems
sysätty	VERB	sysätä
syttyi	VERB	syttyä
syttymään	VERB	syttyä
syttyy	VERB	syttyä
sytytti	VERB	sytyttää
sytyttyä	VERB	syttyä
syvenivät	VERB	syvetä
syventämisestä	NOUN	syventäminen
syvimmän	ADJ	syvä
syvimmät	ADJ	syvä
syvimpiä	ADJ	syvä
syvin	ADJ	syvä
syvyistä	ADJ	syvyinen
syvyydeltä	NOUN	syvyys
syvyydessä	NOUN	syvyys
syvyyteen	NOUN	syvyys
syvyyttä	NOUN	syvyys
syvälle	ADJ	syvä
syvällisiä	ADJ	syvällinen
syväluotaavassa	ADJ	syvä#luotaava
syvän	ADJ	syvä
syvänmeren	NOUN	syvä#meri
syvänpunaisia	ADJ	syvä#punainen
syvänsinistä	ADJ	syvän#sininen
syy-yhteyttä	NOUN	syy#yhteys
syyksi	NOUN	syy
syylliseksi	ADJ	syyllinen
syyllisty	VERB	syyllistyä
syyllistyneensä	VERB	syyllistyä
syyllistyvät	VERB	syyllistyä
syyllisyyttä	NOUN	syyllisyys
syyn	NOUN	syy
syynsä	NOUN	syy
syynsäkin	NOUN	syy
syynä	NOUN	syy
syys-lokakuussa	NOUN	syys#lokakuu
syysaamuna	NOUN	syys#aamu
syysillassa	NOUN	syys#ilta
syyskuun	NOUN	syyskuu
syyskuussa	NOUN	syyskuu
syyskuuta	NOUN	syyskuu
syyskärpäset	NOUN	syys#kärpänen
syysloman	NOUN	syys#loma
syysmarkkinoilla	NOUN	syys#markkinat
syysmuotia	NOUN	syys#muoti
syyssateessa	NOUN	syys#sade
syystä	NOUN	syy
syysöinä	NOUN	syys#yö
syyt	NOUN	syy
syytesuojaa	NOUN	syyte#suoja
syytetty	VERB	syyttää
syytettyinä	NOUN	syytetty
syytettyjä	NOUN	syytetty
syytetyistä	NOUN	syytetty
syytetyn	NOUN	syytetty
syytetyt	NOUN	syytetty
syytteen	NOUN	syyte
syytteeseen	NOUN	syyte
syytteestä	NOUN	syyte
syytteet	NOUN	syyte
syytteistä	NOUN	syyte
syytteitä	NOUN	syyte
syytti	VERB	syyttää
syyttäjien	NOUN	syyttäjä
syyttäjän	NOUN	syyttäjä
syyttäjäviranomaiset	NOUN	syyttäjä#viran#omainen
syyttäköön	VERB	syyttää
syyttämättä	VERB	syyttää
syyttänyt	VERB	syyttää
syyttävänä	ADJ	syyttävä
syyttävät	VERB	syyttää
syyttömiä	NOUN	syytön
syyttömänä	ADJ	syytön
syytä	NOUN	syy
syytän	VERB	syyttää
syytökset	NOUN	syytös
syö	VERB	syödä
syödessä	VERB	syödä
syödäkseen	VERB	syödä
syödään	VERB	syödä
syöjään	NOUN	syöjä
syöksee	VERB	syöstä
syöksyi	VERB	syöksyä
syöksyivät	VERB	syöksyä
syöksyjä	NOUN	syöksy
syöksyä	NOUN	syöksy
syömiseen	NOUN	syöminen
syömisen	NOUN	syöminen
syömisten	NOUN	syöminen
syömme	VERB	syödä
syömällä	VERB	syödä
syömättömyyden	NOUN	syömättömyys
syömään	VERB	syödä
syöneiltä	VERB	syödä
syönnin	NOUN	syönti
syönyt	VERB	syödä
syöpäjärjestöjen	NOUN	syöpä#järjestö
syöpäyhdistyksen	NOUN	syöpä#yhdistys
syöpää	NOUN	syöpä
syöpään	NOUN	syöpä
syös	VERB	syödä
syöskyy	VERB	syöksyä
syöstään	VERB	syöstä
syöt	VERB	syödä
syötettiin	VERB	syöttää
syötetään	VERB	syöttää
syötiin	VERB	syödä
syöttämisestä	NOUN	syöttäminen
syöttämistä	NOUN	syöttäminen
syöttöpaikalle	NOUN	syöttö#paikka
syöttöputkien	NOUN	syöttö#putki
syöttöä	NOUN	syöttö
syöty	VERB	syödä
syötäs	VERB	syödä
syötävää	ADJ	syötävä
syötävää	VERB	syödä
syötöllä	NOUN	syöttö
syötön	NOUN	syöttö
syövän	NOUN	syöpä
syövän	VERB	syödä
syövät	VERB	syödä
sä	PRON	sinä
sädettä	NOUN	säde
säestämässä	VERB	säestää
säet	VERB	sä#ei
sähkö-	NOUN	sähkö
sähköikkunoita	NOUN	sähkö#ikkuna
sähköiseen	ADJ	sähköinen
sähköiseksi	ADJ	sähköinen
sähköisen	ADJ	sähköinen
sähköisiä	ADJ	sähköinen
sähköisten	ADJ	sähköinen
sähköistys-	NOUN	sähköistys
sähköistä	ADJ	sähköinen
sähköjohtoa	NOUN	sähkö#johto
sähkökiukaallakin	NOUN	sähkö#kiuas
sähkömagneettista	ADJ	sähkö#magneettinen
sähkömoottorijunaa	NOUN	sähkö#moottori#juna
sähkönsä	NOUN	sähkö
sähköpostia	NOUN	sähkö#posti
sähköpostiin	NOUN	sähkö#posti
sähköpostiinsa	NOUN	sähkö#posti
sähköpostilla	NOUN	sähkö#posti
sähköpostin	NOUN	sähkö#posti
sähköpostissa	NOUN	sähkö#posti
sähköpostit	NOUN	sähkö#posti
sähköstä	NOUN	sähkö
sähkötekniset	ADJ	sähkö#tekninen
sähkötoimisia	ADJ	sähkö#toiminen
sähkötulostaulut	NOUN	sähkö#tulos#taulu
sähkötuotannossa	NOUN	sähkö#tuotanto
sähkövaroja	NOUN	sähkö#vara
sähköön	NOUN	sähkö
sählyn	NOUN	sähly
sählystä	NOUN	sähly
säiden	NOUN	sää
säikähdin	VERB	säikähtää
säikähtääkkä	VERB	säikähtää
säillä	NOUN	sää
säily	VERB	säilyä
säilyi	VERB	säilyä
säilyivät	VERB	säilyä
säilykepersikkaa	NOUN	säilyke#persikka
säilynyt	VERB	säilyä
säilytti	VERB	säilyttää
säilyttämiseksi	NOUN	säilyttäminen
säilyttämistä	NOUN	säilyttäminen
säilyttämään	VERB	säilyttää
säilyttäneet	VERB	säilyttää
säilytyskenttiä	NOUN	säilytys#kenttä
säilyvät	VERB	säilyä
säilyy	VERB	säilyä
säilöväni	VERB	säilöä
säkenöivintä	ADJ	säkenöivä
säkin	NOUN	säkki
säkkeihin	NOUN	säkki
säkkiakkojen	NOUN	säkki#akka
säkkiin	NOUN	säkki
säkkipimeää	ADJ	säkki#pimeä
säkään	PRON	sinä
säkön	PROPN	Säkö
sängyn	NOUN	sänky
sängyssäkin	NOUN	sänky
sängyssään	NOUN	sänky
sängystä	NOUN	sänky
sängystäni	NOUN	sänky
sängyt	NOUN	sänky
sänkykin	NOUN	sänky
sänkyyn	NOUN	sänky
sänkyyni	NOUN	sänky
sänkyä	NOUN	sänky
säntillistä	ADJ	säntillinen
säntäsi	VERB	sännätä
säntäsin	VERB	sännätä
säntäsivät	VERB	sännätä
säpon	PROPN	Säpo
säpsähdin	VERB	säpsähtää
särkee	VERB	särkeä
särkevää	VERB	särkevä
säteet	NOUN	säde
säteilevä	VERB	säteillä
säteili	VERB	säteillä
säteilyntuotto	NOUN	säteily#tuotto
säteilyä	NOUN	säteily
säteisnopeusmittauksilla	NOUN	säteis#nopeus#mittaus
sätkän	NOUN	sätkä
säveleen	NOUN	sävel
sävelet	NOUN	sävel
sävellettyyn	VERB	säveltää
sävellyksiä	NOUN	sävellys
sävellys-	NOUN	sävellys
säveltämiä	VERB	säveltää
säveltämänsä	VERB	säveltää
säveltänyt	VERB	säveltää
sävyisiä	ADJ	sävyinen
sävyn	NOUN	sävy
sävyynsä	NOUN	sävy
sävyä	NOUN	sävy
säväytti	VERB	säväyttää
säädettiin	VERB	säätää
säädettyjä	VERB	säätää
säädettyyn	VERB	säätää
säädettyä	VERB	säätää
säädettävä	VERB	säätää
säädetyin	VERB	säätää
säädetyistä	VERB	säätää
säädetyn	VERB	säätää
säädetyt	VERB	säätää
säädetä	VERB	säätää
säädetään	VERB	säätää
säädyille	NOUN	sääty
säädökseksi	NOUN	säädös
säädöksen	NOUN	säädös
säädökset	NOUN	säädös
säädöksissä	NOUN	säädös
säädöksiä	NOUN	säädös
sääksjärven	PROPN	Sääksjärvi
sääliksi	NOUN	sääli
säälimättömään	ADJ	säälimätön
säälittäviä	ADJ	säälittävä
säälittäväksi	ADJ	säälittävä
säälittävän	ADJ	säälittävä
säälittävää	ADJ	säälittävä
säällä	NOUN	sää
sään	NOUN	sää
säännellään	VERB	säännellä
säännelty	VERB	säännellä
säänneltävä	VERB	säännellä
säännöillä	NOUN	sääntö
säännöistä	NOUN	sääntö
säännökset	NOUN	säännös
säännöksille	NOUN	säännös
säännöksissä	NOUN	säännös
säännöksistä	NOUN	säännös
säännöksiä	NOUN	säännös
säännölliseen	ADJ	säännöllinen
säännölliseksi	ADJ	säännöllinen
säännöllisissä	ADJ	säännöllinen
säännöllisiä	ADJ	säännöllinen
säännösten	NOUN	säännös
säännöstä	NOUN	sääntö
säännöstön	NOUN	säännöstö
säännöstöt	NOUN	säännöstö
säännöstöön	NOUN	säännöstö
säännöt	NOUN	sääntö
sääntelymekanismimme	NOUN	sääntely#mekanismi
sääntelyn	NOUN	sääntely
sääntelypuitteilla	NOUN	sääntely#puite
sääntelyä	NOUN	sääntely
sääntöihin	NOUN	sääntö
sääntöjen	NOUN	sääntö
sääntöjä	NOUN	sääntö
sääntömuutokset	NOUN	sääntö#muutos
sääntömääräisessä	ADJ	sääntö#määräinen
säärensä	NOUN	sääri
sääret	NOUN	sääri
säärillä	NOUN	sääri
säässä	NOUN	sää
säästetty	VERB	säästää
säästettäisiin	VERB	säästää
säästetään	VERB	säästää
säästin	VERB	säästää
säästyi	VERB	säästyä
säästä	NOUN	sää
säästämistä	NOUN	säästäminen
säästöjä	NOUN	säästö
säästökuurin	NOUN	säästö#kuuri
säästötoimia	NOUN	säästö#toimi
säätieteilijät	NOUN	sää#tieteilijä
säätilat	NOUN	sää#tila
säätiön	NOUN	säätiö
säätiöön	NOUN	säätiö
säätyihin	NOUN	sääty
säätyjaon	NOUN	sääty#jako
säätyjen	NOUN	sääty
säätyvaltiopäiville	NOUN	sääty#valtio#päivät
säätyvaltiopäivillä	NOUN	sääty#valtio#päivät
säätämään	VERB	säätää
säätämäänsä	VERB	säätää
säätävä	VERB	säätää
säätävään	VERB	säätää
söi	VERB	syödä
söimme	VERB	syödä
söin	VERB	syödä
söitkö	VERB	syödä
söivätkö	VERB	syödä
söpöt	ADJ	söpö
t-paitaan	NOUN	T#paita
t-sairaalassa	NOUN	T#sairaala
t1ps-sijoitusyhtiön	NOUN	T1ps#sijoitus#yhtiö
t:llä	NOUN	t
taajamissa	NOUN	taajama
taajuudella	NOUN	taajuus
taakan	NOUN	taakka
taakat	NOUN	taakka
taakseen	ADP	taakse
taakseen	ADV	taakse
taakseni	ADV	taakse
taaksensa	ADP	taakse
taalerin	NOUN	taaleri
taannehtivasta	ADJ	taannehtiva
taantui	VERB	taantua
taantuman	NOUN	taantuma
taantumassa	VERB	taantua
taantumasta	NOUN	taantuma
taantumuksellisuudestaan	NOUN	taantumuksellisuus
taaskaa	ADV	taas
taataan	VERB	taata
taatessa	VERB	taata
taattava	VERB	taata
taceista	NOUN	TAC
tadžikistaniin	PROPN	Tadžikistan
taetta	NOUN	tae
tahallista	ADJ	tahallinen
tahdissa	NOUN	tahti
tahdo	VERB	tahtoa
tahdon	NOUN	tahto
tahdon	VERB	tahtoa
tahdossa	NOUN	tahto
tahdosta	NOUN	tahto
tahdostamme	NOUN	tahto
tahdot	VERB	tahtoa
tahitilla	PROPN	Tahiti
tahmeana	ADJ	tahmea
tahmeina	ADJ	tahmea
tahnaan	NOUN	tahna
tahnoja	NOUN	tahna
tahoa	NOUN	taho
tahoille	NOUN	taho
tahoilta	NOUN	taho
tahoja	NOUN	taho
tahojen	NOUN	taho
taholla	NOUN	taho
taholta	NOUN	taho
taholtaan	NOUN	taho
tahraksi	NOUN	tahra
tahran	NOUN	tahra
tahriintunutta	VERB	tahriintua
tahrojen	NOUN	tahra
tahtia	NOUN	tahti
tahtiin	NOUN	tahti
tahtoa	NOUN	tahto
tahtoaan	NOUN	tahto
tahtoisi	VERB	tahtoa
tahtoisikin	VERB	tahtoa
tahtonsa	NOUN	tahto
tahtoo	VERB	tahtoa
tahtoon	NOUN	tahto
tahtovani	VERB	tahtoa
tahtsssszzt	VERB	tahtoa
taida	AUX	taitaa
taidan	AUX	taitaa
taidan	VERB	taitaa
taidatkin	AUX	taitaa
taide-	NOUN	taide
taideakatemiaan	NOUN	taide#akatemia
taidehuutokaupassa	NOUN	taide#huuto#kauppa
taidekauppiaalle	NOUN	taide#kauppias
taidemuseon	NOUN	taide#museo
taideteokseksi	NOUN	taide#teos
taideteollisen	ADJ	taide#teollinen
taidetta	NOUN	taide
taidoille	NOUN	taito
taidoistaan	NOUN	taito
taidon	NOUN	taito
taidot	NOUN	taito
taigametsien	NOUN	taiga#metsä
taikasauvana	NOUN	taika#sauva
taikinaan	NOUN	taikina
taikinana	NOUN	taikina
taikojaan	NOUN	taika
taikomaan	VERB	taikoa
taikurin	NOUN	taikuri
tainneet	AUX	taitaa
tainnu	AUX	taitaa
tainnut	AUX	taitaa
taipumuksesta	NOUN	taipumus
taipuneiden	VERB	taipua
taipuu	VERB	taipua
taipuvat	VERB	taipua
tais	AUX	taitaa
taisi	AUX	taitaa
taisin	AUX	taitaa
taisipa	AUX	taitaa
taistelevan	VERB	taistella
taistelevat	VERB	taistella
taisteli	VERB	taistella
taistelivat	VERB	taistella
taistellakseen	VERB	taistella
taistelleen	VERB	taistella
taistellut	VERB	taistella
taistelua	NOUN	taistelu
taisteluasemilleen	NOUN	taistelu#asema
taistelun	NOUN	taistelu
taistelussa	NOUN	taistelu
taistelutoverini	NOUN	taistelu#toveri
taisteluun	NOUN	taistelu
taistoissa	PROPN	Taisto
taistoja	NOUN	taisto
taistojen	NOUN	taisto
taiston	NOUN	taisto
taistosta	NOUN	taisto
taistot	NOUN	taisto
taitajana	NOUN	taitaja
taitavalla	ADJ	taitava
taitavan	ADJ	taitava
taitavimmin	ADV	taitavasti
taiteelle	NOUN	taide
taiteelliseen	ADJ	taiteellinen
taiteellisilla	ADJ	taiteellinen
taiteen	NOUN	taide
taiteena	NOUN	taide
taiteesta	NOUN	taide
taiteilevalle	VERB	taiteilla
taiteilijan	NOUN	taiteilija
taiteilijaseuran	NOUN	taiteilija#seura
taiteilijoihin	NOUN	taiteilija
taiteille	NOUN	taide
taitekohdissa	NOUN	taite#kohta
taitoa	NOUN	taito
taitoja	NOUN	taito
taitojamme	NOUN	taito
taitojen	NOUN	taito
taitteen	NOUN	taite
taitteessa	NOUN	taite
taitteli	VERB	taitella
taittelukaavioidensa	NOUN	taitella#kaavio
taittoi	VERB	taittaa
taittui	VERB	taittua
taituroi	VERB	taituroida
taivaalla	NOUN	taivas
taivaalle	NOUN	taivas
taivaallista	ADJ	taivaallinen
taivaalta	NOUN	taivas
taivaan	NOUN	taivas
taivaanrannanmaalarit	NOUN	taivaan#ranta#maalari
taivaanrannassa	NOUN	taivaan#ranta
taivaaseen	NOUN	taivas
taivaasta	NOUN	taivas
taivallettiin	VERB	taivaltaa
taivalsi	VERB	taivaltaa
taivaskanavineen	NOUN	taivas#kanava
taivasta	NOUN	taivas
taivut	VERB	taipua
taivutettavan	VERB	taivuttaa
taivutuksessa	NOUN	taivutus
taivutusluokkia	NOUN	taivutus#luokka
taivutusluokkiin	NOUN	taivutus#luokka
taivutuspäätteitä	NOUN	taivutus#pääte
taivutusta	NOUN	taivutus
taiwanin	PROPN	Taiwan
taiwanista	PROPN	Taiwan
tajuamatta	VERB	tajuta
tajuan	VERB	tajuta
tajunnallisuuteen	NOUN	tajunnallisuus
tajunnanvirtaa	NOUN	tajunnan#virta
tajunnu	VERB	tajuta
tajunnut	VERB	tajuta
tajuntansa	NOUN	tajunta
tajusi	VERB	tajuta
tajusin	VERB	tajuta
tajusinkin	VERB	tajuta
tajutakseni	VERB	tajuta
tajuttavaksi	VERB	tajuta
tajuu	VERB	tajuta
taka-akselin	NOUN	taka#akseli
taka-alalle	NOUN	taka#ala
takaa	VERB	taata
takaa-ajajiin	NOUN	takaa-ajaja
takaa-ajossa	NOUN	takaa-ajo
takaajaa	NOUN	takaaja
takaajan	NOUN	takaaja
takaamiseksi	NOUN	takaaminen
takaavan	VERB	taata
takaavat	VERB	taata
takaisesta	ADJ	takainen
takaisinmaksua	NOUN	takaisin#maksu
takaiskin	ADV	takaisin
takajaloilleen	NOUN	taka#jalka
takakireät	ADJ	taka#kireä
takalan	PROPN	Takala
takalokasuojissa	NOUN	taka#loka#suoja
takalokerossa	NOUN	taka#lokero
takanaan	ADV	takana
takanani	ADV	takana
takananna	ADV	takana
takaosassa	NOUN	taka#osa
takaosasta	NOUN	taka#osa
takapajuiseen	ADJ	taka#pajuinen
takapaksin	PROPN	Takapaksi
takapenkin	NOUN	taka#penkki
takapäässä	NOUN	taka#pää
takaraivoon	NOUN	taka#raivo
takareunassa	NOUN	taka#reuna
takaruumiin	NOUN	taka#ruumis
takas	ADV	takaisin
takaseinältä	NOUN	taka#seinä
takasi	VERB	taata
takasinkin	ADV	takaisin
takauskannasta	NOUN	takaus#kanta
takavarikkoon	NOUN	taka#varikko
takavarikoi	VERB	takavarikoida
takavarikoiduille	VERB	takavarikoida
takavarikoidut	VERB	takavarikoida
takavarikoinnin	NOUN	takavarikointi
takavarikoivat	VERB	takavarikoida
takeet	NOUN	tae
takerrumme	VERB	takertua
takertuvat	VERB	takertua
takiani	ADP	takia
takin	NOUN	takki
takinliepeet	NOUN	takki#lieve
takkatulen	NOUN	takka#tuli
takkia	NOUN	takki
takkien	NOUN	takki
takkuillessa	VERB	takkuilla
takkuillut	VERB	takkuilla
takkuiseen	ADJ	takkuinen
taklauspeliin	NOUN	taklaus#peli
takoi	VERB	takoa
taksia	NOUN	taksi
taksiin	NOUN	taksi
taksijonossa	NOUN	taksi#jono
taksin	NOUN	taksi
taksista	NOUN	taksi
taksitolpilla	NOUN	taksi#tolppa
taksoitussihteerinä	NOUN	taksoitus#sihteeri
taktiikat	NOUN	taktiikka
taktiikkaa	NOUN	taktiikka
taktiikkana	NOUN	taktiikka
takuilla	NOUN	takuu
takuulla	NOUN	takuu
takuumaksun	NOUN	takuu#maksu
takuut	NOUN	takuu
talebanin	PROPN	Taleban
talitinttejä	NOUN	tali#tintti
talkiin	NOUN	talk
talkkunapäätäkö	NOUN	talkkuna#pää
tallennettua	VERB	tallentaa
tallentamaa	VERB	tallentaa
tallentamalla	VERB	tallentaa
tallentamatta	VERB	tallentaa
tallentamisen	NOUN	tallentaminen
tallentanut	VERB	tallentaa
tallentumin	NOUN	Talentum
tallettajana	NOUN	tallettaja
tallettajat	NOUN	tallettaja
talletuksia	NOUN	talletus
talletuskoron	NOUN	talletus#korko
talletusten	NOUN	talletus
talletusvelkojen	NOUN	talletus#velka
tallin	NOUN	talli
tallinkilla	PROPN	Tallink
tallinkin	PROPN	Tallink
tallinnaan	PROPN	Tallinna
tallinnan	PROPN	Tallinna
tallinnassa	PROPN	Tallinna
tallissa	NOUN	talli
tallottuja	VERB	talloa
tallustamaan	VERB	tallustaa
taloa	NOUN	talo
taloissaan	NOUN	talo
taloista	NOUN	talo
taloja	NOUN	talo
talojen	NOUN	talo
talokin	NOUN	talo
taloksi	NOUN	talo
talolle	NOUN	talo
talon	NOUN	talo
taloni	NOUN	talo
talonmiehen	NOUN	talon#mies
talonpoikaislevottomuuksista	NOUN	talon#poikais#levottomuus
taloon	NOUN	talo
talossa	NOUN	talo
talosta	NOUN	talo
talot	NOUN	talo
talotekniikan	NOUN	talo#tekniikka
taloudelle	NOUN	talous
taloudellis-poliittinen	ADJ	taloudellis#poliittinen
taloudelliseen	ADJ	taloudellinen
taloudelliselta	ADJ	taloudellinen
taloudellisen	ADJ	taloudellinen
taloudellisena	ADJ	taloudellinen
taloudellisessa	ADJ	taloudellinen
taloudellisesta	ADJ	taloudellinen
taloudelliset	ADJ	taloudellinen
taloudellisia	ADJ	taloudellinen
taloudellisilla	ADJ	taloudellinen
taloudellisilta	ADJ	taloudellinen
taloudellisista	ADJ	taloudellinen
taloudellista	ADJ	taloudellinen
taloudellisten	ADJ	taloudellinen
talouden	NOUN	talous
taloudenhoitajana	NOUN	talouden#hoitaja
taloudenpidosta	NOUN	talouden#pito
taloudenpitoon	NOUN	talouden#pito
taloudessa	NOUN	talous
taloudesta	NOUN	talous
taloudet	NOUN	talous
talouksien	NOUN	talous
talouksiensa	NOUN	talous
talouksissa	NOUN	talous
talouksista	NOUN	talous
talous-	NOUN	talous
talousaikoina	NOUN	talous#aika
talousalueella	NOUN	talous#alue
talousalueen	NOUN	talous#alue
talousalueena	NOUN	talous#alue
talousapupaketista	NOUN	talous#apu#paketti
talousarviossa	NOUN	talous#arvio
talousasiantuntijat	NOUN	talous#asian#tuntija
talousasioista	NOUN	talous#asia
talouselämään	NOUN	talous#elämä
talousfooruminsa	NOUN	talous#foorumi
talousjärjestelmiin	NOUN	talous#järjestelmä
talousjätteitä	NOUN	talous#jäte
talouskasvua	NOUN	talous#kasvu
talouskasvualueeksi	NOUN	talous#kasvu#alue
talouskasvun	NOUN	talous#kasvu
talouskatsauksessaan	NOUN	talous#katsaus
talouskehitystä	NOUN	talous#kehitys
talouskriisin	NOUN	talous#kriisi
talouskriisit	NOUN	talous#kriisi
talousliittoon	NOUN	talous#liitto
talouslinjauksille	NOUN	talous#linjaus
talousmaantieteellisen	ADJ	talous#maan#tieteellinen
talousmetsänhoitoa	NOUN	talous#metsä#hoito
talousmielipiteitä	NOUN	talous#mieli#pide
talousongelmien	NOUN	talous#ongelma
talouspoliittista	ADJ	talous#poliittinen
talouspolitiikan	NOUN	talous#politiikka
talouspolitiikassaan	NOUN	talous#politiikka
talouspolitiikkaa	NOUN	talous#politiikka
talousrakenteita	NOUN	talous#rakenne
taloussanomien	NOUN	talous#sanoma
taloussanomille	PROPN	Taloussanomat
taloustieteen	NOUN	talous#tiede
taloustieteilijät	NOUN	talous#tieteilijä
taloustilanteesta	NOUN	talous#tilanne
taloustutkimuksella	NOUN	talous#tutkimus
taloustutkimuksen	NOUN	talous#tutkimus
talousvaikeuksien	NOUN	talous#vaikeus
talousvaikeuksiin	NOUN	talous#vaikeus
talousvaliokunnassa	NOUN	talous#valio#kunta
talousyhteisön	NOUN	talous#yhteisö
talouteen	NOUN	talous
taloutensa	NOUN	talous
taloutta	NOUN	talous
talovahtina	NOUN	talo#vahti
taloyhtiön	NOUN	talo#yhtiö
taloyhtiössä	NOUN	talo#yhtiö
taloyhtiöt	NOUN	talo#yhtiö
talttuu	VERB	talttua
taltutettua	VERB	taltuttaa
talutettua	VERB	taluttaa
taluttamaan	VERB	taluttaa
talvea	NOUN	talvi
talvehtimispaikoistaan	NOUN	talvehtia#paikka
talvehtineista	VERB	talvehtia
talvehtivat	VERB	talvehtia
talveksi	NOUN	talvi
talvella	NOUN	talvi
talvellakin	NOUN	talvi
talvelle	PROPN	Talve
talven	NOUN	talvi
talven	PROPN	Talve
talvena	NOUN	talvi
talvesta	NOUN	talvi
talvet	NOUN	talvi
talvi-	NOUN	talvi
talviaamun	NOUN	talvi#aamu
talviaikaan	NOUN	talvi#aika
talvikelejä	NOUN	talvi#keli
talvikengät	NOUN	talvi#kenkä
talviolympialaisiin	NOUN	talvi#olympialaiset
talvipakkasella	NOUN	talvi#pakkanen
talvisaikaan	NOUN	talvis#aika
talvisodan	NOUN	talvisota
talvisodassa	NOUN	talvi#sota
talvisotaa	NOUN	talvi#sota
talvitakin	NOUN	talvi#takki
tammelan	PROPN	Tammela
tammelassa	PROPN	Tammela
tammenlehvillä	NOUN	tammen#lehvä
tammi-heinäkuussa	NOUN	tammi#heinäkuu
tammi-kesäkuussa	NOUN	tammi#kesäkuu
tammia	NOUN	tammi
tammikuun	NOUN	tammikuu
tammikuussa	NOUN	tammikuu
tammikuusta	NOUN	tammikuu
tammikuuta	NOUN	tammikuu
tammiliimapuulevystä	NOUN	tammi#liima#puu#levy
tammiston	PROPN	Tammisto
tammitynnyrien	NOUN	tammi#tynnyri
tampereella	PROPN	Tampere
tampereelle	PROPN	Tampere
tampereelta	PROPN	Tampere
tampereen	PROPN	Tampere
tamperelaiset	ADJ	tamperelainen
tamperelaiset	NOUN	tamperelainen
tamperelaisia	NOUN	tamperelainen
tanga-naisia	NOUN	tanga#nainen
tanhuat	NOUN	tanhua
tanskalaisen	ADJ	tanskalainen
tanskalaisena	ADJ	tanskalainen
tanskalaisessa	ADJ	tanskalainen
tanskalaiset	ADJ	tanskalainen
tanskalaisvahvistukset	NOUN	tanskalais#vahvistus
tanskan	PROPN	Tanska
tanskassa	PROPN	Tanska
tansseihin	NOUN	tanssi
tanssi	VERB	tanssia
tanssiaskeleenkin	NOUN	tanssi#askel
tanssien	NOUN	tanssi
tanssiharjoitukset	NOUN	tanssi#harjoitus
tanssii	VERB	tanssia
tanssijalkansa	NOUN	tanssi#jalka
tanssijoita	NOUN	tanssija
tanssikengät	NOUN	tanssi#kenkä
tanssilattiaksi	NOUN	tanssi#lattia
tanssilattialle	NOUN	tanssi#lattia
tanssimaan	VERB	tanssia
tanssimiseen	NOUN	tanssiminen
tanssimista	NOUN	tanssiminen
tanssitaan	VERB	tanssia
tanssittiin	VERB	tanssia
tanssityttöjä	NOUN	tanssi#tyttö
tanssivat	VERB	tanssia
tantereella	NOUN	tantere
tapaa	NOUN	tapa
tapaa	VERB	tavata
tapaamaan	VERB	tavata
tapaamassa	VERB	tavata
tapaamiseen	NOUN	tapaaminen
tapaamisen	NOUN	tapaaminen
tapaamisessa	NOUN	tapaaminen
tapaamisia	NOUN	tapaaminen
tapaamisiin	NOUN	tapaaminen
tapaamisissa	NOUN	tapaaminen
tapaamiskerralle	NOUN	tapaamis#kerta
tapaamista	NOUN	tapaaminen
tapaan	NOUN	tapa
tapaan	VERB	tavata
tapaansa	NOUN	tapa
tapahdu	VERB	tapahtua
tapahduttava	VERB	tapahtua
tapahtui	VERB	tapahtua
tapahtuisi	VERB	tapahtua
tapahtuisivat	VERB	tapahtua
tapahtuivat	VERB	tapahtua
tapahtumaa	NOUN	tapahtuma
tapahtumaan	NOUN	tapahtuma
tapahtumaan	VERB	tapahtua
tapahtumajärjestyksessä	NOUN	tapahtuma#järjestys
tapahtuman	NOUN	tapahtuma
tapahtumapaikkanaan	NOUN	tapahtuma#paikka
tapahtumassa	NOUN	tapahtuma
tapahtumassa	VERB	tapahtua
tapahtumasta	NOUN	tapahtuma
tapahtumat	NOUN	tapahtuma
tapahtumia	NOUN	tapahtuma
tapahtumien	NOUN	tapahtuma
tapahtumiin	NOUN	tapahtuma
tapahtumista	NOUN	tapahtuma
tapahtuneen	NOUN	tapahtunut
tapahtuneen	VERB	tapahtua
tapahtuneeseen	VERB	tapahtua
tapahtuneessa	VERB	tapahtua
tapahtuneesta	VERB	tapahtua
tapahtuneet	VERB	tapahtua
tapahtuneista	VERB	tapahtua
tapahtunut	VERB	tapahtua
tapahtunutkaan	VERB	tapahtua
tapahtunutta	VERB	tapahtua
tapahtuu	VERB	tapahtua
tapahtuva	VERB	tapahtua
tapahtuvaa	VERB	tapahtua
tapahtuvalta	VERB	tapahtua
tapahtuvan	VERB	tapahtua
tapahtuvassa	VERB	tapahtua
tapahtuvat	VERB	tapahtua
tapahtuvien	VERB	tapahtua
tapailivat	VERB	tapailla
tapan	VERB	tappaa
tapana	NOUN	tapa
tapanilan	PROPN	Tapanila
tapaninpäivän	NOUN	tapanin#päivä
tapansa	NOUN	tapa
tapasi	VERB	tavata
tapasimme	VERB	tavata
tapasin	VERB	tavata
tapauksen	NOUN	tapaus
tapauksena	NOUN	tapaus
tapauksessa	NOUN	tapaus
tapauksesta	NOUN	tapaus
tapaukset	NOUN	tapaus
tapauksia	NOUN	tapaus
tapauksiin	NOUN	tapaus
tapauksissa	NOUN	tapaus
tapauskohtaisen	ADJ	tapaus#kohtainen
tapausta	NOUN	tapaus
tapausten	NOUN	tapaus
tapellut	VERB	tapella
tapetaan	VERB	tappaa
tapiola-ryhmän	NOUN	Tapiola#ryhmä
tapiolaa	PROPN	Tapiola
tapiolaan	PROPN	Tapiola
tapiolalle	PROPN	Tapiola
tapiolan	PROPN	Tapiola
tapoja	NOUN	tapa
tapojaan	NOUN	tapa
tapojen	NOUN	tapa
tappaisit	VERB	tappaa
tappamaan	VERB	tappaa
tappamista	NOUN	tappaminen
tappaneet	VERB	tappaa
tappelevat	VERB	tapella
tappio-ottelussa	NOUN	tappio#ottelu
tappioin	NOUN	tappio
tappioista	NOUN	tappio
tappioita	NOUN	tappio
tappiolla	NOUN	tappio
tappiolle	NOUN	tappio
tappiolliseksi	ADJ	tappiollinen
tappiollisena	ADJ	tappiollinen
tappion	NOUN	tappio
tappoikin	VERB	tappaa
tapponsa	NOUN	tappo
tappouhkauksia	NOUN	tappo#uhkaus
tapulia	NOUN	tapuli
taputtaisitte	VERB	taputtaa
taputtelemalla	VERB	taputella
taputti	VERB	taputtaa
taputtivat	VERB	taputtaa
tarhan	NOUN	tarha
tariffiin	NOUN	tariffi
tarinaa	NOUN	tarina
tarinaksi	NOUN	tarina
tarinan	NOUN	tarina
tarinaperinnettä	NOUN	tarina#perinne
tarinasta	NOUN	tarina
tarinat	NOUN	tarina
tarinoita	NOUN	tarina
tarinoitaan	NOUN	tarina
tarjoa	VERB	tarjota
tarjoaa	VERB	tarjota
tarjoajat	NOUN	tarjoaja
tarjoama	VERB	tarjota
tarjoamaa	VERB	tarjota
tarjoamaan	VERB	tarjota
tarjoamalla	VERB	tarjota
tarjoaman	VERB	tarjota
tarjoamasta	VERB	tarjota
tarjoamia	VERB	tarjota
tarjoamisen	NOUN	tarjoaminen
tarjoavat	VERB	tarjota
tarjoavia	VERB	tarjota
tarjoavien	NOUN	tarjoava
tarjoavien	VERB	tarjota
tarjoilijan	NOUN	tarjoilija
tarjoiltu	VERB	tarjoilla
tarjoilua	NOUN	tarjoilu
tarjonneet	VERB	tarjota
tarjonnut	VERB	tarjota
tarjontaan	NOUN	tarjonta
tarjosi	VERB	tarjota
tarjosin	VERB	tarjota
tarjotaan	VERB	tarjota
tarjottaisiin	VERB	tarjota
tarjottiin	VERB	tarjota
tarjottujen	VERB	tarjota
tarjouduttava	VERB	tarjoutua
tarjouksen	NOUN	tarjous
tarjoukset	NOUN	tarjous
tarjouksiä	NOUN	tarjous
tarjouskilpailun	NOUN	tarjous#kilpailu
tarjousten	NOUN	tarjous
tarjoutuu	VERB	tarjoutua
tarkalla	ADJ	tarkka
tarkan	ADJ	tarkka
tarkasta	ADJ	tarkka
tarkastajia	NOUN	tarkastaja
tarkastajien	NOUN	tarkastaja
tarkastamaan	VERB	tarkastaa
tarkastamalla	VERB	tarkastaa
tarkastelee	VERB	tarkastella
tarkastelemaan	VERB	tarkastella
tarkastelemalla	VERB	tarkastella
tarkastelemme	VERB	tarkastella
tarkasteli	VERB	tarkastella
tarkastelisimme	VERB	tarkastella
tarkastellaan	VERB	tarkastella
tarkastellaanpa	VERB	tarkastella
tarkastellen	VERB	tarkastella
tarkastellessaan	VERB	tarkastella
tarkasteltavissa	VERB	tarkastella
tarkasteltiin	VERB	tarkastella
tarkastelua	NOUN	tarkastelu
tarkasteluista	NOUN	tarkastelu
tarkastelun	NOUN	tarkastelu
tarkastelussa	NOUN	tarkastelu
tarkastettava	VERB	tarkastaa
tarkastettiin	VERB	tarkastaa
tarkastuksesta	NOUN	tarkastus
tarkastuksista	NOUN	tarkastus
tarkastuskierrokselle	NOUN	tarkastus#kierros
tarkastuskäynneistä	NOUN	tarkastus#käynti
tarkastuskäyntejä	NOUN	tarkastus#käynti
tarkastuskäyntien	NOUN	tarkastus#käynti
tarkastusta	NOUN	tarkastus
tarkastusten	NOUN	tarkastus
tarkat	ADJ	tarkka
tarkemmat	ADJ	tarkka
tarkempaa	ADJ	tarkka
tarkempi	ADJ	tarkka
tarkenevat	VERB	tarjeta
tarkenisinkin	VERB	tarjeta
tarkennuksen	NOUN	tarkennus
tarkennusta	NOUN	tarkennus
tarkista	VERB	tarkistaa
tarkistaakseen	VERB	tarkistaa
tarkistaaksesi	VERB	tarkistaa
tarkistamaan	VERB	tarkistaa
tarkistamassa	VERB	tarkistaa
tarkistamiseen	NOUN	tarkistaminen
tarkistamiseksi	NOUN	tarkistaminen
tarkistamisen	NOUN	tarkistaminen
tarkistamista	NOUN	tarkistaminen
tarkistat	VERB	tarkistaa
tarkistavat	VERB	tarkistaa
tarkistettava	VERB	tarkistaa
tarkistettu	VERB	tarkistaa
tarkistetut	VERB	tarkistaa
tarkisti	VERB	tarkistaa
tarkistimia	NOUN	tarkistin
tarkistin	VERB	tarkistaa
tarkistukseemme	NOUN	tarkistus
tarkistuksen	NOUN	tarkistus
tarkistuksessa	NOUN	tarkistus
tarkistukset	NOUN	tarkistus
tarkistuksia	NOUN	tarkistus
tarkistuksin	NOUN	tarkistus
tarkistuksista	NOUN	tarkistus
tarkistuksistamme	NOUN	tarkistus
tarkistusehdotukset	NOUN	tarkistus#ehdotus
tarkistusta	NOUN	tarkistus
tarkistusten	NOUN	tarkistus
tarkkaa	ADJ	tarkka
tarkkaavaisissa	ADJ	tarkkaavainen
tarkkaavaisuudestanne	NOUN	tarkkaavaisuus
tarkkailemaan	VERB	tarkkailla
tarkkailemme	VERB	tarkkailla
tarkkailen	VERB	tarkkailla
tarkkailevassa	ADJ	tarkkaileva
tarkkaili	VERB	tarkkailla
tarkkailijaksi	NOUN	tarkkailija
tarkkailijana	NOUN	tarkkailija
tarkkailijat	NOUN	tarkkailija
tarkkailijoiden	NOUN	tarkkailija
tarkkailijoina	NOUN	tarkkailija
tarkkaillaan	VERB	tarkkailla
tarkkailukykyyni	NOUN	tarkkailu#kyky
tarkkailuryhmien	NOUN	tarkkailu#ryhmä
tarkkoihin	ADJ	tarkka
tarkkoja	ADJ	tarkka
tarkkuudella	NOUN	tarkkuus
tarkkuuden	NOUN	tarkkuus
tarkkuusvaatimukset	NOUN	tarkkuus#vaatimus
tarkkuutta	NOUN	tarkkuus
tarkoita	VERB	tarkoittaa
tarkoitan	VERB	tarkoittaa
tarkoitetaan	VERB	tarkoittaa
tarkoitettu	VERB	tarkoittaa
tarkoitettua	VERB	tarkoittaa
tarkoitettuihin	VERB	tarkoittaa
tarkoitettuja	VERB	tarkoittaa
tarkoitettujen	VERB	tarkoittaa
tarkoitettuun	VERB	tarkoittaa
tarkoitetuilla	VERB	tarkoittaa
tarkoitetuille	VERB	tarkoittaa
tarkoitetuissa	VERB	tarkoittaa
tarkoitetuista	VERB	tarkoittaa
tarkoitetulla	VERB	tarkoittaa
tarkoitetun	VERB	tarkoittaa
tarkoitetussa	VERB	tarkoittaa
tarkoitetusta	VERB	tarkoittaa
tarkoitetut	VERB	tarkoittaa
tarkoittaman	VERB	tarkoittaa
tarkoittanut	VERB	tarkoittaa
tarkoittavan	VERB	tarkoittaa
tarkoittavana	VERB	tarkoittaa
tarkoittavasta	VERB	tarkoittaa
tarkoittavat	VERB	tarkoittaa
tarkoittavia	VERB	tarkoittaa
tarkoitti	VERB	tarkoittaa
tarkoittiko	VERB	tarkoittaa
tarkoittivat	VERB	tarkoittaa
tarkoitukseen	NOUN	tarkoitus
tarkoituksella	NOUN	tarkoitus
tarkoituksena	NOUN	tarkoitus
tarkoituksenaan	NOUN	tarkoitus
tarkoituksenani	NOUN	tarkoitus
tarkoitukseni	NOUN	tarkoitus
tarkoituksenmukaisella	ADJ	tarkoituksen#mukainen
tarkoituksenmukaiset	ADJ	tarkoituksen#mukainen
tarkoituksesta	NOUN	tarkoitus
tarkoituksia	NOUN	tarkoitus
tarkoituksiin	NOUN	tarkoitus
tarkoituksista	NOUN	tarkoitus
tarkoitusperiensä	NOUN	tarkoitus#perä
tarkoitusta	NOUN	tarkoitus
tarkottaa	VERB	tarkoittaa
tarmokkaammin	ADV	tarmokkaasti
tarmokkuudestaan	NOUN	tarmokkuus
tarpeella	NOUN	tarve
tarpeellisia	ADJ	tarpeellinen
tarpeen	NOUN	tarve
tarpeensa	NOUN	tarve
tarpeeseen	NOUN	tarve
tarpeet	NOUN	tarve
tarpeettomaksi	ADJ	tarpeeton
tarpeisiin	NOUN	tarve
tarpeisiini	NOUN	tarve
tarpeista	NOUN	tarve
tarpeita	NOUN	tarve
tarpeitaan	NOUN	tarve
tarpoo	VERB	tarpoa
tarposen	PROPN	Tarponen
tarroihin	NOUN	tarra
tarttee	AUX	tarvita
tartti	VERB	tarvita
tarttittiin	VERB	tarvita
tarttui	VERB	tarttua
tarttumaan	VERB	tarttua
tarttumalla	VERB	tarttua
tarttunut	VERB	tarttua
tarttuu	VERB	tarttua
tarttuvan	ADJ	tarttuva
tartu	VERB	tarttua
tartun	VERB	tarttua
tartutaan	VERB	tarttua
taruako	NOUN	taru
tarvetta	NOUN	tarve
tarvikkeita	NOUN	tarvike
tarvinnut	AUX	tarvita
tarvinnut	VERB	tarvita
tarvis	AUX	tarvita
tarvitaan	VERB	tarvita
tarvitaanko	VERB	tarvita
tarvitse	AUX	tarvita
tarvitse	VERB	tarvita
tarvitsee	VERB	tarvita
tarvitsekaan	AUX	tarvita
tarvitsemia	VERB	tarvita
tarvitsemme	VERB	tarvita
tarvitsevan	VERB	tarvita
tarvitsevat	VERB	tarvita
tarvitsevatko	VERB	tarvita
tarvitsi	VERB	tarvita
tarvitsin	VERB	tarvita
tarvitsisi	AUX	tarvita
tarvitsisimme	VERB	tarvita
tarvitsisin	VERB	tarvita
tarvitsivat	VERB	tarvita
tarvittaessa	VERB	tarvita
tarvittaisiin	VERB	tarvita
tarvittavaa	VERB	tarvita
tarvittavan	ADJ	tarvittava
tarvittavan	VERB	tarvita
tarvittavat	ADJ	tarvittava
tarvittavat	VERB	tarvita
tarvittavia	ADJ	tarvittava
tarvittavia	VERB	tarvita
tarvittavien	ADJ	tarvittava
tarvittavien	VERB	tarvita
tarvittavista	VERB	tarvita
tarvittiin	VERB	tarvita
tarvittu	VERB	tarvita
tarvittukaan	VERB	tarvita
tasa-arvo	NOUN	tasa#arvo
tasa-arvoa	NOUN	tasa#arvo
tasa-arvoiset	ADJ	tasa#arvoinen
tasa-arvolain	NOUN	tasa#arvo#laki
tasa-arvoministeriksi	NOUN	tasa#arvo#ministeri
tasa-arvoperiaatteen	NOUN	tasa#arvo#periaate
tasaannutetaan	VERB	tasaannuttaa
tasaiseksi	ADJ	tasainen
tasaisen	ADJ	tasainen
tasaisessa	ADJ	tasainen
tasaisia	ADJ	tasainen
tasaista	ADJ	tasainen
tasakatoista	NOUN	tasa#katto
tasanteella	NOUN	tasanne
tasapainoa	NOUN	tasa#paino
tasapainoilee	VERB	tasa#painoilla
tasapainolle	NOUN	tasa#paino
tasapainon	NOUN	tasa#paino
tasapainottamistoimien	NOUN	tasapainottamis#toimi
tasapelistä	NOUN	tasa#peli
tasapuolisen	ADJ	tasa#puolinen
tasatahtiin	NOUN	tasa#tahti
tasattu	VERB	tasata
tasavallaksi	NOUN	tasa#valta
tasavallalla	NOUN	tasa#valta
tasavallalle	NOUN	tasa#valta
tasavallan	NOUN	tasa#valta
tasavallassa	NOUN	tasa#valta
tasavärisempi	ADJ	tasa#värinen
tase-eriä	NOUN	tase#erä
taseen	NOUN	tase
taseeseen	NOUN	tase
taseesta	NOUN	tase
tasetilastoista	NOUN	tase#tilasto
tasetilastojen	NOUN	tase#tilasto
tasettaan	NOUN	tase
taskussa	NOUN	tasku
taskustani	NOUN	tasku
taskuun	NOUN	tasku
taskuuni	NOUN	tasku
tasoa	NOUN	taso
tasoeroista	NOUN	taso#ero
tasoilla	NOUN	taso
tasoisesta	ADJ	tasoinen
tasoista	NOUN	taso
tasoittui	VERB	tasoittua
tasoituksen	NOUN	tasoitus
tasoitusjärjestelyn	NOUN	tasoitus#järjestely
tasoitustulleja	NOUN	tasoitus#tulli
tasoja	NOUN	taso
tasolla	NOUN	taso
tasolle	NOUN	taso
tasolta	NOUN	taso
tasoltaan	NOUN	taso
tason	NOUN	taso
tasosta	NOUN	taso
tasot	NOUN	taso
tassuttelee	VERB	tassutella
tataarien	NOUN	tataari
tataarin	NOUN	tataari
tatuoituna	VERB	tatuoida
taudin	NOUN	tauti
taudinvastaista	ADJ	taudin#vastainen
taudista	NOUN	tauti
taukotupaan	NOUN	tauko#tupa
tauluissa	NOUN	taulu
taulujen	NOUN	taulu
taulukoiden	NOUN	taulukko
taulukoissa	NOUN	taulukko
taulukon	NOUN	taulukko
taulukossa	NOUN	taulukko
taululle	NOUN	taulu
taulun	NOUN	taulu
taulussa	NOUN	taulu
taulutilaa	NOUN	taulu#tila
taulutkin	NOUN	taulu
tauluun	NOUN	taulu
tauoista	NOUN	tauko
tauolla	NOUN	tauko
tauon	NOUN	tauko
tauotuksia	NOUN	tauotus
taureja	PROPN	tauri
taurien	PROPN	Tauri
taustaa	NOUN	tausta
taustakirjallisuutta	NOUN	tausta#kirjallisuus
taustalla	NOUN	tausta
taustalle	NOUN	tausta
taustan	NOUN	tausta
taustansa	NOUN	tausta
taustaprojisointikaan	NOUN	tausta#projisointi
taustasta	NOUN	tausta
taustavaikuttajana	NOUN	tausta#vaikuttaja
taustoihin	NOUN	tausta
taustoista	NOUN	tausta
taustoja	NOUN	tausta
tautien	NOUN	tauti
tautiin	NOUN	tauti
tavaksi	NOUN	tapa
tavalla	NOUN	tapa
tavalliseen	ADJ	tavallinen
tavallisen	ADJ	tavallinen
tavallisena	ADJ	tavallinen
tavalliset	ADJ	tavallinen
tavallisiin	ADJ	tavallinen
tavallista	ADJ	tavallinen
tavallisten	ADJ	tavallinen
tavan	NOUN	tapa
tavannukkaan	VERB	tavata
tavannut	VERB	tavata
tavanomaisen	ADJ	tavan#omainen
tavanomaisessa	ADJ	tavan#omainen
tavanomaisesta	ADJ	tavan#omainen
tavanomaiset	ADJ	tavan#omainen
tavanomaisissa	ADJ	tavan#omainen
tavaraa	NOUN	tavara
tavarakuljetukseen	NOUN	tavara#kuljetus
tavarakuljetuksia	NOUN	tavara#kuljetus
tavarakuljetuksiin	NOUN	tavara#kuljetus
tavarakuljetuksilla	NOUN	tavara#kuljetus
tavarakuljetusten	NOUN	tavara#kuljetus
tavarakuormasta	NOUN	tavara#kuorma
tavaraliikenteen	NOUN	tavara#liikenne
tavaramerkillemme	NOUN	tavara#merkki
tavaramerkillä	NOUN	tavara#merkki
tavaramerkin	NOUN	tavara#merkki
tavaramerkkien	NOUN	tavara#merkki
tavaramerkkiin	NOUN	tavara#merkki
tavaramerkkiriidoista	NOUN	tavara#merkki#riita
tavaramerkkisuojasta	NOUN	tavara#merkki#suoja
tavaramerkkiväärennösten	NOUN	tavara#merkki#väärennös
tavaramerkkiä	NOUN	tavara#merkki
tavaramerkkiään	NOUN	tavara#merkki
tavaran	NOUN	tavara
tavaranpaljous	NOUN	tavara#paljous
tavarantoimittajien	NOUN	tavara#toimittaja
tavarat	NOUN	tavara
tavarataloa	NOUN	tavara#talo
tavarataloketjun	NOUN	tavara#talo#ketju
tavaratalon	NOUN	tavara#talo
tavaratalot	NOUN	tavara#talo
tavaratkin	NOUN	tavara
tavaravaa	NOUN	tavara
tavaroiden	NOUN	tavara
tavaroihin	NOUN	tavara
tavaroilla	NOUN	tavara
tavaroille	NOUN	tavara
tavaroista	NOUN	tavara
tavaroistaan	NOUN	tavara
tavaroita	NOUN	tavara
tavaroitamme	NOUN	tavara
tavasta	NOUN	tapa
tavastialla	PROPN	Tavastia
tavataan	VERB	tavata
tavatessani	VERB	tavata
tavattava	VERB	tavata
tavattiin	VERB	tavata
tavattoman	ADJ	tavaton
tavattu	VERB	tavata
tavattuaan	VERB	tavata
tavernierin	PROPN	Tavernier
tavexin	PROPN	Tavex
tavitsee	VERB	tarvita
tavoin	NOUN	tapa
tavoista	NOUN	tapa
tavoita	VERB	tavoittaa
tavoitehintaa	NOUN	tavoite#hinta
tavoitelleet	VERB	tavoitella
tavoitellessaan	VERB	tavoitella
tavoitelluin	ADJ	tavoiteltu
tavoiteltaessa	VERB	tavoitella
tavoitetta	NOUN	tavoite
tavoitettani	NOUN	tavoite
tavoittamaan	VERB	tavoittaa
tavoittamattomissa	VERB	tavoittaa
tavoittavat	VERB	tavoittaa
tavoitteemme	NOUN	tavoite
tavoitteen	NOUN	tavoite
tavoitteena	NOUN	tavoite
tavoitteenaan	NOUN	tavoite
tavoitteenani	NOUN	tavoite
tavoitteensa	NOUN	tavoite
tavoitteessaan	NOUN	tavoite
tavoitteet	NOUN	tavoite
tavoitteiden	NOUN	tavoite
tavoitteisiin	NOUN	tavoite
tavoitteisiinsa	NOUN	tavoite
tavoitteista	NOUN	tavoite
tavoitteita	NOUN	tavoite
tavoittelee	VERB	tavoitella
tavoittelussa	NOUN	tavoittelu
tavun	NOUN	tavu
taxikeskuksen	NOUN	taxi#keskus
taxikuskeilta	NOUN	taxi#kuski
taxisäätöjen	NOUN	taksi#säätö
tbilisin	PROPN	Tbilis
tbilisissä	PROPN	Tbilis
tbilisistä	PROPN	Tbilis
tcl:lle	PROPN	Tcl
tcsm:n	PROPN	TCSM
te	PRON	sinä
teamissa	PROPN	Team
teatraalisen	ADJ	teatraalinen
teattereille	NOUN	teatteri
teatterikesän	NOUN	teatteri#kesä
teatterissa	NOUN	teatteri
tee	VERB	tehdä
tee-se-itse	ADV	tee#se#itse
teeastiastoni	NOUN	tee#astiasto
teehuoneen	NOUN	tee#huone
teehuoneeseen	NOUN	tee#huone
teekkareita	NOUN	teekkari
teekkaria	NOUN	teekkari
teekkarijäynistä	NOUN	teekkari#jäynä
teekkarijäynätkin	NOUN	teekkari#jäynä
teekkarin	NOUN	teekkari
teekkarit	NOUN	teekkari
teekkaritalolla	NOUN	teekkari#talo
teekkaritalolle	NOUN	teekkari#talo
teekkaritalolle	PROPN	Teekkaritalo
teekkaritalolta	NOUN	teekkari#talo
teekkaritkin	NOUN	teekkari
teekuppiin	NOUN	tee#kuppi
teemaksi	NOUN	teema
teeman	NOUN	teema
teemana	NOUN	teema
teemasivu:politiikka	NOUN	Teemasivu#Politiikka
teemassa	NOUN	teema
teemasta	NOUN	teema
teemat	NOUN	teema
teemme	VERB	tehdä
teemoiksi	NOUN	teema
teen	NOUN	tee
teen	VERB	tehdä
teenkin	VERB	tehdä
teenkö	VERB	tehdä
teepusseja	NOUN	tee#pussi
teesiä	NOUN	teesi
teeskenneltyä	VERB	teeskennellä
teeskentelee	VERB	teeskennellä
teestä	NOUN	tee
teet	VERB	tehdä
teetin	VERB	teettää
teettivät	VERB	teettää
teettämisestä	NOUN	teettäminen
teettämä	VERB	teettää
teettämässä	VERB	teettää
teetä	NOUN	tee
tehdasalueen	NOUN	tehdas#alue
tehden	VERB	tehdä
tehdessä	VERB	tehdä
tehdessään	VERB	tehdä
tehdyissä	VERB	tehdä
tehdyistä	VERB	tehdä
tehdylle	VERB	tehdä
tehdyllä	VERB	tehdä
tehdyn	VERB	tehdä
tehdyssä	VERB	tehdä
tehdystä	VERB	tehdä
tehdään	VERB	tehdä
tehköön	VERB	tehdä
tehneen	VERB	tehdä
tehneet	VERB	tehdä
tehny	VERB	tehdä
tehnyt	VERB	tehdä
tehnytkin	VERB	tehdä
teho-osastohoitajien	NOUN	teho#osasto#hoitaja
tehoaa	VERB	tehota
tehoista	ADJ	tehoinen
tehokasta	ADJ	tehokas
tehokeinona	NOUN	teho#keino
tehokkaaksi	ADJ	tehokas
tehokkaammin	ADV	tehokkaasti
tehokkaampia	ADJ	tehokas
tehokkaan	ADJ	tehokas
tehokkaaseen	ADJ	tehokas
tehokkaassa	ADJ	tehokas
tehokkaasta	ADJ	tehokas
tehokkain	ADJ	tehokas
tehokkaita	ADJ	tehokas
tehokkuuteen	NOUN	tehokkuus
teholla	NOUN	teho
tehona	NOUN	teho
tehonneet	VERB	tehota
tehopistettä	NOUN	teho#piste
tehostanut	VERB	tehostaa
tehosteeksi	NOUN	tehoste
tehostetaan	VERB	tehostaa
tehostettaessa	VERB	tehostaa
tehostettava	VERB	tehostaa
tehottoman	ADJ	tehoton
tehottomia	ADJ	tehoton
tehtaalla	NOUN	tehdas
tehtaan	NOUN	tehdas
tehtaassa	NOUN	tehdas
tehtaiden	NOUN	tehdas
tehtailtiin	VERB	tehtailla
tehtiin	VERB	tehdä
tehtiinkin	VERB	tehdä
tehty	VERB	tehdä
tehtyjen	VERB	tehdä
tehtyjä	VERB	tehdä
tehtynä	VERB	tehdä
tehtyyn	VERB	tehdä
tehtyä	VERB	tehdä
tehtyäni	VERB	tehdä
tehtyään	VERB	tehdä
tehtäessä	VERB	tehdä
tehtävien	NOUN	tehtävä
tehtävien	VERB	tehdä
tehtäviin	VERB	tehdä
tehtäville	VERB	tehdä
tehtävissä	NOUN	tehtävä
tehtävistä	NOUN	tehtävä
tehtävistä	VERB	tehdä
tehtävistään	NOUN	tehtävä
tehtäviä	NOUN	tehtävä
tehtäviä	VERB	tehdä
tehtäviään	NOUN	tehtävä
tehtävä	VERB	tehdä
tehtäväkseen	NOUN	tehtävä
tehtäväluetteloita	NOUN	tehtävä#luettelo
tehtävämme	NOUN	tehtävä
tehtävän	NOUN	tehtävä
tehtävänmäärityksen	NOUN	tehtävä#määritys
tehtävänsä	NOUN	tehtävä
tehtävänä	NOUN	tehtävä
tehtävänäni	NOUN	tehtävä
tehtävänään	NOUN	tehtävä
tehtävässä	NOUN	tehtävä
tehtävässään	NOUN	tehtävä
tehtävästään	NOUN	tehtävä
tehtävät	NOUN	tehtävä
tehtävää	NOUN	tehtävä
tehtävään	NOUN	tehtävä
tehy-neuvotteluissa	NOUN	Tehy#neuvottelu
tehyn	PROPN	Tehy
teiden	NOUN	tie
teidän	PRON	sinä
teidät	PRON	sinä
teihin	PRON	sinä
teilasi	VERB	teilata
teille	NOUN	tie
teille	PRON	sinä
teillä	PRON	sinä
teiltä	PRON	sinä
teimme	VERB	tehdä
tein	VERB	tehdä
teinileffoissa	NOUN	teini#leffa
teinipojat	NOUN	teini#poika
teinkin	VERB	tehdä
teinpä	VERB	tehdä
teippaukset	NOUN	teippaus
teiskosta	PROPN	Teisko
teistä	PRON	sinä
teit	VERB	tehdä
teitä	NOUN	tie
teitä	PRON	sinä
teivon	PROPN	Teivo
tekee	VERB	tehdä
tekeekin	VERB	tehdä
tekeekö	VERB	tehdä
tekemiensä	VERB	tehdä
tekemiin	VERB	tehdä
tekemiseen	NOUN	tekeminen
tekemiseksi	NOUN	tekeminen
tekemiselle	NOUN	tekeminen
tekemisen	NOUN	tekeminen
tekemisestä	NOUN	tekeminen
tekemisissä	NOUN	tekeminen
tekemistä	NOUN	tekeminen
tekemiäni	VERB	tehdä
tekemiään	VERB	tehdä
tekemä	VERB	tehdä
tekemällä	VERB	tehdä
tekemän	VERB	tehdä
tekemäni	VERB	tehdä
tekemänsä	VERB	tehdä
tekemässä	VERB	tehdä
tekemästä	VERB	tehdä
tekemästään	VERB	tehdä
tekemättä	VERB	tehdä
tekemää	VERB	tehdä
tekemään	VERB	tehdä
tekemäänsä	VERB	tehdä
tekevien	VERB	tehdä
tekeville	VERB	tehdä
tekevä	VERB	tehdä
tekeväni	VERB	tehdä
tekevät	VERB	tehdä
tekevää	VERB	tehdä
tekevään	VERB	tehdä
teki	VERB	tehdä
tekijäksi	NOUN	tekijä
tekijälle	NOUN	tekijä
tekijän	NOUN	tekijä
tekijänoikeuden	NOUN	tekijän#oikeus
tekijänoikeuksia	NOUN	tekijän#oikeus
tekijänoikeuksien	NOUN	tekijän#oikeus
tekijänoikeuskeskustelun	NOUN	tekijän#oikeus#keskustelu
tekijänoikeuskiistojen	NOUN	tekijän#oikeus#kiista
tekijänoikeuslainsäädännön	NOUN	tekijän#oikeus#lain#säädäntö
tekijänoikeusrikoksiin	NOUN	tekijän#oikeus#rikos
tekijänoikeutta	NOUN	tekijän#oikeus
tekijästä	NOUN	tekijä
tekijät	NOUN	tekijä
tekijää	NOUN	tekijä
tekijöiden	NOUN	tekijä
tekijöille	NOUN	tekijä
tekijöistä	NOUN	tekijä
tekijöitä	NOUN	tekijä
tekikin	VERB	tehdä
tekisi	VERB	tehdä
tekisimme	VERB	tehdä
tekisin	VERB	tehdä
tekisivät	VERB	tehdä
tekivät	VERB	tehdä
tekivätkö	VERB	tehdä
tekniikan	NOUN	tekniikka
tekniikkani	NOUN	tekniikka
tekniikoiden	NOUN	tekniikka
tekniikoita	NOUN	tekniikka
teknikon	NOUN	teknikko
teknillisellä	ADJ	teknillinen
teknillisen	ADJ	teknillinen
tekniseen	ADJ	tekninen
teknisellä	ADJ	tekninen
teknisen	ADJ	tekninen
teknisestä	ADJ	tekninen
tekniset	ADJ	tekninen
teknisissä	ADJ	tekninen
teknisistä	ADJ	tekninen
teknisiä	ADJ	tekninen
teknisten	ADJ	tekninen
teknistieteellisen	ADJ	teknis#tieteellinen
teknologiaan	NOUN	teknologia
teknologiakonsultointiin	NOUN	teknologia#konsultointi
teknologian	NOUN	teknologia
teknologiansiirtoasiantuntija	NOUN	teknologia#siirto#asian#tuntija
teknologiayhteistyön	NOUN	teknologia#yhteis#työ
teknologioiden	NOUN	teknologia
tekoa	NOUN	teko
tekoja	NOUN	teko
tekojaan	NOUN	teko
tekoni	NOUN	teko
tekosyynä	NOUN	teko#syy
tekosyystä	NOUN	teko#syy
tekoälyn	NOUN	teko#äly
teksasissa	PROPN	Teksas
teksteihin	NOUN	teksti
tekstejä	NOUN	teksti
tekstieditoreista	NOUN	teksti#editori
tekstieditoria	NOUN	teksti#editori
tekstiili-	NOUN	tekstiili
tekstiilit	NOUN	tekstiili
tekstiin	NOUN	teksti
tekstikin	NOUN	teksti
tekstikysymykset	NOUN	teksti#kysymys
tekstillä	NOUN	teksti
tekstimuotoisen	ADJ	teksti#muotoinen
tekstin	NOUN	teksti
tekstinvalintatilaan	NOUN	tekstin#valinta#tila
tekstissä	NOUN	teksti
tekstistäsi	NOUN	teksti
tekstit	NOUN	teksti
tekstitiedostosta	NOUN	teksti#tiedosto
tekstiviestejä	NOUN	teksti#viesti
tekstiviestipalvelun	NOUN	teksti#viesti#palvelu
tekstiviestit	NOUN	teksti#viesti
tekstiä	NOUN	teksti
tekstä	NOUN	teksti
telegraph-lehdelle	NOUN	Telegraph#lehti
telegraph-sanomalehden	NOUN	Telegraph#sanoma#lehti
telekonferensseja	NOUN	tele#konferenssi
telesten	PROPN	Teleste
televisio-ohjelman	NOUN	televisio#ohjelma
televisioelokuvassa	NOUN	televisio#elo#kuva
televisioesiintyjänä	NOUN	tele#visio#esiintyjä
televisiolähetyksiin	NOUN	televisio#lähetys
television	NOUN	televisio
televisiosarjana	NOUN	televisio#sarja
televisiosarjassa	NOUN	televisio#sarja
televisiosarjoja	NOUN	televisio#sarja
televisiossa	NOUN	televisio
televisiota	NOUN	televisio
televisiotoiminnan	NOUN	televisio#toiminta
televisiotoimintaan	NOUN	televisio#toiminta
telia-sonera	PROPN	Telia#Sonera
telkkarissa	NOUN	telkkari
teloittaneen	VERB	teloittaa
teltan	NOUN	teltta
tem:n	PROPN	TEM
tempoa	NOUN	tempo
tempovoitolla	NOUN	tempo#voitto
temppujaan	NOUN	temppu
teneriffan	PROPN	Teneriffa
tennareiden	NOUN	tennari
tennarit	NOUN	tennari
tenneeseen	PROPN	Tennessee
tennesseessä	PROPN	Tennessee
tennesseestä	PROPN	Tennessee
tennisturnauksensa	NOUN	tennis#turnaus
tentin	NOUN	tentti
tenttikirjat	NOUN	tentti#kirja
tenttitulokset	NOUN	tentti#tulos
teoista	NOUN	teko
teokseen	NOUN	teos
teoksen	NOUN	teos
teoksessa	NOUN	teos
teoksessaan	NOUN	teos
teoksia	NOUN	teos
teollis-	ADJ	teollinen
teolliseen	ADJ	teollinen
teollisen	ADJ	teollinen
teollisoikeuksien	NOUN	teollis#oikeus
teollisten	ADJ	teollinen
teollisuudella	NOUN	teollisuus
teollisuudelle	NOUN	teollisuus
teollisuuden	NOUN	teollisuus
teollisuus-	NOUN	teollisuus
teollisuusfysiikan	NOUN	teollisuus#fysiikka
teollisuusmaiden	NOUN	teollisuus#maa
teollisuusministeriön	NOUN	teollisuus#ministeriö
teollisuussukuun	NOUN	teollisuus#suku
teollisuustuotannon	NOUN	teollisuus#tuotanto
teollisuustuotteet	NOUN	teollisuus#tuote
teollisuusyhtiöissä	NOUN	teollisuus#yhtiö
teologina	NOUN	teologi
teologisen	ADJ	teologinen
teoreettista	ADJ	teoreettinen
teoriaa	NOUN	teoria
teorialle	NOUN	teoria
teorioita	NOUN	teoria
teossa	NOUN	teko
teosta	NOUN	teko
teot	NOUN	teko
tepastelee	VERB	tepastella
tepasteli	VERB	tepastella
tepastellessaan	VERB	tepastella
terapeuttista	ADJ	terapeuttinen
terapia-ajattelun	NOUN	terapia#ajattelu
terapiaan	NOUN	terapia
terasseja	NOUN	terassi
terassikin	NOUN	terassi
terassille	NOUN	terassi
terbion	PROPN	Terbio
teresan	PROPN	Teresa
teriä	NOUN	terä
termiinisopimuksen	NOUN	termiini#sopimus
termillä	NOUN	termi
terminaalissa	NOUN	terminaali
termiselityksiin	NOUN	termi#selitys
termit	NOUN	termi
termiä	NOUN	termi
terrorilistalla	NOUN	terrori#lista
terroristit	NOUN	terroristi
tervaa	NOUN	terva
terveellistä	ADJ	terveellinen
terveellä	ADJ	terve
terveeltä	ADJ	terve
terveenä	ADJ	terve
terveeseen	ADJ	terve
tervehdykseen	NOUN	tervehdys
tervehdyksiä	NOUN	tervehdys
tervehtimässä	VERB	tervehtiä
tervehtimään	VERB	tervehtiä
tervehtineen	VERB	tervehtiä
tervehtinyt	VERB	tervehtiä
tervehtiäkseen	VERB	tervehtiä
tervehtymisen	NOUN	tervehtyminen
terveisiin	ADJ	terve
terveisiä	NOUN	terveinen
tervettä	ADJ	terve
tervetuliaisaloitteilla	NOUN	terve#tuliais#aloite
tervetulleeksi	VERB	terve#tulla
terveyden	NOUN	terveys
terveydenhuollon	NOUN	terveyden#huolto
terveydenhuoltoa	NOUN	terveyden#huolto
terveydenhuoltoalan	NOUN	terveyden#huolto#ala
terveydenhuoltojärjestelmien	NOUN	terveyden#huolto#järjestelmä
terveydenhuoltomenoja	NOUN	terveyden#huolto#meno
terveydenhuoltoon	NOUN	terveyden#huolto
terveydentilaan	NOUN	terveyden#tila
terveydentilasta	NOUN	terveyden#tila
terveydestä	NOUN	terveys
terveys-	NOUN	terveys
terveyshaittaa	NOUN	terveys#haitta
terveysjärjestön	NOUN	terveys#järjestö
terveyskaupoissa	NOUN	terveys#kauppa
terveyskeskukseen	NOUN	terveys#keskus
terveyskeskuksessa	NOUN	terveys#keskus
terveyskeskuslääkärinä	NOUN	terveys#keskus#lääkäri
terveysministerinä	NOUN	terveys#ministeri
terveystiedon	NOUN	terveys#tieto
terveystieteiden	NOUN	terveys#tiede
terveystietojaan	NOUN	terveys#tieto
terveyteen	NOUN	terveys
terveyttä	NOUN	terveys
teräksen	PROPN	Teräs
teräksessä	NOUN	teräs
terän	NOUN	terä
teräskaidetta	NOUN	teräs#kaide
terästettynä	VERB	terästää
teräsyhteisön	NOUN	teräs#yhteisö
terävintä	ADJ	terävä
terävämpi	ADJ	terävä
terävän	ADJ	terävä
terävää	ADJ	terävä
terää	NOUN	terä
testaa	VERB	testata
testaamaan	VERB	testata
testamenttien	NOUN	testamentti
testamenttiin	NOUN	testamentti
testamenttilahjoituksen	NOUN	testamentti#lahjoitus
testamenttilahjoituksena	NOUN	testamentti#lahjoitus
testannut	VERB	testata
testasi	VERB	testata
testaukseen	NOUN	testaus
testein	NOUN	testi
testiajoon	NOUN	testi#ajo
testiin	NOUN	testi
testin	NOUN	testi
testiryhmälle	NOUN	testi#ryhmä
testiryhmämme	NOUN	testi#ryhmä
testiryhmän	NOUN	testi#ryhmä
testissä	NOUN	testi
testistä	NOUN	testi
testit	NOUN	testi
tetradrakman	NOUN	tetra#drakma
tetsasi	VERB	tetsata
teurastettaviksi	VERB	teurastaa
teurastusta	NOUN	teurastus
teversonin	PROPN	Teverson
thaimaan	PROPN	Thaimaa
thaimaassa	PROPN	Thaimaa
thatcherin	PROPN	Thatcher
thessalonikissa	PROPN	Thessaloniki
thomille	PROPN	Thom
thomin	PROPN	Thom
thrillerin	PROPN	Thriller
thrilleriä	PROPN	Thriller
ti-mikroseostus	NOUN	Ti#mikro#seostus
ti-pitoisuuksina	NOUN	Ti#pitoisuus
tianjiniin	PROPN	Tianjin
tias:n	PROPN	TIAS
tiasissa	PROPN	TIAS
tie-	NOUN	tie
tiedekomitean	NOUN	tiede#komitea
tiedekunnalle	NOUN	tiede#kunta
tiedekunnan	NOUN	tiede#kunta
tiedekunnassa	NOUN	tiede#kunta
tiedekunnasta	NOUN	tiede#kunta
tiedekuntaan	NOUN	tiede#kunta
tiedekuntajärjestöihin	NOUN	tiede#kunta#järjestö
tiedekuntamme	NOUN	tiede#kunta
tiedekuntarajoista	NOUN	tiede#kunta#raja
tiedekuntien	NOUN	tiede#kunta
tiedemaailman	NOUN	tiede#maailma
tiedemiehet	NOUN	tiede#mies
tiedemiehiksi	NOUN	tiede#mies
tiedemiehistä	NOUN	tiede#mies
tiedemiehiä	NOUN	tiede#mies
tiedemiesryhmän	NOUN	tiede#mies#ryhmä
tiedemiesten	NOUN	tiede#mies
tiedetoimintaan	NOUN	tiede#toiminta
tiedettiin	VERB	tietää
tiedetty	VERB	tietää
tiedettä	NOUN	tiede
tiedettävä	VERB	tietää
tiedetä	VERB	tietää
tiedetään	VERB	tietää
tiedo	NOUN	tieto
tiedoista	NOUN	tieto
tiedoksi	NOUN	tieto
tiedoksiannettu	VERB	tiedoksiantaa
tiedolla	NOUN	tieto
tiedon	NOUN	tieto
tiedonannon	NOUN	tieto#anto
tiedonannossa	NOUN	tieto#anto
tiedonannossaan	NOUN	tiedon#anto
tiedonannostaan	NOUN	tieto#anto
tiedonannot	NOUN	tieto#anto
tiedonantajat	NOUN	tiedon#antaja
tiedonantajia	NOUN	tiedon#antaja
tiedonantajien	NOUN	tiedon#antaja
tiedonantajille	NOUN	tiedon#antaja
tiedonantomenettelyillä	NOUN	tiedon#anto#menettely
tiedonantomenettelyt	NOUN	tiedon#anto#menettely
tiedonantovaatimuksensa	NOUN	tiedon#anto#vaatimus
tiedonantovaatimukset	NOUN	tiedon#anto#vaatimus
tiedonantovaatimuksia	NOUN	tiedon#anto#vaatimus
tiedonantovaatimusten	NOUN	tiedon#anto#vaatimus
tiedonantovelvoitteen	NOUN	tiedon#anto#velvoite
tiedonantovelvollisuuden	NOUN	tiedon#anto#velvollisuus
tiedonantovelvollisuudet	NOUN	tiedon#anto#velvollisuus
tiedonkeruun	NOUN	tiedon#keruu
tiedonkeruuta	NOUN	tiedon#keruu
tiedonkäsittelymme	NOUN	tieto#käsittely
tiedonpalasia	NOUN	tieto#palanen
tiedonpuutteen	NOUN	tiedon#puute
tiedonsaantioikeudet	NOUN	tieto#saanti#oikeus
tiedontarvetta	NOUN	tiedon#tarve
tiedonvälittäjänä	NOUN	tiedon#välittäjä
tiedonvälityksen	NOUN	tiedon#välitys
tiedossa	NOUN	tieto
tiedosta	NOUN	tieto
tiedostamattomista	ADJ	tiedostamaton
tiedostamme	VERB	tiedostaa
tiedostaneet	VERB	tiedostaa
tiedostettava	VERB	tiedostaa
tiedostoja	NOUN	tiedosto
tiedostojen	NOUN	tiedosto
tiedostonjako-ohjelmaa	NOUN	tiedosto#jako#ohjelma
tiedostoon	NOUN	tiedosto
tiedostossa	NOUN	tiedosto
tiedostot	NOUN	tiedosto
tiedot	NOUN	tieto
tiedotetaan	VERB	tiedottaa
tiedotetta	NOUN	tiedote
tiedotettava	VERB	tiedottaa
tiedottajan	NOUN	tiedottaja
tiedottamista	NOUN	tiedottaminen
tiedotteen	NOUN	tiedote
tiedotteessa	NOUN	tiedote
tiedotteessaan	NOUN	tiedote
tiedotti	VERB	tiedottaa
tiedotuksesta	NOUN	tiedotus
tiedotuskampanjoiden	NOUN	tiedotus#kampanja
tiedotuskeskukseen	NOUN	tiedotus#keskus
tiedotuskeskuksen	NOUN	tiedotus#keskus
tiedotustilaisuudessa	NOUN	tiedotus#tilaisuus
tiedotustilaisuuteen	NOUN	tiedotus#tilaisuus
tiedotustoimikunnat	NOUN	tiedotus#toimi#kunta
tiedotusvälineet	NOUN	tiedotus#väline
tiedotusvälineiden	NOUN	tiedotus#väline
tiedotusvälineissä	NOUN	tiedotus#väline
tiedotusvälineistä	NOUN	tiedotus#väline
tiedustelemme	VERB	tiedustella
tiedusteli	VERB	tiedustella
tiedusteltaessa	VERB	tiedustella
tiedusteltiin	VERB	tiedustella
tiedä	VERB	tietää
tiedämme	VERB	tietää
tiedän	VERB	tietää
tiedäs	VERB	tietää
tiedät	VERB	tietää
tiedäthän	VERB	tietää
tiedätte	VERB	tietää
tiedättehän	VERB	tietää
tiedättekö	VERB	tietää
tiehankkeiden	NOUN	tie#hanke
tieliikennerikokseen	NOUN	tie#liikenne#rikos
tieliikenteen	NOUN	tie#liikenne
tielle	NOUN	tie
tiellä	NOUN	tie
tieltä	NOUN	tie
tien	NOUN	tie
tienaa	VERB	tienata
tienneet	VERB	tietää
tienny	VERB	tietää
tiennyt	VERB	tietää
tiennöön	VERB	tietää
tienristeykseksi	NOUN	tien#risteys
tiensä	NOUN	tie
ties	VERB	tietää
tiesi	VERB	tietää
tiesin	VERB	tietää
tiesivät	VERB	tietää
tiet	NOUN	tie
tieteelle	NOUN	tiede
tieteellisen	ADJ	tieteellinen
tieteellisenä	ADJ	tieteellinen
tieteelliset	ADJ	tieteellinen
tieteellisissä	ADJ	tieteellinen
tieteellisiä	ADJ	tieteellinen
tieteellisten	ADJ	tieteellinen
tieteellistä	ADJ	tieteellinen
tieteen	NOUN	tiede
tieteenalaltaan	NOUN	tieteen#ala
tieteenaloja	NOUN	tieteen#ala
tieteenharjoittajat	NOUN	tieteen#harjoittaja
tieteenhistorian	NOUN	tieteen#historia
tieteeseen	NOUN	tiede
tieteiden	NOUN	tiede
tieteidenvälisestä	ADJ	tieteiden#välinen
tieteilijän	NOUN	tieteilijä
tieteilijät	NOUN	tieteilijä
tieteilijöiden	NOUN	tieteilijä
tieteisnovellien	NOUN	tieteis#novelli
tieto-	NOUN	tieto
tietoa	NOUN	tieto
tietoarkiston	NOUN	tieto#arkisto
tietoihin	NOUN	tieto
tietoisuutta	NOUN	tietoisuus
tietoja	NOUN	tieto
tietojen	NOUN	tieto
tietojenantovaatimuksista	NOUN	tieto#anto#vaatimus
tietojenkeruun	NOUN	tietojen#keruu
tietojenkäsittelijöitä	NOUN	tieto#käsittelijä
tietojenkäsittelyä	NOUN	tietojen#käsittely
tietojensuojaan	NOUN	tietojen#suoja
tietojenvaihtokeskuksena	NOUN	tieto#vaihto#keskus
tietojärjestelmää	NOUN	tieto#järjestelmä
tietojärjestelmään	NOUN	tieto#järjestelmä
tietokannan	NOUN	tieto#kanta
tietokantaan	NOUN	tieto#kanta
tietokantadumppia	NOUN	tieto#kanta#dumppi
tietokantadumppien	NOUN	tieto#kanta#dumppi
tietokantoihin	NOUN	tieto#kanta
tietokantojen	NOUN	tieto#kanta
tietokoneella	NOUN	tieto#kone
tietokoneen	NOUN	tieto#kone
tietokoneet	NOUN	tieto#kone
tietokoneille	NOUN	tieto#kone
tietokonenäyttöjä	NOUN	tieto#kone#näyttö
tietokoneohjelmien	NOUN	tieto#kone#ohjelma
tietokonepelejä	NOUN	tieto#kone#peli
tietokonepelien	NOUN	tieto#kone#peli
tietokonepelin	NOUN	tieto#kone#peli
tietokonetta	NOUN	tieto#kone
tietoliikenneprotokollan	NOUN	tieto#liikenne#protokolla
tietolähteiden	NOUN	tieto#lähde
tietona	NOUN	tieto
tietonsa	NOUN	tieto
tietoon	NOUN	tieto
tietopaketteja	NOUN	tieto#paketti
tietorakenteitaan	NOUN	tieto#rakenne
tietosanakirjassa	NOUN	tieto#sana#kirja
tietosuojalupauksiin	NOUN	tieto#suoja#lupaus
tietotaitoa	NOUN	tieto#taito
tietoteekkarien	NOUN	tieto#teekkari
tietoteekkarikillalla	NOUN	tieto#teekkari#kilta
tietotekniikan	NOUN	tieto#tekniikka
tietotekniikkaa	NOUN	tieto#tekniikka
tietotekniikkajärjestelyitä	NOUN	tieto#tekniikka#järjestely
tietoteoksen	NOUN	tieto#teos
tietty	ADV	tietysti
tiettyihin	ADJ	tietty
tiettyjen	ADJ	tietty
tiettyjä	ADJ	tietty
tiettyyn	ADJ	tietty
tiettyä	ADJ	tietty
tiettömänä	ADJ	tietön
tietyille	ADJ	tietty
tietyillä	ADJ	tietty
tietyin	ADJ	tietty
tietyissä	ADJ	tietty
tietylle	ADJ	tietty
tietyn	ADJ	tietty
tietynlaisen	ADJ	tietynlainen
tietyntyyppisessä	ADJ	tietyn#tyyppinen
tietyssä	ADJ	tietty
tietystikään	ADV	tietysti
tietystä	ADJ	tietty
tietyt	ADJ	tietty
tietä	NOUN	tie
tietäen	VERB	tietää
tietäis	VERB	tietää
tietäisi	VERB	tietää
tietäisivät	VERB	tietää
tietämykseen	NOUN	tietämys
tietämyksen	NOUN	tietämys
tietämystä	NOUN	tietämys
tietämystään	NOUN	tietämys
tietämättä	VERB	tietää
tietämättömiksi	ADJ	tietämätön
tietämättömiä	ADJ	tietämätön
tietämättömyyttäni	NOUN	tietämättömyys
tietänytkään	VERB	tietää
tietävän	VERB	tietää
tietävänsä	VERB	tietää
tietävät	VERB	tietää
tietävätköhän	VERB	tietää
tietääköhän	VERB	tietää
tiheiköissä	NOUN	tiheikkö
tiheitä	ADJ	tiheä
tiheäksi	ADJ	tiheä
tiilitaloissa	NOUN	tiili#talo
tiimalasibeibeä	NOUN	tiima#lasi#beibe
tiimellyksessä	NOUN	tiimellys
tiina-maija	PROPN	Tiina#Maija
tiirailemista	NOUN	tiiraileminen
tiistaiaamuksi	NOUN	tiistai#aamu
tiistaina	NOUN	tiistai
tiistaisessa	ADJ	tiistainen
tiistaiset	ADJ	tiistainen
tiiviimmin	ADV	tiiviisti
tiiviimmät	ADJ	tiivis
tiiviin	ADJ	tiivis
tiivistelmän	NOUN	tiivistelmä
tiivistettynä	VERB	tiivistää
tiivistymiseen	NOUN	tiivistyminen
tiivistyy	VERB	tiivistyä
tiivistä	ADJ	tiivis
tiivistämistä	NOUN	tiivistäminen
tiivistänyt	VERB	tiivistää
tiiät	VERB	tietää
tiiätkö	VERB	tietää
tikittävät	VERB	tikittää
tikkaa	NOUN	tikka
tikkurilan	PROPN	Tikkurila
tikkurilassa	PROPN	Tikkurila
tila-autot	NOUN	tila#auto
tilaa	NOUN	tila
tilaa	VERB	tilata
tilaama	VERB	tilata
tilaamaan	VERB	tilata
tilaan	NOUN	tila
tilaisuuden	NOUN	tilaisuus
tilaisuudessa	NOUN	tilaisuus
tilaisuuksis	NOUN	tilaisuus
tilaisuuteen	NOUN	tilaisuus
tilaisuutta	NOUN	tilaisuus
tilalla	NOUN	tila
tilalle	NOUN	tila
tilalleen	ADP	tilalle
tilalleen	NOUN	tila
tilalta	NOUN	tila
tilan	NOUN	tila
tilannehallinnan	NOUN	tilanne#hallinta
tilannetta	NOUN	tilanne
tilannettaan	NOUN	tilanne
tilanteen	NOUN	tilanne
tilanteeseen	NOUN	tilanne
tilanteessa	NOUN	tilanne
tilanteesta	NOUN	tilanne
tilanteestani	NOUN	tilanne
tilanteet	NOUN	tilanne
tilanteisiin	NOUN	tilanne
tilanteissa	NOUN	tilanne
tilanteista	NOUN	tilanne
tilanteita	NOUN	tilanne
tilapäiset	ADJ	tilapäinen
tilapäisistä	ADJ	tila#päinen
tilapäisiä	ADJ	tila#päinen
tilasi	VERB	tilata
tilasin	VERB	tilata
tilassa	NOUN	tila
tilasto-ohjelmakomiteaa	NOUN	tilasto#ohjelma#komitea
tilastoihin	NOUN	tilasto
tilastoinnissa	NOUN	tilastointi
tilastointia	NOUN	tilastointi
tilastointiin	NOUN	tilastointi
tilastointitarkoituksia	NOUN	tilastointi#tarkoitus
tilastoissa	NOUN	tilasto
tilastoista	NOUN	tilasto
tilastoja	NOUN	tilasto
tilastojen	NOUN	tilasto
tilastokeskuksen	NOUN	tilasto#keskus
tilastokeskuksen	PROPN	Tilastokeskus
tilastokeskusten	NOUN	tilasto#keskus
tilastolliset	ADJ	tilastollinen
tilastollisia	ADJ	tilastollinen
tilastollisten	ADJ	tilastollinen
tilastomenetelmistä	NOUN	tilasto#menetelmä
tilastonsa	NOUN	tilasto
tilastosalaisuutta	NOUN	tilasto#salaisuus
tilastossa	NOUN	tilasto
tilastostandardien	NOUN	tilasto#standardi
tilastot	NOUN	tilasto
tilastotiedot	NOUN	tilasto#tieto
tilastotieteen	NOUN	tilasto#tiede
tilastotietoja	NOUN	tilasto#tieto
tilastotietojen	NOUN	tilasto#tieto
tilastovaatimusten	NOUN	tilasto#vaatimus
tilat	NOUN	tila
tilattomien	ADJ	tilaton
tilattu	VERB	tilata
tilattuja	VERB	tilata
tilaukset	NOUN	tilaus
tilauksia	NOUN	tilaus
tilauslennolla	NOUN	tilaus#lento
tilausmalliksi	NOUN	tilaus#malli
tilauspalvelun	NOUN	tilaus#palvelu
tilausta	NOUN	tilaus
tilausten	NOUN	tilaus
tilavalla	ADJ	tilava
tilavat	ADJ	tilava
tilavuuden	NOUN	tilavuus
tilejään	NOUN	tili
tilhen	NOUN	tilhi
tilheä	NOUN	tilhi
tilien	NOUN	tili
tililleni	NOUN	tili
tilillä	NOUN	tili
tilillään	NOUN	tili
tilin	NOUN	tili
tilintarkastukseen	NOUN	tilin#tarkastus
tilit	NOUN	tili
tiliä	NOUN	tili
tilkassa	NOUN	tilkka
tilkkua	NOUN	tilkku
tilkkupeitossa	NOUN	tilkku#peitto
tillaeuksen	PROPN	Tillaeus
tillillä	NOUN	tilli
tilliä	NOUN	tilli
tiloihin	NOUN	tila
tiloikseen	NOUN	tila
tiloilla	NOUN	tila
tiloilta	NOUN	tila
tiloissa	NOUN	tila
tiloista	NOUN	tila
tiloja	NOUN	tila
tilzzzzrrrrtsss	VERB	tilata
timantteja	NOUN	timantti
timeouttia	NOUN	timeout
timesin	PROPN	Times
timoilta	NOUN	tiima
tinkimättömästä	ADJ	tinkimätön
tinkimään	VERB	tinkiä
tipissä	PROPN	TIP
tippeligaenissa	PROPN	Tippeligaen
tippui	VERB	tippua
tippunu	VERB	tippua
tippunut	VERB	tippua
tiputtelee	VERB	tiputella
tiputti	VERB	tiputtaa
tiputtivat	VERB	tiputtaa
tirajanan	PROPN	Tirajana
tirpitzin	PROPN	Tirpitz
tirppoja	NOUN	tirppa
tiskiin	NOUN	tiski
tiskissä	NOUN	tiski
tislaamalla	VERB	tislata
titeenien	PROPN	Titeeni
titeta-väestä	NOUN	TiTeTa#väki
titetan	PROPN	TiTeTa
titleyn	PROPN	Titley
titon	PROPN	Tito
tittelin	NOUN	titteli
titteliä	NOUN	titteli
tituleerattu	VERB	tituleerata
tiukalla	ADJ	tiukka
tiukan	ADJ	tiukka
tiukemmat	ADJ	tiukka
tiukemmin	ADV	tiukasti
tiukempi	ADJ	tiukka
tiukennettu	VERB	tiukentaa
tiukentuneet	VERB	tiukentua
tiukkaa	ADJ	tiukka
tiukkaan	ADJ	tiukka
tiukkoja	ADJ	tiukka
tiukkojen	ADJ	tiukka
tiukoista	ADJ	tiukka
tiuskaisee	VERB	tiuskaista
tiuskaisi	VERB	tiuskaista
tivasi	VERB	tivata
toan	PROPN	Toa
todeksi	ADJ	tosi
todellakaan	ADV	todella
todellakin	ADV	todella
todelliseksi	ADJ	todellinen
todellisen	ADJ	todellinen
todellisesta	ADJ	todellinen
todellisia	ADJ	todellinen
todellisiin	ADJ	todellinen
todellista	ADJ	todellinen
todellisuudeksi	NOUN	todellisuus
todellisuuden	NOUN	todellisuus
todellisuudessa	NOUN	todellisuus
todellisuuksia	NOUN	todellisuus
todellisuutta	NOUN	todellisuus
todenmukaisen	ADJ	toden#mukainen
todenneet	VERB	todeta
todennut	VERB	todeta
todennäköisempi	ADJ	toden#näköinen
todennäköisimmin	ADV	toden#näköisesti
todennäköistä	ADJ	toden#näköinen
todennäköisyyden	NOUN	toden#näköisyys
todennäköisyyteen	NOUN	toden#näköisyys
todennäköisyyttä	NOUN	toden#näköisyys
todenperäisyyden	NOUN	toden#peräisyys
todentamiseksi	NOUN	todentaminen
todetaan	VERB	todeta
todetaankin	VERB	todeta
todetakseni	VERB	todeta
todeten	VERB	todeta
todettava	VERB	todeta
todettiin	VERB	todeta
todettu	VERB	todeta
todista	VERB	todistaa
todistamaan	VERB	todistaa
todistamassa	VERB	todistaa
todistanut	VERB	todistaa
todisteaineistoa	NOUN	todiste#aineisto
todisteena	NOUN	todiste
todisteet	NOUN	todiste
todistetta	NOUN	todiste
todisti	VERB	todistaa
todistuksista	NOUN	todistus
todistusaineistoa	NOUN	todistus#aineisto
tofusta	NOUN	tofu
togossa	PROPN	Togo
tohon	PRON	tuo
tohtinut	VERB	tohtia
tohtorikoulutusohjelmia	NOUN	tohtori#koulutus#ohjelma
tohtorin	NOUN	tohtori
tohtoriopiskelijat	NOUN	tohtori#opiskelija
tohtoriopiskelijoista	NOUN	tohtori#opiskelija
toi	PRON	tuo
toi	VERB	tuoda
toilettipaperia	NOUN	toiletti#paperi
toim.	NOUN	toimitus
toimeen	NOUN	toimi
toimeenpannuksi	VERB	toimeen#panna
toimeenpanoviiveestä	NOUN	toimeen#pano#viive
toimeenpanoviiveet	NOUN	toimeen#pano#viive
toimeenpantava	VERB	toimeenpanna
toimeksiantoon	NOUN	toimeksianto
toimen	NOUN	toimi
toimenaan	NOUN	toimi
toimenkuvaa	NOUN	toimen#kuva
toimenkuvastaan	NOUN	toimen#kuva
toimenpiderajoitukset	NOUN	toimen#pide#rajoitus
toimenpidettä	NOUN	toimen#pide
toimenpiteet	NOUN	toimen#pide
toimenpiteiden	NOUN	toimen#pide
toimenpiteillä	NOUN	toimen#pide
toimenpiteillään	NOUN	toimen#pide
toimenpiteisiin	NOUN	toimen#pide
toimenpiteistä	NOUN	toimen#pide
toimenpiteitä	NOUN	toimen#pide
toimensa	NOUN	toimi
toimesta	NOUN	toimi
toimet	NOUN	toimi
toimi	VERB	toimia
toimia	NOUN	toimi
toimiaan	NOUN	toimi
toimiakseen	VERB	toimia
toimialaan	NOUN	toimi#ala
toimialarajojen	NOUN	toimi#ala#raja
toimialoista	NOUN	toimi#ala
toimiani	NOUN	toimi
toimielimet	NOUN	toimi#elin
toimielimille	NOUN	toimi#elin
toimielimissä	NOUN	toimi#elin
toimien	NOUN	toimi
toimiessa	VERB	toimia
toimii	VERB	toimia
toimiin	NOUN	toimi
toimijan	NOUN	toimija
toimijat	NOUN	toimija
toimijatkin	NOUN	toimija
toimijoiden	NOUN	toimija
toimijoilla	NOUN	toimija
toimijoilta	NOUN	toimija
toimikautensa	NOUN	toimi#kausi
toimikautta	NOUN	toimi#kausi
toimiksi	NOUN	toimi
toimikunnalle	NOUN	toimi#kunta
toimikunnan	NOUN	toimi#kunta
toimikunnassa	NOUN	toimi#kunta
toimikunnat	NOUN	toimi#kunta
toimikuntiin	NOUN	toimi#kunta
toimilupia	NOUN	toimi#lupa
toimiluvat	NOUN	toimi#lupa
toimiluvista	NOUN	toimi#lupa
toimimaan	VERB	toimia
toimimalla	VERB	toimia
toimimatta	VERB	toimia
toimina	NOUN	toimi
toimineelle	VERB	toimia
toimineen	VERB	toimia
toimineet	VERB	toimia
toiminnaksi	NOUN	toiminta
toiminnallaan	NOUN	toiminta
toiminnalle	NOUN	toiminta
toiminnallisten	ADJ	toiminnallinen
toiminnan	NOUN	toiminta
toiminnassa	NOUN	toiminta
toiminnasta	NOUN	toiminta
toiminnon	NOUN	toiminto
toimintaa	NOUN	toiminta
toimintaan	NOUN	toiminta
toimintaansa	NOUN	toiminta
toimintaedellytyksiä	NOUN	toiminta#edellytys
toimintahäiriön	NOUN	toiminta#häiriö
toimintakehykseen	NOUN	toiminta#kehys
toimintakentällä	NOUN	toiminta#kenttä
toimintakuntoon	NOUN	toiminta#kunto
toimintakykyisenä	ADJ	toiminta#kykyinen
toimintamahdollisuuksia	NOUN	toiminta#mahdollisuus
toimintamalleja	NOUN	toiminta#malli
toimintamme	NOUN	toiminta
toimintansa	NOUN	toiminta
toimintapuitteet	NOUN	toiminta#puite
toimintasuunnitelmaa	NOUN	toiminta#suunnitelma
toimintasuunnitelmaan	NOUN	toiminta#suunnitelma
toimintasuunnitelman	NOUN	toiminta#suunnitelma
toimintasuunnitelmassa	NOUN	toiminta#suunnitelma
toimintatapaa	NOUN	toiminta#tapa
toimintatapoja	NOUN	toiminta#tapa
toimintatiloja	NOUN	toiminta#tila
toimintavaltuuksiin	NOUN	toiminta#valtuus
toimintavuodet	NOUN	toiminta#vuosi
toimintaympäristössä	NOUN	toiminta#ympäristö
toimintoihinsa	NOUN	toiminto
toimintojen	NOUN	toiminto
toiminut	VERB	toimia
toimipisteen	NOUN	toimi#piste
toimipisteitä	NOUN	toimi#piste
toimisi	VERB	toimia
toimissa	NOUN	toimi
toimista	NOUN	toimi
toimistaan	NOUN	toimi
toimistoa	NOUN	toimisto
toimistoissa	NOUN	toimisto
toimistoja	NOUN	toimisto
toimistolla	NOUN	toimisto
toimistollaan	NOUN	toimisto
toimistolle	NOUN	toimisto
toimiston	NOUN	toimisto
toimistoon	NOUN	toimisto
toimistoonsa	NOUN	toimisto
toimistosta	NOUN	toimisto
toimistotilaa	NOUN	toimisto#tila
toimita	VERB	toimittaa
toimitaan	VERB	toimia
toimitetaan	VERB	toimittaa
toimitettava	VERB	toimittaa
toimitettavien	VERB	toimittaa
toimitettu	VERB	toimittaa
toimitettujen	VERB	toimittaa
toimitila-	NOUN	toimi#tila
toimittajaa	NOUN	toimittaja
toimittajan	NOUN	toimittaja
toimittajat	NOUN	toimittaja
toimittajien	NOUN	toimittaja
toimittajille	NOUN	toimittaja
toimittamaan	VERB	toimittaa
toimittamalla	VERB	toimittaa
toimittamansa	VERB	toimittaa
toimittamat	VERB	toimittaa
toimittamia	VERB	toimittaa
toimittamisajan	NOUN	toimittamis#aika
toimittamiseen	NOUN	toimittaminen
toimittamisen	NOUN	toimittaminen
toimittamista	NOUN	toimittaminen
toimittaneen	VERB	toimittaa
toimittanut	VERB	toimittaa
toimittava	VERB	toimia
toimittavat	VERB	toimittaa
toimituksen	NOUN	toimitus
toimituksesta	NOUN	toimitus
toimitusaikaa	NOUN	toimitus#aika
toimitusjohtajaa	NOUN	toimitus#johtaja
toimitusjohtajaan	NOUN	toimitus#johtaja
toimitusjohtajalla	NOUN	toimitus#johtaja
toimitusjohtajana	NOUN	toimitus#johtaja
toimituskieltoon	NOUN	toimitus#kielto
toimituskuntaa	NOUN	toimitus#kunta
toimitusten	NOUN	toimitus
toimiva	VERB	toimia
toimivaa	VERB	toimia
toimivaksi	ADJ	toimiva
toimivallan	NOUN	toimi#valta
toimivaltaan	NOUN	toimi#valta
toimivaltaisen	ADJ	toimi#valtainen
toimivaltaiset	ADJ	toimi#valtainen
toimivaltaisilta	ADJ	toimi#valtainen
toimivamman	ADJ	toimiva
toimivan	VERB	toimia
toimivasta	ADJ	toimiva
toimivat	VERB	toimia
toimivia	VERB	toimia
toimivien	VERB	toimia
toimiviin	VERB	toimia
toimiville	VERB	toimia
toimivuuden	NOUN	toimivuus
toimivuudesta	NOUN	toimivuus
toinenkin	ADJ	toinen
toinenkin	PRON	toinen
toipumislomaa	NOUN	toipumis#loma
toiseen	ADJ	toinen
toiseen	PRON	toinen
toiseksi	ADJ	toinen
toiseksi	PRON	toinen
toiseksisuurimmaksi	ADJ	toiseksi#suurin
toisella	ADJ	toinen
toisella	PRON	toinen
toiselle	ADJ	toinen
toiselle	PRON	toinen
toiselta	ADJ	toinen
toiselta	PRON	toinen
toisen	ADJ	toinen
toisen	PRON	toinen
toisena	ADJ	toinen
toisenlaisissa	ADJ	toisenlainen
toisensa	PRON	toinen
toisessa	ADJ	toinen
toisessa	PRON	toinen
toisessakin	PRON	toinen
toisesta	ADJ	toinen
toisesta	PRON	toinen
toisestaan	PRON	toinen
toiset	ADJ	toinen
toiset	PRON	toinen
toisi	VERB	tuoda
toisia	PRON	toinen
toisiaan	PRON	toinen
toisiamme	PRON	toinen
toisiin	PRON	toinen
toisiinsa	PRON	toinen
toisiko	VERB	tuoda
toisilla	PRON	toinen
toisille	PRON	toinen
toisilleen	PRON	toinen
toisilta	PRON	toinen
toisiltaan	PRON	toinen
toisinajattelijoiden	NOUN	toisin#ajattelija
toisistaan	PRON	toinen
toisistanne	PRON	toinen
toissa-aamuna	NOUN	toissa#aamu
toissailtana	NOUN	toissailta
toissapäivänä	NOUN	toissapäivä
toissijaista	ADJ	tois#sijainen
toissijaisuusperiaatetta	NOUN	tois#sijaisuus#periaate
toissijaisuusperiaatteen	NOUN	tois#sijaisuus#periaate
toista	ADJ	toinen
toista	PRON	toinen
toistakymmentä	NUM	toista#kymmenen
toistamalla	VERB	toistaa
toistamista	NOUN	toistaminen
toistan	VERB	toistaa
toistasataa	NUM	toista#sata
toistelemasta	VERB	toistella
toistelevat	VERB	toistella
toisteltu	VERB	toistella
toistemme	PRON	toinen
toisten	PRON	toinen
toistensa	PRON	toinen
toistettua	VERB	toistaa
toistolta	NOUN	toisto
toistui	VERB	toistua
toistuisi	VERB	toistua
toistuivat	VERB	toistua
toistuvaan	ADJ	toistuva
toistuvat	VERB	toistua
toistuvia	ADJ	toistuva
toistuvien	ADJ	toistuva
toistuviin	VERB	toistua
toistuvuutta	NOUN	toistuvuus
toivat	VERB	tuoda
toiveemme	NOUN	toive
toiveensa	NOUN	toive
toiveikkaita	ADJ	toiveikas
toivein	NOUN	toive
toiveistani	NOUN	toive
toiveita	NOUN	toive
toivesairaalan	NOUN	toive#sairaala
toivetta	NOUN	toive
toivoa	NOUN	toivo
toivoi	VERB	toivoa
toivoikaan	VERB	toivoa
toivoimme	VERB	toivoa
toivoin	VERB	toivoa
toivoisin	VERB	toivoa
toivoivat	VERB	toivoa
toivokaamme	VERB	toivoa
toivomme	VERB	toivoa
toivomuksesta	NOUN	toivomus
toivomuksia	NOUN	toivomus
toivomuslistalleen	NOUN	toivomus#lista
toivon	NOUN	toivo
toivon	VERB	toivoa
toivoneet	VERB	toivoa
toivonkin	VERB	toivoa
toivoo	VERB	toivoa
toivossa	NOUN	toivo
toivosta	NOUN	toivo
toivotan	VERB	toivottaa
toivottavaa	ADJ	toivottava
toivottavat	VERB	toivottaa
toivotti	VERB	toivottaa
toivottuja	VERB	toivoa
toivotulla	ADJ	toivottu
toivovan	VERB	toivoa
toivovat	VERB	toivoa
toivuttu	VERB	toipua
tokaisi	VERB	tokaista
tokene	VERB	toeta
tokenisi	VERB	toeta
tollasessa	ADJ	tuollainen
tolpalla	NOUN	tolppa
tolstoilaisuudesta	NOUN	tolstoilaisuus
tolstoin	PROPN	Tolstoi
tolta	PRON	tuo
tomaatin	NOUN	tomaatti
tomaatit	NOUN	tomaatti
tomaatteja	NOUN	tomaatti
tomaatti-mozzarellasalaatti	NOUN	tomaatti#mozzarella#salaatti
tomaattia	NOUN	tomaatti
tomaattipyrettä	NOUN	tomaatti#pyre
tomaattiset	ADJ	tomaattinen
tomaattiviipaleita	NOUN	tomaatti#viipale
tomin	PROPN	Tomi
tommin	PROPN	Tommi
tommosissa	ADJ	tuommoinen
ton	PRON	tuo
tona	PRON	tuo
tongalla	PROPN	Tonga
tonneina	NOUN	tonni
tonnia	NOUN	tonni
tonnin	NOUN	tonni
tontille	NOUN	tontti
tontin	NOUN	tontti
tonttien	NOUN	tontti
toooodella	ADV	todella
toosan	NOUN	toosa
topmost-yhtyeen	NOUN	Topmost#yhtye
topmostista	PROPN	Topmost
toppahousujen	NOUN	toppa#housut
toppatakissaan	NOUN	toppa#takki
toppatakkiinsa	NOUN	toppa#takki
topshopissa	PROPN	Topshop
torailut	NOUN	torailu
torilla	NOUN	tori
torjuessaan	VERB	torjua
torjuivat	VERB	torjua
torjumiseen	NOUN	torjuminen
torjumiseksi	NOUN	torjuminen
torjunnalle	NOUN	torjunta
torjunnan	NOUN	torjunta
torjunta-aineiden	NOUN	torjunta#aine
torjunta-aineilla	NOUN	torjunta#aine
torjunta-aineille	NOUN	torjunta#aine
torjunta-ainejäämien	NOUN	torjunta#aine#jäämä
torjunta-ainejäämillä	NOUN	torjunta#aine#jäämä
torjunta-ainetta	NOUN	torjunta#aine
torjunta-asennon	NOUN	torjunta#asento
torjuntaa	NOUN	torjunta
torjuntana	NOUN	torjunta
torjuttiin	VERB	torjua
torjuttu	VERB	torjua
torjutut	VERB	torjua
torjuu	VERB	torjua
torkkumaan	VERB	torkkua
torkkuu	VERB	torkkua
torkkuvat	VERB	torkkua
tornia	NOUN	torni
torniin	NOUN	torni
tornin	NOUN	torni
torninsa	NOUN	torni
tornit	NOUN	torni
torontolaisjoukkueelle	NOUN	torontolais#joukkue
torontoon	PROPN	Toronto
torpalle	NOUN	torppa
torpan	NOUN	torppa
torpedomatruusille	NOUN	torpedo#matruusi
torpedoveneen	NOUN	torpedo#vene
torpedoveneosaston	NOUN	torpedo#vene#osasto
torppia	NOUN	torppa
torstai-yöllä	NOUN	torstai#yö
torstaiaamuna	NOUN	torstai#aamu
torstaina	NOUN	torstai
torstaipäivästä	NOUN	torstai#päivä
torttua	NOUN	torttu
toscanassa	PROPN	Toscana
tosia	ADJ	tosi
tosiasiaa	NOUN	tosi#asia
tosiasialliseen	ADJ	tosi#asiallinen
tosiasiallisen	ADJ	tosi#asiallinen
tosiasiallisessa	ADJ	tosi#asiallinen
tosiasialliset	ADJ	tosi#asiallinen
tosiasiallisten	ADJ	tosi#asiallinen
tosiasian	NOUN	tosi#asia
tosiasiasiat	NOUN	tosi#asia
tosiasiassa	NOUN	tosi#asia
tosiasioiden	NOUN	tosi#asia
tosiasioista	NOUN	tosi#asia
tosilla	PRON	toinen
tosissamme	ADJ	tosi
tosissasi	ADV	tosissaan
tositoimiin	NOUN	tosi#toimi
tositteita	NOUN	tosite
tossa	PRON	tuo
tossujani	NOUN	tossu
tossunsa	NOUN	tossu
tosta	PRON	tuo
tota	INTJ	tuota
totalitaarista	ADJ	totalitaarinen
toteaa	VERB	todeta
toteamaan	VERB	todeta
toteamallani	VERB	todeta
totean	VERB	todeta
toteavat	VERB	todeta
totellut	VERB	totella
totesi	VERB	todeta
totesin	VERB	todeta
totesivat	VERB	todeta
toteudu	VERB	toteutua
toteuta	VERB	toteuttaa
toteutetaan	VERB	toteuttaa
toteutettava	VERB	toteuttaa
toteutettavaan	VERB	toteuttaa
toteutettavat	VERB	toteuttaa
toteutettavien	VERB	toteuttaa
toteutettavuustutkimuksessa	NOUN	toteutettavuus#tutkimus
toteutettiinpa	VERB	toteuttaa
toteutettu	VERB	toteuttaa
toteutettuja	VERB	toteuttaa
toteutettujen	VERB	toteuttaa
toteutetuista	VERB	toteuttaa
toteutetun	VERB	toteuttaa
toteutetussa	VERB	toteuttaa
toteuttaako	VERB	toteuttaa
toteuttama	VERB	toteuttaa
toteuttamaan	VERB	toteuttaa
toteuttaman	VERB	toteuttaa
toteuttamansa	VERB	toteuttaa
toteuttamiin	VERB	toteuttaa
toteuttamiseen	NOUN	toteuttaminen
toteuttamiseksi	NOUN	toteuttaminen
toteuttamisen	NOUN	toteuttaminen
toteuttamisesta	NOUN	toteuttaminen
toteuttamista	NOUN	toteuttaminen
toteuttamistavasta	NOUN	toteuttamis#tapa
toteuttaneet	VERB	toteuttaa
toteuttanut	VERB	toteuttaa
toteuttavat	VERB	toteuttaa
toteutti	VERB	toteuttaa
toteutuksen	NOUN	toteutus
toteutumiseksi	NOUN	toteutuminen
toteutuneeksi	ADJ	toteutunut
toteutunut	VERB	toteutua
toteutustavat	NOUN	toteutus#tapa
toteutuu	VERB	toteutua
toteutuvaa	VERB	toteutua
toteutuvat	VERB	toteutua
tottahan	ADV	totta
tottakin	ADV	totta
tottelevaisuuden	NOUN	tottelevaisuus
tottelivat	VERB	totella
tottenhamissa	PROPN	Tottenham
tottuivat	VERB	tottua
tottumuksesta	NOUN	tottumus
tottuneena	VERB	tottua
tottuneet	VERB	tottua
tottuneille	NOUN	tottunut
tottuneisiin	VERB	tottua
tottunut	VERB	tottua
totuttuun	VERB	tottua
totutusta	ADJ	totuttu
totuuden	NOUN	totuus
totuudessa	NOUN	totuus
totuuksia	NOUN	totuus
totuutta	NOUN	totuus
touhuilivat	VERB	touhuilla
touhuillut	VERB	touhuilla
touhussa	NOUN	touhu
toukokuun	NOUN	toukokuu
toukokuussa	NOUN	toukokuu
toukokuuta	NOUN	toukokuu
touria	PROPN	Tour
tourin	PROPN	Tour
tovin	NOUN	tovi
townin	PROPN	Town
toyota-yhtymä	NOUN	Toyota#yhtymä
toyotan	PROPN	Toyota
toyotä	PROPN	Toyota
tps:n	PROPN	TPS
traagisiin	ADJ	traaginen
tradeka-osuuskunta	NOUN	Tradeka#osuus#kunta
tradeka-yhtymä	NOUN	Tradeka#yhtymä
tradekalla	PROPN	Tradeka
traktorilla	NOUN	traktori
trans-pukeutumisen	NOUN	trans#pukeutuminen
transatlanttisen	ADJ	trans#atlanttinen
translandialla	PROPN	Translandia
translitteroidaan	VERB	translitteroida
transponoitumalla	VERB	transponoitua
transponoituu	VERB	transponoitua
transsin	NOUN	transsi
trapin	NOUN	trap
trapissa	NOUN	trap
trappegrendenillä	PROPN	Trappegrenden
traumasta	NOUN	trauma
traumatisoi	VERB	traumatisoida
traumatologian	NOUN	traumatologia
treenisesonkia	NOUN	treeni#sesonki
trenkin	NOUN	trenki
tricastinin	PROPN	Tricastin
trierin	PROPN	Trier
triesteen	PROPN	Trieste
trikiinitutkimuksesta	NOUN	trikiini#tutkimus
trikolorin	NOUN	trikolori
triona	NOUN	trio
triviaalia	ADJ	triviaali
trotzigin	PROPN	Trotzig
trrrzzzoimiston	NOUN	toimisto
tsaarien	NOUN	tsaari
tsernobylin	PROPN	Tsernobyl
tshekin	PROPN	Tshekki
tshetshenian	PROPN	Tshetshenia
ttkk:hon	NOUN	TTKK
tucsin	PROPN	TUCS
tueksi	NOUN	tuki
tuemme	VERB	tukea
tuen	NOUN	tuki
tuesta	NOUN	tuki
tuestaan	NOUN	tuki
tuet	NOUN	tuki
tuetaan	VERB	tukea
tuettaessa	VERB	tukea
tuettava	VERB	tukea
tuettuja	VERB	tukea
tuhannella	NUM	tuhat
tuhannen	NUM	tuhat
tuhannesta	NUM	tuhat
tuhansia	NUM	tuhat
tuhansien	NUM	tuhat
tuhansiin	NUM	tuhat
tuhansilta	NUM	tuhat
tuhansista	NUM	tuhat
tuhanteenkin	NUM	tuhat
tuhatkunnan	NUM	tuhat#kunta
tuhatta	NUM	tuhat
tuherretun	VERB	tuhertaa
tuhisivat	VERB	tuhista
tuhlataankin	VERB	tuhlata
tuhlausta	NOUN	tuhlaus
tuhmaseksin	NOUN	tuhma#seksi
tuhoa	NOUN	tuho
tuhoaa	VERB	tuhota
tuhoamaan	VERB	tuhota
tuhoamisen	NOUN	tuhoaminen
tuhoisia	ADJ	tuhoisa
tuhoksi	NOUN	tuho
tuhon	NOUN	tuho
tuhosivat	VERB	tuhota
tuhotaan	VERB	tuhota
tuhottavalle	VERB	tuhota
tuhottu	VERB	tuhota
tuhotulvan	NOUN	tuho#tulva
tuhoutui	VERB	tuhoutua
tuhoutumiseen	NOUN	tuhoutuminen
tuhoutumisen	NOUN	tuhoutuminen
tuhovoimaisena	ADJ	tuho#voimainen
tuhraantuisi	VERB	tuhraantua
tuhtia	ADJ	tuhti
tuijotan	VERB	tuijottaa
tuijoteltuaan	VERB	tuijotella
tuijotettiin	VERB	tuijottaa
tuijotin	VERB	tuijottaa
tuijottamaan	VERB	tuijottaa
tuijottavat	VERB	tuijottaa
tuijotti	VERB	tuijottaa
tuijotuksen	NOUN	tuijotus
tuikkukynttilöistä	NOUN	tuikku#kynttilä
tuiskujen	NOUN	tuisku
tuiverruksissa	NOUN	tuiverrus
tukahdutettu	VERB	tukahduttaa
tukahduttanut	VERB	tukahduttaa
tukasta	NOUN	tukka
tukea	NOUN	tuki
tukeakseen	VERB	tukea
tukeakseni	VERB	tukea
tukee	VERB	tukea
tukemaan	VERB	tukea
tukemalla	VERB	tukea
tukemille	VERB	tukea
tukemiseen	NOUN	tukeminen
tukemisen	NOUN	tukeminen
tukemisessa	NOUN	tukeminen
tukemisesta	NOUN	tukeminen
tukemme	NOUN	tuki
tukena	NOUN	tuki
tukeneelle	VERB	tukea
tukeneen	VERB	tukea
tukeneensa	VERB	tukea
tukeneet	VERB	tukea
tukenut	VERB	tukea
tukevaa	VERB	tukea
tukevalle	ADJ	tukeva
tukevan	VERB	tukea
tukevansa	VERB	tukea
tukevassa	VERB	tukea
tukevat	VERB	tukea
tukeviin	VERB	tukea
tukholmaa	PROPN	Tukholma
tukholmaan	PROPN	Tukholma
tukholmalaisen	ADJ	tukholmalainen
tukholmalaiset	ADJ	tukholmalainen
tukholmalaisseuroja	NOUN	tukholmalais#seura
tukholmalaisten	ADJ	tukholmalainen
tukholman	PROPN	Tukholma
tukholmassa	PROPN	Tukholma
tukholmasta	PROPN	Tukholma
tuki	VERB	tukea
tukia	NOUN	tuki
tukien	VERB	tukea
tukikelpoisuutta	NOUN	tuki#kelpoisuus
tukikohtana	NOUN	tuki#kohta
tukimarkoista	NOUN	tuki#markka
tukimarsseihin	NOUN	tuki#marssi
tukiopetusta	NOUN	tuki#opetus
tukipaketista	NOUN	tuki#paketti
tukirahoista	NOUN	tuki#raha
tukista	NOUN	tukki
tukisukkahousejen	NOUN	tuki#sukka#housut
tukitoimintojen	NOUN	tuki#toiminto
tukityöllistämisessä	NOUN	tuki#työllistäminen
tukivat	VERB	tukea
tukkaani	NOUN	tukka
tukkansa	NOUN	tukka
tukkeutuneet	VERB	tukkeutua
tuksuttelin	VERB	tuksutella
tukun	NOUN	tukku
tul	VERB	tulla
tulanen	PROPN	Tulane
tule	VERB	tulla
tulee	VERB	tulla
tuleekin	VERB	tulla
tuleeko	VERB	tulla
tuleeks	VERB	tulla
tuleen	NOUN	tuli
tulekaan	VERB	tulla
tulekin	VERB	tulla
tulella	NOUN	tuli
tulemaan	VERB	tulla
tulematta	VERB	tulla
tulemisen	NOUN	tuleminen
tulemme	VERB	tulla
tulen	NOUN	tuli
tulen	VERB	tulla
tulessa	NOUN	tuli
tulet	VERB	tulla
tuleva	VERB	tulla
tulevaa	ADJ	tuleva
tulevaan	ADJ	tuleva
tulevaisuuden	NOUN	tulevaisuus
tulevaisuudennäkymistä	NOUN	tulevaisuuden#näkymä
tulevaisuudennäkymiä	NOUN	tulevaisuuden#näkymä
tulevaisuudessa	NOUN	tulevaisuus
tulevaisuudesta	NOUN	tulevaisuus
tulevaisuuteen	NOUN	tulevaisuus
tulevaisuutta	NOUN	tulevaisuus
tulevaisuuttaan	NOUN	tulevaisuus
tulevalta	ADJ	tuleva
tulevan	ADJ	tuleva
tulevan	VERB	tulla
tulevana	ADJ	tuleva
tulevansa	VERB	tulla
tulevassa	VERB	tulla
tulevasta	ADJ	tuleva
tulevat	ADJ	tuleva
tulevat	VERB	tulla
tulevatko	VERB	tulla
tulevien	ADJ	tuleva
tuleviin	ADJ	tuleva
tuleviin	VERB	tulla
tuleville	ADJ	tuleva
tulevina	ADJ	tuleva
tulevissa	ADJ	tuleva
tulevista	ADJ	tuleva
tuli	VERB	tulla
tuliaisia	NOUN	tuliainen
tulikin	VERB	tulla
tuliko	VERB	tulla
tulilinjalla	NOUN	tuli#linja
tulimme	VERB	tulla
tulin	VERB	tulla
tulipa	VERB	tulla
tulipalon	NOUN	tuli#palo
tulisi	VERB	tulla
tulisikaan	VERB	tulla
tulisiko	VERB	tulla
tulisit	VERB	tulla
tuliskin	VERB	tulla
tulispa	VERB	tulla
tulitti	VERB	tulittaa
tulivat	VERB	tulla
tulivoimalla	NOUN	tuli#voima
tulivuorta	NOUN	tuli#vuori
tulkaapa	VERB	tulla
tulkin	NOUN	tulkki
tulkinnassa	NOUN	tulkinta
tulkinnoista	NOUN	tulkinta
tulkintaa	NOUN	tulkinta
tulkintoihin	NOUN	tulkinta
tulkitaan	VERB	tulkita
tulkitessa	VERB	tulkita
tulkitsee	VERB	tulkita
tulkitsevat	VERB	tulkita
tulkittava	VERB	tulkita
tulkittu	VERB	tulkita
tulko	VERB	tulla
tullaan	VERB	tulla
tullakseen	VERB	tulla
tulleen	VERB	tulla
tulleensa	VERB	tulla
tulleet	VERB	tulla
tulleiden	VERB	tulla
tulleita	VERB	tulla
tulleja	NOUN	tulli
tullen	VERB	tulla
tullessa	VERB	tulla
tullessaan	VERB	tulla
tullien	NOUN	tulli
tullimaksuja	NOUN	tulli#maksu
tullin	NOUN	tulli
tullipalvelujen	NOUN	tulli#palvelu
tullisuojeluhakemuksen	NOUN	tulli#suojelu#hakemus
tullit	NOUN	tulli
tullitariffeja	NOUN	tulli#tariffi
tullitarkastuksia	NOUN	tulli#tarkastus
tullivalvonnan	NOUN	tulli#valvonta
tullu	VERB	tulla
tullut	VERB	tulla
tullutkaan	VERB	tulla
tullutkin	VERB	tulla
tuloaan	NOUN	tulo
tuloillaan	NOUN	tulo
tuloista	NOUN	tulo
tuloja	NOUN	tulo
tulojen	NOUN	tulo
tulojensa	NOUN	tulo
tulokkaaksi	NOUN	tulokas
tulokkaan	ADJ	tulokas
tulokkaasta	NOUN	tulokas
tulokkaiden	NOUN	tulokas
tulokseen	NOUN	tulos
tuloksen	NOUN	tulos
tuloksena	NOUN	tulos
tuloksensa	NOUN	tulos
tuloksesta	NOUN	tulos
tuloksestaan	NOUN	tulos
tulokset	NOUN	tulos
tuloksetta	NOUN	tulos
tuloksettomaksi	ADJ	tulokseton
tuloksia	NOUN	tulos
tuloksilla	NOUN	tulos
tuloksissa	NOUN	tulos
tuloksista	NOUN	tulos
tulonsa	NOUN	tulo
tulonsaajia	NOUN	tulon#saaja
tuloskeskusteluun	NOUN	tulos#keskustelu
tuloslaskentansa	NOUN	tulos#laskenta
tulosluettelosta	NOUN	tulos#luettelo
tulosparannusta	NOUN	tulos#parannus
tulossa	VERB	tulla
tulosta	NOUN	tulos
tulostakin	NOUN	tulos
tulostani	NOUN	tulo
tulostasoon	NOUN	tulos#taso
tulosten	NOUN	tulos
tulostustasi	NOUN	tulostus
tulosvaroituksen	NOUN	tulos#varoitus
tulosvastuusta	NOUN	tulos#vastuu
tulot	NOUN	tulo
tulotasoon	NOUN	tulo#taso
tuloveron	NOUN	tulo#vero
tulta	NOUN	tuli
tultaisiinkin	VERB	tulla
tultava	VERB	tulla
tultavan	VERB	tulla
tultiin	VERB	tulla
tultu	VERB	tulla
tultua	VERB	tulla
tultuaan	VERB	tulla
tulvaansa	NOUN	tulva
tulvan	NOUN	tulva
tulvapyrskähdyksen	NOUN	tulva#pyrskähdys
tulvat	NOUN	tulva
tulvien	NOUN	tulva
tulviessa	VERB	tulvia
tulvineen	VERB	tulvia
tulvista	NOUN	tulva
tulvivasta	VERB	tulvia
tummaa	ADJ	tumma
tummalla	ADJ	tumma
tummalle	ADJ	tumma
tummalta	ADJ	tumma
tumman	ADJ	tumma
tummansinisessä	ADJ	tumman#sininen
tummat	ADJ	tumma
tummemmat	ADJ	tumma
tummempi	ADJ	tumma
tummempina	ADJ	tumma
tummiin	ADJ	tumma
tummui	VERB	tummua
tummunutta	VERB	tummua
tummuu	VERB	tummua
tungette	VERB	tunkea
tungoksen	NOUN	tungos
tungoksessa	NOUN	tungos
tungoksesta	NOUN	tungos
tunisian	PROPN	Tunisia
tunkee	VERB	tunkea
tunkioista	NOUN	tunkio
tunkivat	VERB	tunkea
tunkkaiselta	ADJ	tunkkainen
tunne	VERB	tuntea
tunnearvoa	NOUN	tunne#arvo
tunneiksi	NOUN	tunti
tunnekuohun	NOUN	tunne#kuohu
tunnelmaa	NOUN	tunnelma
tunnelmaan	NOUN	tunnelma
tunnelmallista	ADJ	tunnelmallinen
tunnelman	NOUN	tunnelma
tunnelmia	NOUN	tunnelma
tunnelmiin	NOUN	tunnelma
tunnemme	VERB	tuntea
tunnen	VERB	tuntea
tunneta	VERB	tuntea
tunnetaan	VERB	tuntea
tunnetta	NOUN	tunne
tunnettava	VERB	tuntea
tunnettavuutensa	NOUN	tunnettavuus
tunnettiin	VERB	tuntea
tunnettu	VERB	tuntea
tunnettuja	ADJ	tunnettu
tunnettuuden	NOUN	tunnettuus
tunnettuudesta	NOUN	tunnettuus
tunnettuun	VERB	tuntea
tunnettuutta	NOUN	tunnettuus
tunnetuimmasta	ADJ	tunnettu
tunnetuimmista	ADJ	tunnettu
tunnetuimpiin	ADJ	tunnettu
tunnetuin	ADJ	tunnettu
tunnetuksi	ADJ	tunnettu
tunnetun	ADJ	tunnettu
tunneverbien	NOUN	tunne#verbi
tunniksi	NOUN	tunti
tunnilla	NOUN	tunti
tunnin	NOUN	tunti
tunnissa	NOUN	tunti
tunnista	VERB	tunnistaa
tunnistamattoman	ADJ	tunnistamaton
tunnistamiseksi	NOUN	tunnistaminen
tunnistamisessa	NOUN	tunnistaminen
tunnistamisia	NOUN	tunnistaminen
tunnistamista	NOUN	tunnistaminen
tunnistan	VERB	tunnistaa
tunnistanut	VERB	tunnistaa
tunnistetaan	VERB	tunnistaa
tunnistettava	VERB	tunnistaa
tunnisti	VERB	tunnistaa
tunnit	NOUN	tunti
tunnollisestakin	ADJ	tunnollinen
tunnukseksi	NOUN	tunnus
tunnuksen	NOUN	tunnus
tunnun	NOUN	tuntu
tunnusmerkitöntä	ADJ	tunnus#merkitön
tunnusmerkkien	NOUN	tunnus#merkki
tunnusomaisen	ADJ	tunnus#omainen
tunnustamiseen	NOUN	tunnustaminen
tunnustamista	NOUN	tunnustaa
tunnustanut	VERB	tunnustaa
tunnustavat	VERB	tunnustaa
tunnustetaan	VERB	tunnustaa
tunnustettua	VERB	tunnustaa
tunnustettuna	VERB	tunnustaa
tunnustetun	VERB	tunnustaa
tunnusti	VERB	tunnustaa
tunnustuksella	NOUN	tunnustus
tunnustuksen	NOUN	tunnustus
tunnustuksena	NOUN	tunnustus
tunnustukset	NOUN	tunnustus
tunnustusta	NOUN	tunnustus
tunnut	VERB	tuntua
tunsi	VERB	tuntea
tunsimme	VERB	tuntea
tunsin	VERB	tuntea
tunteako	VERB	tuntea
tuntee	VERB	tuntea
tunteelta	NOUN	tunne
tunteen	NOUN	tunne
tunteeseen	NOUN	tunne
tunteesta	NOUN	tunne
tunteet	NOUN	tunne
tunteetonta	ADJ	tunteeton
tunteiden	NOUN	tunne
tunteina	NOUN	tunti
tunteista	NOUN	tunne
tunteistaan	NOUN	tunne
tunteita	NOUN	tunne
tunteja	NOUN	tunti
tuntemaan	VERB	tuntea
tuntemani	VERB	tuntea
tuntemat	VERB	tuntea
tuntematonta	ADJ	tuntematon
tuntematta	VERB	tuntea
tuntemattomasta	ADJ	tuntematon
tuntemattomia	ADJ	tuntematon
tuntemattomille	ADJ	tuntematon
tuntemattomilta	ADJ	tuntematon
tuntemattomin	ADJ	tuntematon
tuntemistani	VERB	tuntea
tuntenut	VERB	tuntea
tunteva	VERB	tuntea
tuntevani	VERB	tuntea
tuntevansa	VERB	tuntea
tuntevat	VERB	tuntea
tuntia	NOUN	tunti
tuntien	NOUN	tunti
tuntiin	NOUN	tunti
tuntikausia	NOUN	tunti#kausi
tuntiopettajana	NOUN	tunti#opettaja
tuntomerkkeinä	NOUN	tunto#merkki
tuntu	VERB	tuntua
tuntua	NOUN	tuntu
tuntui	VERB	tuntua
tuntuis	VERB	tuntua
tuntuisikin	VERB	tuntua
tuntuisiko	VERB	tuntua
tuntuivat	VERB	tuntua
tuntumaa	NOUN	tuntuma
tuntumaan	NOUN	tuntuma
tuntunut	VERB	tuntua
tuntureilla	NOUN	tunturi
tuntureita	NOUN	tunturi
tunturimaailman	NOUN	tunturi#maailma
tunturin	NOUN	tunturi
tunturina	NOUN	tunturi
tunturisopulit	NOUN	tunturi#sopuli
tunturista	NOUN	tunturi
tuntuu	VERB	tuntua
tuntuvaan	VERB	tuntua
tuntuvan	ADJ	tuntuva
tuntuvat	VERB	tuntua
tuo	VERB	tuoda
tuodaan	VERB	tuoda
tuoden	VERB	tuoda
tuohon	PRON	tuo
tuohtunutta	ADJ	tuohtunut
tuojan	NOUN	tuoja
tuoksua	NOUN	tuoksu
tuoksui	VERB	tuoksua
tuoksuisi	VERB	tuoksua
tuoksuja	NOUN	tuoksu
tuoksujen	NOUN	tuoksu
tuoksultaan	NOUN	tuoksu
tuoksun	NOUN	tuoksu
tuoksunut	VERB	tuoksua
tuoksuosastoa	NOUN	tuoksu#osasto
tuoksusta	NOUN	tuoksu
tuoksut	NOUN	tuoksu
tuoksuu	VERB	tuoksua
tuoleja	NOUN	tuoli
tuoliin	NOUN	tuoli
tuolilla	NOUN	tuoli
tuolla	PRON	tuo
tuollaisia	ADJ	tuollainen
tuollaista	ADJ	tuollainen
tuolle	PRON	tuo
tuolloiselle	ADJ	tuolloinen
tuolta	PRON	tuo
tuomaan	VERB	tuoda
tuomaankaan	VERB	tuoda
tuoman	VERB	tuoda
tuomareita	NOUN	tuomari
tuomarien	NOUN	tuomari
tuomariston	NOUN	tuomaristo
tuomarityttösellä	NOUN	tuomari#tyttönen
tuomiin	VERB	tuoda
tuomioiden	NOUN	tuomio
tuomioistuimen	NOUN	tuomio#istuin
tuomioistuimille	NOUN	tuomio#istuin
tuomioistuimissa	NOUN	tuomio#istuin
tuomioistuinlaitoksen	NOUN	tuomio#istuin#laitos
tuomioita	NOUN	tuomio
tuomiokapitulille	NOUN	tuomio#kapituli
tuomiokirkkoa	NOUN	tuomio#kirkko
tuomiokirkon	NOUN	tuomio#kirkko
tuomion	NOUN	tuomio
tuomioon	NOUN	tuomio
tuomiossa	NOUN	tuomio
tuomiosta	NOUN	tuomio
tuomiota	NOUN	tuomio
tuomisesta	NOUN	tuominen
tuomista	PROPN	Tuominen
tuomitaan	VERB	tuomita
tuomitsee	VERB	tuomita
tuomitsematta	VERB	tuomita
tuomitsemista	NOUN	tuomitseminen
tuomitsemme	VERB	tuomita
tuomitsi	VERB	tuomita
tuomittava	VERB	tuomita
tuomittavaksi	VERB	tuomita
tuomittiin	VERB	tuomita
tuomittu	VERB	tuomita
tuomitun	VERB	tuomita
tuomme	VERB	tuoda
tuommoista	ADJ	tuommoinen
tuon	PRON	tuo
tuon	VERB	tuoda
tuonniksi	NOUN	tuonti
tuonnilta	NOUN	tuonti
tuonnin	NOUN	tuonti
tuonnissa	NOUN	tuonti
tuonnista	NOUN	tuonti
tuontia	NOUN	tuonti
tuontihetkellä	NOUN	tuonti#hetki
tuontiin	NOUN	tuonti
tuontimaksua	NOUN	tuonti#maksu
tuontitullin	NOUN	tuonti#tulli
tuontitullista	NOUN	tuonti#tulli
tuontituotteisiin	NOUN	tuonti#tuote
tuontituotteita	NOUN	tuonti#tuote
tuonut	VERB	tuoda
tuoreen	ADJ	tuore
tuoreena	ADJ	tuore
tuoreessa	ADJ	tuore
tuorehiivaa	NOUN	tuore#hiiva
tuoreiden	ADJ	tuore
tuoreimmista	ADJ	tuore
tuorein	ADJ	tuore
tuoreita	ADJ	tuore
tuoretta	ADJ	tuore
tuossa	PRON	tuo
tuosta	PRON	tuo
tuostahan	PRON	tuo
tuota	PRON	tuo
tuota	VERB	tuottaa
tuotaessa	VERB	tuoda
tuotaisiin	VERB	tuoda
tuotan	VERB	tuottaa
tuotannon	NOUN	tuotanto
tuotannonalalle	NOUN	tuotannon#ala
tuotannonalalta	NOUN	tuotannon#ala
tuotannossa	NOUN	tuotanto
tuotanto-	NOUN	tuotanto
tuotantoa	NOUN	tuotanto
tuotantoeläimet	NOUN	tuotanto#eläin
tuotantohenkilöautoihin	NOUN	tuotanto#henkilö#auto
tuotantokaudella	NOUN	tuotanto#kausi
tuotantokauden	NOUN	tuotanto#kausi
tuotantoketjua	NOUN	tuotanto#ketju
tuotantokustannusten	NOUN	tuotanto#kustannus
tuotantoluvut	NOUN	tuotanto#luku
tuotantomenetelmien	NOUN	tuotanto#menetelmä
tuotantotoiminnan	NOUN	tuotanto#toiminta
tuotantotuen	NOUN	tuotanto#tuki
tuotantotukia	NOUN	tuotanto#tuki
tuotantovälineiden	NOUN	tuotanto#väline
tuotattelevat	VERB	tuotatella
tuotavan	VERB	tuoda
tuotekehitysprojektiensa	NOUN	tuote#kehitys#projekti
tuotepäällikkönä	NOUN	tuote#päällikkö
tuoteselostetta	NOUN	tuote#seloste
tuotetaan	VERB	tuottaa
tuotetta	NOUN	tuote
tuotettu	VERB	tuottaa
tuotettuun	VERB	tuottaa
tuotot	NOUN	tuotto
tuottaisi	VERB	tuottaa
tuottajalle	NOUN	tuottaja
tuottajamaana	NOUN	tuottaja#maa
tuottajan	NOUN	tuottaja
tuottajana	NOUN	tuottaja
tuottajat	NOUN	tuottaja
tuottajien	NOUN	tuottaja
tuottajienkin	NOUN	tuottaja
tuottama	VERB	tuottaa
tuottaman	VERB	tuottaa
tuottamassa	VERB	tuottaa
tuottamatta	VERB	tuottaa
tuottamia	VERB	tuottaa
tuottamiseksi	NOUN	tuottaminen
tuottamisessa	NOUN	tuottaminen
tuottamista	NOUN	tuottaminen
tuottaneet	VERB	tuottaa
tuottanut	VERB	tuottaa
tuottavampia	ADJ	tuottava
tuottavat	VERB	tuottaa
tuottavia	VERB	tuottaa
tuottaville	VERB	tuottaa
tuotteelta	NOUN	tuote
tuotteen	NOUN	tuote
tuotteensa	NOUN	tuote
tuotteeseen	NOUN	tuote
tuotteesta	NOUN	tuote
tuotteet	NOUN	tuote
tuotteiden	NOUN	tuote
tuotteille	NOUN	tuote
tuotteisiina	NOUN	tuote
tuotteista	NOUN	tuote
tuotteistamisen	NOUN	tuotteistaminen
tuotteita	NOUN	tuote
tuotti	VERB	tuottaa
tuottoisalla	ADJ	tuottoisa
tuottoisimpia	ADJ	tuottoisa
tuottojen	NOUN	tuotto
tuottoprosentit	NOUN	tuotto#prosentti
tuotu	VERB	tuoda
tuotuna	VERB	tuoda
tuotuun	VERB	tuoda
tuovan	VERB	tuoda
tuovat	VERB	tuoda
tupaantuliaisjuhlat	NOUN	tupaan#tuliais#juhla
tupakaksi	NOUN	tupakka
tupakasta	NOUN	tupakka
tupakka-askin	NOUN	tupakka#aski
tupakkaa	NOUN	tupakka
tupakkapussin	NOUN	tupakka#pussi
tupakkatauon	NOUN	tupakka#tauko
tupakkia	NOUN	tupakki
tupakoivat	VERB	tupakoida
tupla-lp:nä	NOUN	tupla#LP
tuplamäärän	NOUN	tupla#määrä
tuplataantuman	NOUN	tupla#taantuma
tupon	NOUN	tupo
tupsuja	NOUN	tupsu
turhaa	ADJ	turha
turhamaisuutta	NOUN	turhamaisuus
turhan	ADJ	turha
turhasta	ADJ	turha
turhat	ADJ	turha
turhautumisen	NOUN	turhautuminen
turhautunut	VERB	turhautua
turhia	ADJ	turha
turhista	ADJ	turha
turingin	PROPN	Turing
turinoimaan	VERB	turinoida
turistia	NOUN	turisti
turistinähtävyyksiksi	NOUN	turisti#nähtävyys
turistiripulin	NOUN	turisti#ripuli
turistirysissä	NOUN	turisti#rysä
turistiviinatulvaa	NOUN	turisti#viina#tulva
turkiksi	NOUN	turkki
turkille	PROPN	Turkki
turkin	NOUN	turkki
turkin	PROPN	Turkki
turkin-vastainen	ADJ	Turkin#vastainen
turkissa	PROPN	Turkki
turkisten	NOUN	turkis
turkkiin	PROPN	Turkki
turkkilaisalueille	NOUN	turkkilais#alue
turkkilaisen	ADJ	turkkilainen
turkkilaiset	ADJ	turkkilainen
turkkilaisia	NOUN	turkkilainen
turkkilaisten	ADJ	turkkilainen
turkmenistaniin	PROPN	Turkmenistan
turkoosinväristä	ADJ	turkoosin#värinen
turkua	PROPN	Turku
turkulaisen	ADJ	turkulainen
turkulaiset	NOUN	turkulainen
turkulaisilla	NOUN	turkulainen
turkulaisista	NOUN	turkulainen
turkulaiskirjoittajat	NOUN	turkulais#kirjoittaja
turkulaisprojektille	NOUN	turkulais#projekti
turkulaisseuran	NOUN	turkulais#seura
turkulaista	ADJ	turkulainen
turkulaisten	ADJ	turkulainen
turkulaisten	NOUN	turkulainen
turkulaistuva	VERB	turkulaistua
turkulaisuutta	NOUN	turkulaisuus
turkulaisvoimin	NOUN	turkulais#voima
turkuun	PROPN	Turku
turman	NOUN	turma
turmeltuneesta	ADJ	turmeltunut
turmiolliset	ADJ	turmiollinen
turmiollisia	ADJ	turmiollinen
turnaukseen	NOUN	turnaus
turnauksen	NOUN	turnaus
turnauksessa	NOUN	turnaus
turnaukset	NOUN	turnaus
turnausansiot	NOUN	turnaus#ansio
turpansa	NOUN	turpa
tursuavat	VERB	tursuta
turtuneita	ADJ	turtunut
turun	PROPN	Turku
turusen	PROPN	Turunen
turussa	PROPN	Turku
turussakin	PROPN	Turku
turusta	PROPN	Turku
turuxin	PROPN	Turux
turvaa	NOUN	turva
turvaamistoimesta	NOUN	turvaamis#toimi
turvaan	NOUN	turva
turvaansa	NOUN	turva
turvaavan	VERB	turvata
turvaavansa	VERB	turvata
turvaistuimeen	NOUN	turva#istuin
turvalaitetöiden	NOUN	turva#laite#työ
turvallisessa	ADJ	turvallinen
turvallisia	ADJ	turvallinen
turvallisimmille	ADJ	turvallinen
turvallisin	ADJ	turvallinen
turvallisina	ADJ	turvallinen
turvallisuuden	NOUN	turvallisuus
turvallisuudesta	NOUN	turvallisuus
turvallisuus-	NOUN	turvallisuus
turvallisuusalan	NOUN	turvallisuus#ala
turvallisuusasiat	NOUN	turvallisuus#asia
turvallisuuslauseketta	NOUN	turvallisuus#lauseke
turvallisuusneuvoston	NOUN	turvallisuus#neuvosto
turvallisuusnäkökohtiin	NOUN	turvallisuus#näkö#kohta
turvallisuussääntöjen	NOUN	turvallisuus#sääntö
turvallisuussääntöjä	NOUN	turvallisuus#sääntö
turvallisuuteen	NOUN	turvallisuus
turvallisuutta	NOUN	turvallisuus
turvalllisuudesta	NOUN	turvallisuus
turvamieheksemme	NOUN	turva#mies
turvan	NOUN	turva
turvapaikanhakijoiden	NOUN	turva#paikan#hakija
turvapaikasta	NOUN	turva#paikka
turvapaikka-	NOUN	turva#paikka
turvapaikka-alalla	NOUN	turva#paikka#ala
turvapaikka-alan	NOUN	turva#paikka#ala
turvapaikka-asioiden	NOUN	turva#paikka#asia
turvapaikkaa	NOUN	turva#paikka
turvapaikkaan	NOUN	turva#paikka
turvapaikkahakemusten	NOUN	turva#paikka#hakemus
turvapaikkapoliittista	ADJ	turva#paikka#poliittinen
turvapaikkapolitiikkaa	NOUN	turva#paikka#politiikka
turvapaikkatilanteesta	NOUN	turva#paikka#tilanne
turvapaikkavalmiuksien	NOUN	turva#paikka#valmius
turvaremmit	NOUN	turva#remmi
turvassa	NOUN	turva
turvattomimmista	ADJ	turvaton
turvauduin	VERB	turvautua
turvauduttava	VERB	turvautua
turvautumaan	VERB	turvautua
turvin	NOUN	turva
turvonneet	VERB	turvota
turvotetuista	VERB	turvottaa
tuskaa	NOUN	tuska
tuskaili	VERB	tuskailla
tuskaisen	ADJ	tuskainen
tuskallisen	ADJ	tuskallinen
tuskasta	NOUN	tuska
tuskastuneena	VERB	tuskastua
tuskinpa	ADV	tuskin
tussahtamisesta	NOUN	tussahtaminen
tussitauluja	NOUN	tussi#taulu
tutinan	NOUN	tutina
tutkailemaan	VERB	tutkailla
tutkakuvassa	NOUN	tutka#kuva
tutkan	NOUN	tutka
tutkattomia	ADJ	tutkaton
tutki	VERB	tutkia
tutkielman	NOUN	tutkielma
tutkielmansa	NOUN	tutkielma
tutkielmassa	NOUN	tutkielma
tutkii	VERB	tutkia
tutkijakollegiumia	NOUN	tutkija#kollegium
tutkijakollegiumit	NOUN	tutkija#kollegium
tutkijakoulutuksen	NOUN	tutkija#koulutus
tutkijalle	NOUN	tutkija
tutkijan	NOUN	tutkija
tutkijana	NOUN	tutkija
tutkijaryhmänsä	NOUN	tutkija#ryhmä
tutkijat	NOUN	tutkija
tutkijatehtäviin	NOUN	tutkija#tehtävä
tutkijatkin	NOUN	tutkija
tutkijoiden	NOUN	tutkija
tutkijoille	NOUN	tutkija
tutkijoista	NOUN	tutkija
tutkimaan	VERB	tutkia
tutkimiseen	NOUN	tutkiminen
tutkimisen	NOUN	tutkiminen
tutkimisprosessista	NOUN	tutkimis#prosessi
tutkimukseen	NOUN	tutkimus
tutkimuksella	NOUN	tutkimus
tutkimuksellaan	NOUN	tutkimus
tutkimuksen	NOUN	tutkimus
tutkimuksensa	NOUN	tutkimus
tutkimuksessa	NOUN	tutkimus
tutkimuksessaan	NOUN	tutkimus
tutkimuksesta	NOUN	tutkimus
tutkimuksestaan	NOUN	tutkimus
tutkimukset	NOUN	tutkimus
tutkimuksia	NOUN	tutkimus
tutkimuksiin	NOUN	tutkimus
tutkimuksissa	NOUN	tutkimus
tutkimuksista	NOUN	tutkimus
tutkimus-	NOUN	tutkimus
tutkimusajanjaksoa	NOUN	tutkimus#ajan#jakso
tutkimusajanjakson	NOUN	tutkimus#ajan#jakso
tutkimusajanjaksona	NOUN	tutkimus#ajan#jakso
tutkimusaloitettamme	NOUN	tutkimus#aloite
tutkimusalojen	NOUN	tutkimus#ala
tutkimusapurahan	NOUN	tutkimus#apu#raha
tutkimuseettisen	ADJ	tutkimus#eettinen
tutkimushankkeita	NOUN	tutkimus#hanke
tutkimushenkilöitä	NOUN	tutkimus#henkilö
tutkimusjakson	NOUN	tutkimus#jakso
tutkimuskentässä	NOUN	tutkimus#kenttä
tutkimuskeskuksen	NOUN	tutkimus#keskus
tutkimuskeskuksesta	NOUN	tutkimus#keskus
tutkimuskeskusten	NOUN	tutkimus#keskus
tutkimuskulurahoitusta	NOUN	tutkimus#kulu#rahoitus
tutkimuslaboratorioissa	NOUN	tutkimus#laboratorio
tutkimuslaitoksen	NOUN	tutkimus#laitos
tutkimuslaitosten	NOUN	tutkimus#laitos
tutkimusmenetelmät	NOUN	tutkimus#menetelmä
tutkimusprojektille	NOUN	tutkimus#projekti
tutkimusrahoitukseen	NOUN	tutkimus#rahoitus
tutkimusrahoituksen	NOUN	tutkimus#rahoitus
tutkimusrahoituksesta	NOUN	tutkimus#rahoitus
tutkimusraportteja	NOUN	tutkimus#raportti
tutkimusryhmien	NOUN	tutkimus#ryhmä
tutkimusta	NOUN	tutkimus
tutkimustehtäviin	NOUN	tutkimus#tehtävä
tutkimusten	NOUN	tutkimus
tutkimustietoa	NOUN	tutkimus#tieto
tutkimustoiminnan	NOUN	tutkimus#toiminta
tutkimustoimintaan	NOUN	tutkimus#toiminta
tutkimustuloksia	NOUN	tutkimus#tulos
tutkimustuloksistaan	NOUN	tutkimus#tulos
tutkimustulosten	NOUN	tutkimus#tulos
tutkimustyöhön	NOUN	tutkimus#työ
tutkimustyön	NOUN	tutkimus#työ
tutkimustyötä	NOUN	tutkimus#työ
tutkimusvastaavaan	NOUN	tutkimus#vastaava
tutkin	VERB	tutkia
tutkinnan	NOUN	tutkinta
tutkinnon	NOUN	tutkinto
tutkinnosta	NOUN	tutkinto
tutkintaa	NOUN	tutkinta
tutkintoa	NOUN	tutkinto
tutkintonimikkeet	NOUN	tutkinto#nimike
tutkintoon	NOUN	tutkinto
tutkintopapereita	NOUN	tutkinto#paperi
tutkinut	VERB	tutkia
tutkitaan	VERB	tutkia
tutkittava	VERB	tutkia
tutkittavana	VERB	tutkia
tutkittu	VERB	tutkia
tutkittuani	VERB	tutkia
tutkittuna	VERB	tutkia
tutkituille	VERB	tutkia
tutkiva	VERB	tutkia
tutkivat	VERB	tutkia
tutkiville	VERB	tutkia
tutoriaalit	NOUN	tutoriaali
tuttavuuden	NOUN	tuttavuus
tuttavuuksille	NOUN	tuttavuus
tuttua	ADJ	tuttu
tuttuihin	ADJ	tuttu
tuttuine	ADJ	tuttu
tuttuja	ADJ	tuttu
tuttuja	NOUN	tuttu
tuttuun	ADJ	tuttu
tutuille	NOUN	tuttu
tutuin	ADJ	tuttu
tutuksi	ADJ	tuttu
tutulla	ADJ	tuttu
tutulta	ADJ	tuttu
tutummat	ADJ	tuttu
tutun	ADJ	tuttu
tutun	NOUN	tuttu
tutussa	ADJ	tuttu
tutustui	VERB	tutustua
tutustuivat	VERB	tutustua
tutustumaan	VERB	tutustua
tutustumalla	VERB	tutustua
tutustumassa	VERB	tutustua
tutustunut	VERB	tutustua
tutustutaan	VERB	tutustua
tutustuttamiskursseilta	NOUN	tutustuttamis#kurssi
tutustuttamisohjelmia	NOUN	tutustuttamis#ohjelma
tutustuttamisohjelmien	NOUN	tutustuttamis#ohjelma
tutustuttamisohjelmissa	NOUN	tutustuttamis#ohjelma
tutustuttaviksi	VERB	tutustua
tutustutti	VERB	tutustuttaa
tutustuttuaan	VERB	tutustua
tutustuu	VERB	tutustua
tutustuvat	VERB	tutustua
tuu	VERB	tulla
tuuditti	VERB	tuudittaa
tuuhan	VERB	tulla
tuulella	NOUN	tuuli
tuulen	NOUN	tuuli
tuulenvireen	NOUN	tuulen#vire
tuulessa	NOUN	tuuli
tuuleta	VERB	tuulettaa
tuuletetaan	VERB	tuulettaa
tuuletuslaitteita	NOUN	tuuletus#laite
tuulia	NOUN	tuuli
tuuliset	ADJ	tuulinen
tuuliviirejä	NOUN	tuuli#viiri
tuulivoimaa	NOUN	tuuli#voima
tuulta	NOUN	tuuli
tuultani	NOUN	tuuli
tuulten	NOUN	tuuli
tuumasi	VERB	tuumata
tuumi	VERB	tuumia
tuumii	VERB	tuumia
tuumimaan	VERB	tuumia
tuumin	VERB	tuumia
tuumivat	VERB	tuumia
tuupertui	VERB	tuupertua
tuuppasi	VERB	tuupata
tuuraa	PROPN	Tuura
tuuriin	NOUN	tuuri
tuusulassa	PROPN	Tuusula
tv-	NOUN	tv
tv-kanavia	NOUN	tv#kanava
tv-maksu	NOUN	TV#maksu
tv-sarjasta	NOUN	tv#sarja
tv-sarjat	NOUN	tv#sarja
tv-sarjoissa	NOUN	tv#sarja
tv-yhtiö	NOUN	tv#yhtiö
tv-yhtiön	NOUN	tv#yhtiö
tv1:n	PROPN	TV1
tv:ssä	NOUN	tv
tv:stä	NOUN	TV
twitterissä	PROPN	Twitter
tyhjenevästä	VERB	tyhjetä
tyhjeni	VERB	tyhjetä
tyhjennyttyä	VERB	tyhjentyä
tyhjentynyt	VERB	tyhjentyä
tyhjentänyt	VERB	tyhjentää
tyhjien	ADJ	tyhjä
tyhjiksi	ADJ	tyhjä
tyhjiä	ADJ	tyhjä
tyhjiötä	NOUN	tyhjiö
tyhjyyden	NOUN	tyhjyys
tyhjäksi	ADJ	tyhjä
tyhjäkäyntiin	NOUN	tyhjä#käynti
tyhjäkäyttämisestä	NOUN	tyhjä#käyttäminen
tyhjän	ADJ	tyhjä
tyhjästä	ADJ	tyhjä
tyhjää	ADJ	tyhjä
tyhmiä	ADJ	tyhmä
tyhmyyttä	NOUN	tyhmyys
tyhmäilet	VERB	tyhmäillä
tyhmää	ADJ	tyhmä
tykeillä	NOUN	tykki
tykistöllä	NOUN	tykistö
tykkäisi	VERB	tykätä
tykkäsin	VERB	tykätä
tykkää	VERB	tykätä
tykkään	VERB	tykätä
tykkäät	VERB	tykätä
tykkääväsi	VERB	tykätä
tykkäävät	VERB	tykätä
tyksin	PROPN	TYKS
tykyttävä	VERB	tykyttää
tylsistymistään	NOUN	tylsistyminen
tylsiä	ADJ	tylsä
tylsätkin	ADJ	tylsä
tylsää	ADJ	tylsä
tympi	VERB	tympiä
tympii	VERB	tympiä
tynnyrin	NOUN	tynnyri
typen	NOUN	typpi
typerille	ADJ	typerä
typeriltä	ADJ	typerä
typerimpiä	ADJ	typerä
typerän	ADJ	typerä
typerässä	ADJ	typerä
tyrmistyneet	VERB	tyrmistyä
tyrmäyksellä	NOUN	tyrmäys
tyrmäävät	VERB	tyrmätä
tyrnejä	NOUN	tyrni
tyrrell-talli	NOUN	Tyrrell#talli
tyrrellin	PROPN	Tyrrell
tyrvään	PROPN	Tyrvää
tyrväästä	PROPN	Tyrvää
tyssäsivät	VERB	tyssätä
tyttären	NOUN	tytär
tyttäreni	NOUN	tytär
tyttärensä	NOUN	tytär
tyttärestä	NOUN	tytär
tyttäriä	NOUN	tytär
tyttöjen	NOUN	tyttö
tyttölapselle	NOUN	tyttö#lapsi
tyttölapsen	NOUN	tyttö#lapsi
tyttömäisiä	ADJ	tyttömäinen
tyttönimeltäni	NOUN	tyttö#nimi
tyttövauvan	NOUN	tyttö#vauva
tyttöystävänsä	NOUN	tyttö#ystävä
tyttöystävästä	NOUN	tyttö#ystävä
tyttöä	NOUN	tyttö
tytärpankit	NOUN	tytär#pankki
tytärtä	NOUN	tytär
tytäryhtiön	NOUN	tytär#yhtiö
tytöille	NOUN	tyttö
tytöiltä	NOUN	tyttö
tytöistä	NOUN	tyttö
tytöksi	NOUN	tyttö
tytölle	NOUN	tyttö
tytöllä	NOUN	tyttö
tytöltä	NOUN	tyttö
tytön	NOUN	tyttö
tytöt	NOUN	tyttö
tyvessä	NOUN	tyvi
tyvestä	NOUN	tyvi
tyvipäästä	NOUN	tyvi#pää
tyy:n	PROPN	TYY
tyydymme	VERB	tyytyä
tyydytettyä	VERB	tyydyttää
tyydyttiin	VERB	tyytyä
tyydyttäisi	VERB	tyydyttää
tyydyttämisessä	NOUN	tyydyttäminen
tyydyttämään	VERB	tyydyttää
tyydyttänyt	VERB	tyydyttää
tyydyttävä	VERB	tyydyttää
tyydyttävällä	ADJ	tyydyttävä
tyydyttävän	ADJ	tyydyttävä
tyydyttääkseen	VERB	tyydyttää
tyydytyksen	NOUN	tyydytys
tyyleistä	NOUN	tyyli
tyyliin	NOUN	tyyli
tyylikkäämmällä	ADJ	tyylikäs
tyylikkään	ADJ	tyylikäs
tyylin	NOUN	tyyli
tyylisen	ADJ	tyylinen
tyylissä	NOUN	tyyli
tyyliä	NOUN	tyyli
tyyliään	NOUN	tyyli
tyyn	PROPN	TYY
tyynellemerelle	PROPN	Tyynimeri
tyynellämerellä	PROPN	Tyynimeri
tyynenmeren	PROPN	Tyynimeri
tyynnyin	VERB	tyyntyä
tyynnyteltävää	VERB	tyynnytellä
tyynyjä	NOUN	tyyny
tyynynä	NOUN	tyyny
tyynystä	NOUN	tyyny
tyypilliseen	ADJ	tyypillinen
tyypillisenä	ADJ	tyypillinen
tyypillisessä	ADJ	tyypillinen
tyypillisimmistä	ADJ	tyypillinen
tyypillisin	ADJ	tyypillinen
tyypistä	NOUN	tyyppi
tyyppejä	NOUN	tyyppi
tyyppisestä	ADJ	tyyppinen
tyyppisiä	ADJ	tyyppinen
tyyrää	VERB	tyyrätä
tyytymättömyytemme	NOUN	tyytymättömyys
tyytymätöntä	ADJ	tyytymätön
tyytyväisen	ADJ	tyytyväinen
tyytyväisenä	ADJ	tyytyväinen
tyytyväisinä	ADJ	tyytyväinen
tyytyväisiä	ADJ	tyytyväinen
tyytyväisyyden	NOUN	tyytyväisyys
tyytyväisyytensä	NOUN	tyytyväisyys
tyytyy	VERB	tyytyä
tyytyykin	VERB	tyytyä
työ-	NOUN	työ
työaikana	NOUN	työ#aika
työajan	NOUN	työ#aika
työajat	NOUN	työ#aika
työantajat	NOUN	työn#antaja
työasioita	NOUN	työ#asia
työehtokiistaan	NOUN	työ#ehto#kiista
työehtokiistassa	NOUN	työ#ehto#kiista
työehtosopimuksen	NOUN	työ#ehto#sopimus
työeläkejärjestelmien	NOUN	työ#eläke#järjestelmä
työeläkevalvontaviranomaisten	NOUN	työ#eläke#valvonta#viran#omainen
työelämäläheisyyteen	NOUN	työ#elämä#läheisyys
työelämän	NOUN	työ#elämä
työelämässä	NOUN	työ#elämä
työelämästä	NOUN	työ#elämä
työelämää	NOUN	työ#elämä
työelämään	NOUN	työ#elämä
työhön	NOUN	työ
työjärjestyksen	NOUN	työ#järjestys
työjärjestyksessä	NOUN	työ#järjestys
työjärjestyksestä	NOUN	työ#järjestys
työjärjestystä	NOUN	työ#järjestys
työkaluja	NOUN	työ#kalu
työkaveriani	NOUN	työ#kaveri
työkaverini	NOUN	työ#kaveri
työkokemusvaatimusta	NOUN	työ#kokemus#vaatimus
työkoneiden	NOUN	työ#kone
työkseen	NOUN	työ
työkulttuurin	NOUN	työ#kulttuuri
työkyvyttömyyseläkkeet	NOUN	työ#kyvyttömyys#eläke
työlainsäädäntöä	NOUN	työ#lain#säädäntö
työllisti	VERB	työllistää
työllistymistä	NOUN	työllistyminen
työllistyviin	VERB	työllistyä
työllistämistoimenpiteet	NOUN	työllistämis#toimen#pide
työllistämistoimenpiteiden	NOUN	työllistämis#toimen#pide
työllistämistoimenpiteisiin	NOUN	työllistämis#toimen#pide
työllistämistoimenpiteitä	NOUN	työllistämis#toimen#pide
työllisyydelle	NOUN	työllisyys
työllisyyden	NOUN	työllisyys
työllisyydestä	NOUN	työllisyys
työllisyystilanteeseen	NOUN	työllisyys#tilanne
työllisyyteen	NOUN	työllisyys
työllisyyttä	NOUN	työllisyys
työllähän	NOUN	työ
työllään	NOUN	työ
työläisten	NOUN	työläinen
työlästä	ADJ	työläs
työmarkkinaosapuolille	NOUN	työ#markkina#osa#puoli
työmarkkinoilla	NOUN	työ#markkinat
työmarkkinoille	NOUN	työ#markkinat
työmarkkinoita	NOUN	työ#markkinat
työmatkalla	NOUN	työ#matka
työmatkalle	NOUN	työ#matka
työmatkoilla	NOUN	työ#matka
työmatkoja	NOUN	työ#matka
työmme	NOUN	työ
työmoraalin	NOUN	työ#moraali
työmääriin	NOUN	työ#määrä
työmääristä	NOUN	työ#määrä
työmäärän	NOUN	työ#määrä
työmäärästä	NOUN	työ#määrä
työmäärät	NOUN	työ#määrä
työn	NOUN	työ
työnantajaa	NOUN	työn#antaja
työnantajalle	NOUN	työn#antaja
työnantajia	NOUN	työn#antaja
työnantajian	NOUN	työn#antaja
työnantajien	NOUN	työn#antaja
työnantajille	NOUN	työn#antaja
työnhakijaa	NOUN	työn#hakija
työnhakijoiden	NOUN	työn#hakija
työnhakua	NOUN	työn#haku
työnhakutilanteissa	NOUN	työn#haku#tilanne
työnhakuun	NOUN	työn#haku
työnhaun	NOUN	työ#haku
työni	NOUN	työ
työnsi	VERB	työntää
työnsivät	VERB	työntää
työnsä	NOUN	työ
työntekijältä	NOUN	työn#tekijä
työntekijän	NOUN	työn#tekijä
työntekijänä	NOUN	työn#tekijä
työntekijät	NOUN	työn#tekijä
työntekijää	NOUN	työn#tekijä
työntekijöille	NOUN	työn#tekijä
työntekijöistä	NOUN	työn#tekijä
työntekijöitä	NOUN	työn#tekijä
työntekjöinä	NOUN	työn#tekijä
työntyi	VERB	työntyä
työntyivät	VERB	työntyä
työntynyt	VERB	työntyä
työntäyteiseltä	ADJ	työn#täyteinen
työohjelmiin	NOUN	työ#ohjelma
työorientaationi	NOUN	työ#orientaatio
työpaikaksi	NOUN	työ#paikka
työpaikalla	NOUN	työ#paikka
työpaikalle	NOUN	työ#paikka
työpaikalta	NOUN	työ#paikka
työpaikan	NOUN	työ#paikka
työpaikas	NOUN	työpaikka
työpaikat	NOUN	työ#paikka
työpaikkaa	NOUN	työ#paikka
työpaikkaan	NOUN	työ#paikka
työpaikkalounaasta	NOUN	työ#paikka#lounas
työpaikkansa	NOUN	työ#paikka
työpaikkoihin	NOUN	työ#paikka
työpaikkojen	NOUN	työ#paikka
työpaikoista	NOUN	työ#paikka
työpajoihin	NOUN	työ#paja
työpanoksemme	NOUN	työ#panos
työperäisen	ADJ	työ#peräinen
työpistettä	NOUN	työ#piste
työpäivän	NOUN	työ#päivä
työpäivänä	NOUN	työ#päivä
työpäivää	NOUN	työ#päivä
työryhmien	NOUN	työ#ryhmä
työryhmiä	NOUN	työ#ryhmä
työryhmän	NOUN	työ#ryhmä
työryhmään	NOUN	työ#ryhmä
työryhmäänsä	NOUN	työ#ryhmä
työsarkaa	NOUN	työ#sarka
työskennellessään	VERB	työskennellä
työskennellyt	VERB	työskennellä
työskennellyttä	VERB	työskennellä
työskenneltyään	VERB	työskennellä
työskenneltävä	VERB	työskennellä
työskentelee	VERB	työskennellä
työskentelemään	VERB	työskennellä
työskentelevien	VERB	työskennellä
työskentelevä	VERB	työskennellä
työskentelevän	VERB	työskennellä
työskentelevänsä	VERB	työskennellä
työskentelevät	VERB	työskennellä
työskentelevää	VERB	työskennellä
työskenteli	VERB	työskennellä
työskentelisivät	VERB	työskennellä
työskentelyjaksoa	NOUN	työskentely#jakso
työskentelyn	NOUN	työskentely
työskentelyolosuhteista	NOUN	työskentely#olo#suhteet
työskentelystä	NOUN	työskentely
työskentelytapoihin	NOUN	työskentely#tapa
työskentelyyn	NOUN	työskentely
työskentelyä	NOUN	työskentely
työsopimuksiaan	NOUN	työ#sopimus
työsopimuksin	NOUN	työ#sopimus
työssä	NOUN	työ
työssäkäynti-alueeseen	NOUN	työssä#käynti#alue
työssäkäyntialueen	NOUN	työssä#käynti#alue
työssään	NOUN	työ
työstä	NOUN	työ
työstämään	VERB	työstää
työstään	NOUN	työ
työstössä	NOUN	työstö
työsuhteensa	NOUN	työ#suhde
työt	NOUN	työ
työtaisteluun	NOUN	työ#taistelu
työtapoja	NOUN	työ#tapa
työtehtävien	NOUN	työ#tehtävä
työtehtäviin	NOUN	työ#tehtävä
työtilannetta	NOUN	työ#tilanne
työtilanteensa	NOUN	työ#tilanne
työtilassani	NOUN	työ#tila
työtiloihin	NOUN	työ#tila
työttä	NOUN	työ
työttömien	ADJ	työtön
työttömien	NOUN	työtön
työttömiä	ADJ	työtön
työttömyyden	NOUN	työttömyys
työttömyydestä	NOUN	työttömyys
työttömyysasteen	NOUN	työttömyys#aste
työttömyyskorvausta	NOUN	työttömyys#korvaus
työttömyysturvajärjestelmän	NOUN	työttömyys#turva#järjestelmä
työttömyysturvan	NOUN	työttömyys#turva
työttömyyttä	NOUN	työttömyys
työttömäksi	ADJ	työtön
työttömänä	ADJ	työtön
työttömät	ADJ	työtön
työttömät	NOUN	työtön
työtä	NOUN	työ
työtätekevien	ADJ	työtä#tekevä
työtöntä	ADJ	työtön
työurien	NOUN	työ#ura
työuupumukseen	NOUN	työ#uupumus
työvoimaa	NOUN	työ#voima
työvoiman	NOUN	työ#voima
työvoimankysyntä	NOUN	työ#voima#kysyntä
työvoimapolitiikan	NOUN	työ#voima#politiikka
työvoimasta	NOUN	työ#voima
työvuoroa	NOUN	työ#vuoro
työväen	NOUN	työ#väki
työväenasunnoissa	NOUN	työ#väen#asunto
työväenlehdistön	NOUN	työ#väen#lehdistö
työväenpuolueesta	NOUN	työ#väen#puolue
työvälineitä	NOUN	työ#väline
työyhteisössä	NOUN	työ#yhteisö
tähdeltä	NOUN	tähti
tähden	NOUN	tähti
tähdenlennon	NOUN	tähden#lento
tähdet	NOUN	tähti
tähdistössä	NOUN	tähdistö
tähdittämistään	VERB	tähdittää
tähdittämä	VERB	tähdittää
tähteet	NOUN	tähde
tähtiharrastusta	NOUN	tähti#harrastus
tähtijärjestelmiä	NOUN	tähti#järjestelmä
tähtikarttojen	NOUN	tähti#kartta
tähtikuviot	NOUN	tähti#kuvio
tähtitieteen	NOUN	tähti#tiede
tähtitorninmäkeä	PROPN	Tähtitorninmäki
tähtitornirakennuksesta	NOUN	tähti#torni#rakennus
tähtiuran	NOUN	tähti#ura
tähtiyöhön	NOUN	tähti#yö
tähtiä	NOUN	tähti
tähtäili	VERB	tähtäillä
tähtäimellä	NOUN	tähtäin
tähtäimen	NOUN	tähtäin
tähtäimenä	NOUN	tähtäin
tähtäimet	NOUN	tähtäin
tähtäsi	VERB	tähdätä
tähtää	VERB	tähdätä
tähtääviä	VERB	tähdätä
tähtäävälle	VERB	tähdätä
tähän	PRON	tämä
tähän(kin)	PRON	tämä
tähänastista	ADJ	tähänastinen
tähänkin	PRON	tämä
täksi	PRON	tämä
tällaiseen	ADJ	tällainen
tällaiseen	NOUN	tällainen
tällaisella	ADJ	tällainen
tällaiselle	ADJ	tällainen
tällaiselta	ADJ	tällainen
tällaisen	ADJ	tällainen
tällaisena	ADJ	tällainen
tällaisessa	ADJ	tällainen
tällaisesta	ADJ	tällainen
tällaiset	ADJ	tällainen
tällaisia	ADJ	tällainen
tällaisiin	ADJ	tällainen
tällaisilla	ADJ	tällainen
tällaisina	ADJ	tällainen
tällaisissa	ADJ	tällainen
tällaista	ADJ	tällainen
tällaisten	ADJ	tällainen
tällasesta	ADJ	tällainen
tälle	PRON	tämä
tällekin	PRON	tämä
tällä	PRON	tämä
tällänen	ADJ	tällainen
tällöinen	ADV	tällöin
tällön	ADV	tällöin
tältä	PRON	tämä
tämmöstä	ADJ	tämmöinen
tämäkin	PRON	tämä
tämän	PRON	tämä
tämänaamuisessa	ADJ	tämänaamuinen
tämänhetkiseen	ADJ	tämänhetkinen
tämänhetkisestä	ADJ	tämänhetkinen
tämänkaltaiset	ADJ	tämän#kaltainen
tämänkertaisessa	ADJ	tämänkertainen
tämänkin	PRON	tämä
tämänpäiväisestä	ADJ	tämän#päiväinen
tämänpäiväisiin	ADJ	tämänpäiväinen
tämäntyyppisessä	ADJ	tämän#tyyppinen
tämäntyyppistä	ADJ	tämäntyyppinen
tämänvuotisessa	ADJ	tämän#vuotinen
tämänvuotisesta	ADJ	tämän#vuotinen
tämänvuotisten	ADJ	tämän#vuotinen
tän	PRON	tämä
tänä	PRON	tämä
tänäkin	PRON	tämä
tänäkään	PRON	tämä
tänää	ADV	tänään
tänäänkin	ADV	tänään
täplikkäiksi	ADJ	täplikäs
tärisevät	VERB	täristä
tärisi	VERB	täristä
tärkeiksi	ADJ	tärkeä
tärkeimmistä	ADJ	tärkeä
tärkeimmän	ADJ	tärkeä
tärkeimmät	ADJ	tärkeä
tärkeimpien	ADJ	tärkeä
tärkeimpiä	ADJ	tärkeä
tärkein	ADJ	tärkeä
tärkeintä	ADJ	tärkeä
tärkeitä	ADJ	tärkeä
tärkeyden	NOUN	tärkeys
tärkeydestä	NOUN	tärkeys
tärkeysjärjestykseen	NOUN	tärkeys#järjestys
tärkeyttä	NOUN	tärkeys
tärkeäksi	ADJ	tärkeä
tärkeämpi	ADJ	tärkeä
tärkeämpiäkin	ADJ	tärkeä
tärkeämpää	ADJ	tärkeä
tärkeämpääkin	ADJ	tärkeä
tärkeän	ADJ	tärkeä
tärkeänä	ADJ	tärkeä
tärkeästä	ADJ	tärkeä
tärkeät	ADJ	tärkeä
tärkeätä	ADJ	tärkeä
tärkeää	ADJ	tärkeä
tärkeään	ADJ	tärkeä
tärvätty	VERB	tärvätä
tärähtämisen	NOUN	tärähtäminen
täsmennetty	VERB	täsmentää
täsmennettävä	VERB	täsmentää
täsmennetään	VERB	täsmentää
täsmennystä	NOUN	täsmennys
täsmännetään	VERB	täsmentää
tässä	PRON	tämä
tässäkin	PRON	tämä
tässäkö	PRON	tämä
täst	PRON	tämä
tästä	PRON	tämä
tästäkin	PRON	tämä
tätä	PRON	tämä
tätäkä	PRON	tämä
täydelliseen	ADJ	täydellinen
täydellisen	ADJ	täydellinen
täydellisessä	ADJ	täydellinen
täydelliset	ADJ	täydellinen
täydellisten	ADJ	täydellinen
täydellistä	ADJ	täydellinen
täydellä	ADJ	täysi
täyden	ADJ	täysi
täydennettiin	VERB	täydentää
täydennetty	VERB	täydentää
täydennyksen	NOUN	täydennys
täydennyksistä	NOUN	täydennys
täydennyskoulutuksen	NOUN	täydennys#koulutus
täydennystä	NOUN	täydennys
täydentämiseksi	NOUN	täydentäminen
täydentämään	VERB	täydentää
täydentäviä	ADJ	täydentävä
täydentävän	ADJ	täydentävä
täydentävät	VERB	täydentää
täydentävää	ADJ	täydentävä
täydentävää	VERB	täydentää
täydet	ADJ	täysi
täydy	AUX	täytyä
täysi-ikäiseksi	ADJ	täysi#ikäinen
täysikasvuisia	ADJ	täysi#kasvuinen
täysimääräisenä	ADJ	täysi#määräinen
täysistunnossa	NOUN	täys#istunto
täysjuoksuun	NOUN	täys#juoksu
täysjyväpastaa	NOUN	täysjyvä#pasta
täysjäseniksi	NOUN	täysjäsen
täysjäsenyyttä	NOUN	täys#jäsenyys
täyteen	ADJ	täysi
täytettiin	VERB	täyttää
täytettynä	VERB	täyttää
täytettä	NOUN	täyte
täytettäviä	VERB	täyttää
täytettävä	VERB	täyttää
täytetään	VERB	täyttää
täytteenä	NOUN	täyte
täytteessä	NOUN	täyte
täytteet	NOUN	täyte
täytteiden	NOUN	täyte
täytteitä	NOUN	täyte
täytti	VERB	täyttää
täyttyi	VERB	täyttyä
täyttymisen	NOUN	täyttyminen
täyttymistä	NOUN	täyttyminen
täyttymättä	VERB	täyttyä
täyttynyt	VERB	täyttyä
täyttyvät	VERB	täyttyä
täyttä	ADJ	täysi
täyttämiseen	NOUN	täyttäminen
täyttämiseksi	NOUN	täyttäminen
täyttämisen	NOUN	täyttäminen
täyttämisessä	NOUN	täyttäminen
täyttämistä	NOUN	täyttäminen
täyttämällä	VERB	täyttää
täyttämässä	VERB	täyttää
täyttämää	VERB	täyttää
täyttämään	VERB	täyttää
täyttäneensä	VERB	täyttää
täyttäneille	VERB	täyttää
täyttänyt	VERB	täyttää
täyttävän	VERB	täyttää
täyttävänsä	VERB	täyttää
täyttävät	VERB	täyttää
täyttääkseen	VERB	täyttää
täyttääkö	VERB	täyttää
täytyi	AUX	täytyä
täytyisi	AUX	täytyä
täytynyt	AUX	täytyä
täytyy	AUX	täytyä
täytyyhän	AUX	täytyä
täytä	VERB	täyttää
täytäntöönpanemiseksi	NOUN	täytäntöönpaneminen
täytäntöönpanoa	NOUN	täytäntöönpano
täytäntöönpanoasetuksen	NOUN	täytäntöönpano#asetus
täytäntöönpanoelinten	NOUN	täytäntöönpano#elin
täytäntöönpanomenettelyt	NOUN	täytäntöönpano#menettely
täytäntöönpanon	NOUN	täytäntöönpano
täytäntöönpanossa	NOUN	täytäntöönpano
täytäntöönpanosta	NOUN	täytäntöönpano
täytäntöönpanotoimet	NOUN	täytäntöön#pano#toimi
täytäntöönpanotoimia	NOUN	täytäntöön#pano#toimi
täytäntöönpanotoimien	NOUN	täytäntöön#pano#toimi
täytäntöönpanotoimistaan	NOUN	täytäntöön#pano#toimi
täytäntöönpantavaksi	VERB	täytäntöönpanna
tää	PRON	tämä
täälläkin	ADV	täällä
töiden	NOUN	työ
töihin	NOUN	työ
töissä	NOUN	työ
töistämme	NOUN	työ
töistämmekin	NOUN	työ
töistään	NOUN	työ
töittensä	NOUN	työ
töitä	NOUN	työ
töitäkin	NOUN	työ
töitään	NOUN	työ
tökin	VERB	tökkiä
tölkistä	NOUN	tölkki
tölkkejä	NOUN	tölkki
tölkkien	NOUN	tölkki
tömähtävät	VERB	tömähtää
tönin	VERB	töniä
tönäisen	VERB	tönäistä
töpeksinnän	NOUN	töpeksintä
törkeet	ADJ	törkeä
törkeetä	ADJ	törkeä
törkeästä	ADJ	törkeä
törmäili	VERB	törmäillä
törmäisi	VERB	törmätä
törmäisivät	VERB	törmätä
törmäsi	VERB	törmätä
törmäsin	VERB	törmätä
törmäsivät	VERB	törmätä
törmättiin	VERB	törmätä
törmäyksen	NOUN	törmäys
törmäyshetkellä	NOUN	törmäys#hetki
törmää	VERB	törmätä
törmäätte	VERB	törmätä
törnuddin	PROPN	Törnudd
töölön	PROPN	Töölö
töötin	NOUN	töötti
türkiin	NOUN	türki
türkillä	PROPN	Türki
tšagatain	NOUN	tšagatai
tšekin	PROPN	Tšekki
tšekkien	NOUN	tšekki
tšekkiläisten	NOUN	tšekkiläinen
tšeljabinskin	PROPN	Tšeljabinsk
tšerepanovin	PROPN	Tšerepanov
u-17	NUM	u#17
u-vokaalin	NOUN	u#vokaali
ufaa	PROPN	Ufa
ufan	PROPN	Ufa
ugandan	PROPN	Uganda
ugglan	PROPN	Uggla
uhan	NOUN	uhka
uhanalaista	ADJ	uhan#alainen
uhanneet	VERB	uhata
uhannut	VERB	uhata
uhaten	VERB	uhata
uhattuna	VERB	uhata
uhkaa	VERB	uhata
uhkaako	VERB	uhata
uhkaamaan	VERB	uhata
uhkaamista	NOUN	uhkaaminen
uhkaavan	ADJ	uhkaava
uhkaavan	VERB	uhata
uhkaavat	VERB	uhata
uhkailee	VERB	uhkailla
uhkailevat	VERB	uhkailla
uhkailut	NOUN	uhkailu
uhkana	NOUN	uhka
uhkasakolla	NOUN	uhka#sakko
uhkasi	VERB	uhata
uhkasivat	VERB	uhata
uhkauksilta	NOUN	uhkaus
uhkia	NOUN	uhka
uhkista	NOUN	uhka
uhkuen	VERB	uhkua
uhmaaviin	ADJ	uhmaava
uhoaan	NOUN	uho
uhoamiseen	NOUN	uhoaminen
uhonnut	VERB	uhota
uhraamaan	VERB	uhrata
uhrannut	VERB	uhrata
uhrattava	VERB	uhrata
uhrattavien	VERB	uhrata
uhrauksella	NOUN	uhraus
uhreista	NOUN	uhri
uhreja	NOUN	uhri
uhria	NOUN	uhri
uhriaan	NOUN	uhri
uhrien	NOUN	uhri
uhriksi	NOUN	uhri
uhrimäärän	NOUN	uhri#määrä
uhrin	NOUN	uhri
uhrina	NOUN	uhri
uhrit	NOUN	uhri
uidaan	VERB	uida
uiguurin	NOUN	uiguuri
uima-altaan	NOUN	uima#allas
uimarenkaat	NOUN	uima#rengas
uimassa	VERB	uida
uimasta	VERB	uida
uimisesta	NOUN	uiminen
uintia	NOUN	uinti
ujoja	ADJ	ujo
ujoon	ADJ	ujo
ujostellut	VERB	ujostella
ujuttautuneita	VERB	ujuttautua
uk-versiossa	NOUN	UK#versio
ukko-laivan	NOUN	Ukko#laiva
ukkoa	NOUN	ukko
ukkolan	PROPN	Ukkola
ukkosen	NOUN	ukkonen
ukrainaan	PROPN	Ukraina
ukrainan	PROPN	Ukraina
ukrainassa	PROPN	Ukraina
ulapalla	NOUN	ulappa
ulapalta	NOUN	ulappa
uljaalle	ADJ	uljas
ulko-	NOUN	ulko
ulko-hebrideille	PROPN	Ulko#Hebridit
ulko-ovea	NOUN	ulko#ovi
ulko-ovelle	NOUN	ulko#ovi
ulko-valiokunnan	NOUN	ULKO#valio#kunta
ulkoasioiden	NOUN	ulko#asia
ulkoasujen	NOUN	ulko#asu
ulkoasusta	NOUN	ulko#asu
ulkofileetä	NOUN	ulko#filee
ulkoilmaan	NOUN	ulko#ilma
ulkoilupusakkani	NOUN	ulkoilu#pusakka
ulkoilupusakoiden	NOUN	ulkoilu#pusakka
ulkoisen	ADJ	ulkoinen
ulkoiset	ADJ	ulkoinen
ulkoisia	ADJ	ulkoinen
ulkoista	ADJ	ulkoinen
ulkoistamisella	NOUN	ulkoistaminen
ulkoistuspalveluihin	NOUN	ulkoistus#palvelu
ulkolajit	NOUN	ulko#laji
ulkoluodoista	NOUN	ulko#luoto
ulkomaailmaan	NOUN	ulko#maailma
ulkomaailman	NOUN	ulko#maailma
ulkomaalaisen	ADJ	ulko#maalainen
ulkomaalaistaustaista	ADJ	ulko#maalais#taustainen
ulkomaanekskursiolla	NOUN	ulko#maa#ekskursio
ulkomaanexcursiota	NOUN	ulko#maan#excursio
ulkomaankaupan	NOUN	ulko#maan#kauppa
ulkomaanmatkat	NOUN	ulko#maan#matka
ulkomaat	NOUN	ulko#maa
ulkomailla	NOUN	ulko#maa
ulkomaillakin	NOUN	ulko#maa
ulkomaille	NOUN	ulko#maa
ulkomaillekin	NOUN	ulko#maa
ulkomailta	NOUN	ulko#maa
ulkomaiset	ADJ	ulko#mainen
ulkomaista	ADJ	ulko#mainen
ulkomaista	NOUN	ulko#maa
ulkomaisten	ADJ	ulko#mainen
ulkoministerinä	NOUN	ulko#ministeri
ulkoministeriössä	NOUN	ulko#ministeriö
ulkonäöstä	NOUN	ulko#näkö
ulkonäöstään	NOUN	ulko#näkö
ulkopoliittiset	ADJ	ulko#poliittinen
ulkopoliittista	ADJ	ulko#poliittinen
ulkopolitiikan	NOUN	ulko#politiikka
ulkopolitiikkaan	NOUN	ulko#politiikka
ulkopolitiikkanäkemysten	NOUN	ulko#politiikka#näkemys
ulkopuolellakin	ADP	ulkopuolella
ulkopuolelle	NOUN	ulko#puoli
ulkopuolelta	NOUN	ulko#puoli
ulkopuolisena	ADJ	ulko#puolinen
ulkopuoliset	ADJ	ulko#puolinen
ulkopuoliset	NOUN	ulko#puolinen
ulkopuolisia	NOUN	ulko#puolinen
ulkopuolisille	ADJ	ulko#puolinen
ulkopuolisista	ADJ	ulko#puolinen
ulkopuolisten	ADJ	ulko#puolinen
ulkopuolistenkin	ADJ	ulko#puolinen
ulkopuolisuuteni	NOUN	ulkopuolisuus
ulkorakennuksen	NOUN	ulko#rakennus
ulkosuhteiden	NOUN	ulko#suhde
ulkoterassilla	NOUN	ulko#terassi
ulosottomiehen	NOUN	ulosotto#mies
ulostetta	NOUN	uloste
ulotamme	VERB	ulottaa
ulottui	VERB	ulottua
ulottumattomissa	VERB	ulottua
ulottuu	VERB	ulottua
ulottuva	VERB	ulottua
ulottuvaa	VERB	ulottua
ulottuvat	VERB	ulottua
ulottuvia	VERB	ulottua
ulottuvuuden	NOUN	ulottuvuus
ulottuvuuksia	NOUN	ulottuvuus
ulottuvuutta	NOUN	ulottuvuus
uml-mallinnuksessa	NOUN	UML#mallinnus
ummeljokelaisen	ADJ	ummeljokelainen
ump-puolueen	NOUN	UMP#puolue
uneen	NOUN	uni
unelle	NOUN	uni
unelmaa	NOUN	unelma
unelman	NOUN	unelma
unelmien	NOUN	unelma
unelmieni	NOUN	unelma
unelmiimme	NOUN	unelma
unen	NOUN	uni
unennäöstä	NOUN	unen#näkö
unestani	NOUN	uni
unet	NOUN	uni
unia	NOUN	uni
uniaikaan	NOUN	uni#aika
unicafeeseen	PROPN	unicafee
unicefin	PROPN	UNICEF
unikaverina	NOUN	uni#kaveri
unikon-	NOUN	unikko
unikonsiemenillä	NOUN	unikko#siemen
unilleen	NOUN	uni
unionia	NOUN	unioni
unioniimme	NOUN	unioni
unioniin	NOUN	unioni
unionille	NOUN	unioni
unionin	NOUN	unioni
unionina	NOUN	unioni
unionissa	NOUN	unioni
unionista	NOUN	unioni
unissa	NOUN	uni
unissaan	NOUN	uni
unitedin	PROPN	United
univelat	NOUN	uni#velka
univelkaa	NOUN	uni#velka
universityn	PROPN	University
universumia	NOUN	universumi
unix-käyttäjien	NOUN	Unix#käyttäjä
unixille	PROPN	UNIX
unkarin	PROPN	Unkari
unkarissa	PROPN	Unkari
unohda	VERB	unohtaa
unohdan	VERB	unohtaa
unohdatkin	VERB	unohtaa
unohdettiin	VERB	unohtaa
unohdettuna	VERB	unohtaa
unohdin	VERB	unohtaa
unohdinkin	VERB	unohtaa
unohduksissa	NOUN	unohdus
unohtakaamme	VERB	unohtaa
unohtako	VERB	unohtaa
unohtamalla	VERB	unohtaa
unohtamatta	VERB	unohtaa
unohtaneensa	VERB	unohtaa
unohtaneet	VERB	unohtaa
unohtanut	VERB	unohtaa
unohti	VERB	unohtaa
unohtuisi	VERB	unohtua
unohtuisimme	VERB	unohtua
unohtumatonta	ADJ	unohtumaton
unohtumattomia	ADJ	unohtumaton
unohtunut	VERB	unohtua
unohtuu	VERB	unohtua
unohtuvat	VERB	unohtua
unon	PROPN	Uno
unta	NOUN	uni
unten	NOUN	uni
untuvapeittoni	NOUN	untuva#peitto
uolan	PROPN	Uola
uomista	NOUN	uoma
uotilan	PROPN	Uotila
uotsuri-jiman	PROPN	Uotsuri-jima
uotsurilla	PROPN	Uotsuri
upeaa	ADJ	upea
upean	ADJ	upea
upeat	ADJ	upea
upeimman	ADJ	upea
upeutensa	NOUN	upeus
upm:n	PROPN	UPM
upoten	VERB	upota
upotetun	VERB	upottaa
upottavan	ADJ	upottava
upotti	VERB	upottaa
upposivat	VERB	upota
uppsalan	PROPN	Uppsala
upseerien	NOUN	upseeri
upseerinsa	NOUN	upseeri
upseerit	NOUN	upseeri
uraa	NOUN	ura
uraanipitoista	ADJ	uraani#pitoinen
urahtelua	NOUN	urahtelu
urakoista	NOUN	urakka
urakoitsijat	NOUN	urakoitsija
uralilla	PROPN	Ural
uralin	PROPN	Ural
uralla	NOUN	ura
urallaan	NOUN	ura
urallani	NOUN	ura
uramahdollisuuksista	NOUN	ura#mahdollisuus
uramallia	NOUN	ura#malli
uramallin	NOUN	ura#malli
uran	NOUN	ura
uransa	NOUN	ura
urasyvyysvaatimukset	NOUN	ura#syvyys#vaatimus
urhean	ADJ	urhea
urheankin	ADJ	urhea
urheilijoiden	NOUN	urheilija
urheilijoille	NOUN	urheilija
urheilijoita	NOUN	urheilija
urheilla	ADJ	urhea
urheilua	NOUN	urheilu
urheilugaalassa	NOUN	urheilu#gaala
urheilujuhlan	NOUN	urheilu#juhla
urheilukilpailuiden	NOUN	urheilu#kilpailu
urheiluliittoa	NOUN	urheilu#liitto
urheiluopistosäätiötä	NOUN	urheilu#opisto#säätiö
urheiluosastolle	NOUN	urheilu#osasto
urheilutoimintaan	NOUN	urheilu#toiminta
urheilutoimituksessa	NOUN	urheilu#toimitus
uria	NOUN	ura
urille	NOUN	ura
urjalan	PROPN	Urjala
urpin	PROPN	Urpi
usa:n	NOUN	USA
usa:n	PROPN	USA
usa:ssa	PROPN	USA
usa:sta	NOUN	USA
usb-kaapeli	NOUN	USB#kaapeli
usb-kaapelin	NOUN	USB#kaapeli
useaan	ADJ	usea
usealla	ADJ	usea
useammalla	ADJ	usea
useammalta	ADJ	usea
useamman	ADJ	usea
useammassa	ADJ	usea
useammasta	ADJ	usea
useammin	ADV	usein
useampaa	ADJ	usea
useampaan	ADJ	usea
useampi	ADJ	usea
useampia	ADJ	usea
usean	ADJ	usea
useat	ADJ	usea
useiden	ADJ	usea
useiksi	ADJ	usea
useilla	ADJ	usea
useimmat	ADJ	usea
useimmilla	ADJ	usea
useimmille	ADJ	usea
useimmissa	ADJ	usea
useimmista	ADJ	usea
useimpien	ADJ	usea
useisiin	ADJ	usea
useissa	ADJ	usea
useista	ADJ	usea
useita	ADJ	usea
useita	PRON	usea
uskalikosta	NOUN	uskalikko
uskalla	VERB	uskaltaa
uskallan	VERB	uskaltaa
uskalleta	VERB	uskaltaa
uskalsin	VERB	uskaltaa
uskaltaako	VERB	uskaltaa
uskaltaisi	VERB	uskaltaa
uskaltaisikohan	VERB	uskaltaa
uskaltaisin	VERB	uskaltaa
uskaltaneet	VERB	uskaltaa
uskaltanu	VERB	uskaltaa
uskaltanut	VERB	uskaltaa
uskaltanutkaan	VERB	uskaltaa
uskaltautuivat	VERB	uskaltautua
uskaltautuu	VERB	uskaltautua
uskaltavat	VERB	uskaltaa
usko	VERB	uskoa
uskoasi	NOUN	usko
uskoen	VERB	uskoa
uskoin	VERB	uskoa
uskoisi	VERB	uskoa
uskokaa	VERB	uskoa
uskollisena	ADJ	uskollinen
uskolliset	ADJ	uskollinen
uskollisina	ADJ	uskollinen
uskollisuuttaan	NOUN	uskollisuus
uskomaan	VERB	uskoa
uskomatonta	ADJ	uskomaton
uskomatta	VERB	uskoa
uskomattoman	ADJ	uskomaton
uskomme	VERB	uskoa
uskommeko	VERB	uskoa
uskon	NOUN	usko
uskon	VERB	uskoa
uskoneet	VERB	uskoa
uskonnoista	NOUN	uskonto
uskonnollisen	ADJ	uskonnollinen
uskonnollisiksi	ADJ	uskonnollinen
uskonnollisuudesta	NOUN	uskonnollisuus
uskonnonharjoitusta	NOUN	uskonnon#harjoitus
uskonnonvapauteen	NOUN	uskonnon#vapaus
uskonut	VERB	uskoa
uskoo	VERB	uskoa
uskoon	NOUN	usko
uskossa	NOUN	usko
uskossaan	NOUN	usko
uskota	VERB	uskoa
uskotaan	VERB	uskoa
uskottavuutemme	NOUN	uskottavuus
uskottavuuteni	NOUN	uskottavuus
uskottelemme	VERB	uskotella
uskovat	VERB	uskoa
uspenskin	PROPN	Uspenski
usutettu	VERB	usuttaa
usvalla	NOUN	usva
usvan	NOUN	usva
usvasta	NOUN	usva
utopian	NOUN	utopia
utsjoen	PROPN	Utsjoki
utua	NOUN	utu
utuiselta	ADJ	utuinen
uudeksi	ADJ	uusi
uudella	ADJ	uusi
uudella-seelannin	PROPN	Uusi-Seelanti
uudellamaalla	PROPN	Uusimaa
uudelle	ADJ	uusi
uudelleenjärjestelykulujen	NOUN	uudelleenjärjestely#kulu
uudelleenjärjestelyä	NOUN	uudelleen#järjestely
uudelleenkirjoittaneen	VERB	uudelleen#kirjoittaa
uudelleenmuodostamista	NOUN	uudelleenmuodostaminen
uudelleensyntyäkseen	VERB	uudelleen#syntyä
uudelta	ADJ	uusi
uudempien	ADJ	uusi
uuden	ADJ	uusi
uudenkaupungin	PROPN	Uusikaupunki
uudenkin	ADJ	uusi
uudenkirkon	PROPN	Uusikirkko
uudenlaisen	ADJ	uudenlainen
uudenlaisia	ADJ	uudenlainen
uudenvuodenjuhlissa	NOUN	uuden#vuoden#juhla
uudessa	ADJ	uusi
uudessa	PROPN	Uusi
uudessa-seelannissa	PROPN	Uusi-Seelanti
uudesta	ADJ	uusi
uudestaankin	ADV	uudestaan
uudet	ADJ	uusi
uudisraivaajiksi	NOUN	uudis#raivaaja
uudisrakentamisella	NOUN	uudis#rakentaminen
uudistamaan	VERB	uudistaa
uudistamalla	VERB	uudistaa
uudistamiseen	NOUN	uudistaminen
uudistamiseksi	NOUN	uudistaminen
uudistavat	VERB	uudistaa
uudistettava	VERB	uudistaa
uudistettiin	VERB	uudistaa
uudistettua	VERB	uudistaa
uudistuisimme	VERB	uudistua
uudistuksella	NOUN	uudistus
uudistuksessa	NOUN	uudistus
uudistukset	NOUN	uudistus
uudistuksia	NOUN	uudistus
uudistumisen	NOUN	uudistuminen
uudistumista	NOUN	uudistuminen
uudistuneiden	VERB	uudistua
uudistunut	VERB	uudistua
uudistushankkeesta	NOUN	uudistus#hanke
uudistusohjelmilla	NOUN	uudistus#ohjelma
uudistustyössä	NOUN	uudistus#työ
uudistusvaatimuksia	NOUN	uudistus#vaatimus
uudistutaan	VERB	uudistua
uumenista	NOUN	uumen
uumoilevat	VERB	uumoilla
uuneja	NOUN	uuni
uuniin	NOUN	uuni
uunillisen	NOUN	uunillinen
uunin	NOUN	uuni
uuniseitä	NOUN	uuni#sei
uunissa	NOUN	uuni
uunivuokaan	NOUN	uuni#vuoka
uupuneet	VERB	uupua
uupuneita	VERB	uupua
uurastusta	NOUN	uurastus
uurnille	NOUN	uurna
uurteet	NOUN	uurre
uusia	ADJ	uusi
uusiakin	ADJ	uusi
uusien	ADJ	uusi
uusiin	ADJ	uusi
uusiksi	ADJ	uusi
uusilla	ADJ	uusi
uusille	ADJ	uusi
uusilta	ADJ	uusi
uusimaan	VERB	uusia
uusimman	ADJ	uusi
uusimmissa	ADJ	uusi
uusin	ADJ	uusi
uusintavierailulle	NOUN	uusinta#vierailu
uusiseelantilaiset	NOUN	uusiseelantilainen
uusissa	ADJ	uusi
uusista	ADJ	uusi
uusittavalla	ADJ	uusittava
uusiutumattomien	ADJ	uusiutumaton
uusiutuviin	ADJ	uusiutuva
uusiutuvilla	ADJ	uusiutuva
uusplatonismia	NOUN	uus#platonismi
uusseelantilaisen	ADJ	uusi#seelantilainen
uuteen	ADJ	uusi
uuteen-seelantiin	PROPN	Uusi-Seelanti
uutena	ADJ	uusi
uutisen	NOUN	uutinen
uutiset	NOUN	uutinen
uutisia	NOUN	uutinen
uutisiin	NOUN	uutinen
uutisista	NOUN	uutinen
uutisjulkaisuissa	NOUN	uutis#julkaisu
uutislähetyksen	NOUN	uutis#lähetys
uutisoi	VERB	uutisoida
uutisoineet	VERB	uutisoida
uutisten	NOUN	uutinen
uutta	ADJ	uusi
uutta-seelantia	PROPN	Uusi-Seelanti
uutteralla	ADJ	uuttera
uutuudet	NOUN	uutuus
uutuutta	NOUN	uutuus
uuvuin	VERB	uupua
uzbekin	NOUN	uzbekki
uzbekistanin	PROPN	Uzbekistan
uzejoen	PROPN	Uzejoki
v-	NOUN	v
v-s	NOUN	V#S
v.	NOUN	vuosi
v:n	ADJ	V
vaa	ADV	vaan
vaa'an	PROPN	Vaaka
vaadi	VERB	vaatia
vaadimme	VERB	vaatia
vaadin	VERB	vaatia
vaadita	VERB	vaatia
vaaditaan	VERB	vaatia
vaadittava	VERB	vaatia
vaadittavaksi	VERB	vaatia
vaadittavien	VERB	vaatia
vaadittavista	VERB	vaatia
vaaditut	VERB	vaatia
vaahdoksi	NOUN	vaahto
vaahdota	VERB	vaahdottaa
vaahtoa	NOUN	vaahto
vaakalaudalla	NOUN	vaaka#lauta
vaakasuuntaisilla	ADJ	vaaka#suuntainen
vaakasuuntaisina	ADJ	vaaka#suuntainen
vaakunaan	NOUN	vaakuna
vaalealle	ADJ	vaalea
vaaleammat	ADJ	vaalea
vaalean	ADJ	vaalea
vaaleanharmaaksi	ADJ	vaalean#harmaa
vaaleanpunaiseen	ADJ	vaalean#punainen
vaaleanpunaiset	ADJ	vaalean#punainen
vaaleanpunaisia	ADJ	vaalean#punainen
vaaleanpunervassa	ADJ	vaalean#punerva
vaaleanruskeat	ADJ	vaalean#ruskea
vaaleansinisestä	ADJ	vaalean#sininen
vaaleiden	ADJ	vaalea
vaaleihin	NOUN	vaalit
vaaleille	ADJ	vaalea
vaaleille	NOUN	vaalit
vaaleissa	NOUN	vaalit
vaaleja	NOUN	vaalit
vaaleuden	NOUN	vaaleus
vaaliadressiin	NOUN	vaali#adressi
vaalien	NOUN	vaalit
vaalikampanjalle	NOUN	vaali#kampanja
vaalikampanjointiaan	NOUN	vaali#kampanjointi
vaalikauden	NOUN	vaali#kausi
vaalikoneensa	NOUN	vaali#kone
vaalikoneessa	NOUN	vaali#kone
vaaliluetteloita	NOUN	vaali#luettelo
vaalipatsaan	NOUN	vaali#patsas
vaalipiirejään	NOUN	vaali#piiri
vaalipiirin	NOUN	vaali#piiri
vaalipiirini	NOUN	vaali#piiri
vaalipiirissäni	NOUN	vaali#piiri
vaalipiiristä	NOUN	vaali#piiri
vaalipiiriä	NOUN	vaali#piiri
vaaliprosessin	NOUN	vaali#prosessi
vaalirahakriisin	NOUN	vaali#raha#kriisi
vaalisi	VERB	vaalia
vaalissa	NOUN	vaalit
vaalitarkkailijat	NOUN	vaali#tarkkailija
vaalitarkkailijoiden	NOUN	vaali#tarkkailija
vaalitarkkailijoita	NOUN	vaali#tarkkailija
vaalitarkkailutehtäväämme	NOUN	vaali#tarkkailu#tehtävä
vaalitarkkailuvaltuuskunnan	NOUN	vaali#tarkkailu#valtuus#kunta
vaalitauluja	NOUN	vaali#taulu
vaalitukijoita	NOUN	vaali#tukija
vaalitulokseen	NOUN	vaali#tulos
vaalituloksia	NOUN	vaali#tulos
vaalituloksien	NOUN	vaali#tulos
vaalitulosten	NOUN	vaali#tulos
vaalivuonna	NOUN	vaali#vuosi
vaaliväittelyssään	NOUN	vaali#väittely
vaara-asteesta	NOUN	vaara#aste
vaaraa	NOUN	vaara
vaaralliseksi	ADJ	vaarallinen
vaaralliselle	ADJ	vaarallinen
vaaralliselta	ADJ	vaarallinen
vaarallisen	ADJ	vaarallinen
vaarallisessa	ADJ	vaarallinen
vaarallisia	ADJ	vaarallinen
vaarallisin	ADJ	vaarallinen
vaarallista	ADJ	vaarallinen
vaaralta	NOUN	vaara
vaaran	NOUN	vaara
vaarana	NOUN	vaara
vaarannettiin	VERB	vaarantaa
vaarannu	VERB	vaarantua
vaarassa	NOUN	vaara
vaaratilanteisiin	NOUN	vaara#tilanne
vaarattomia	ADJ	vaaraton
vaariin	NOUN	vaari
vaarin	NOUN	vaari
vaaroista	NOUN	vaara
vaasaan	PROPN	Vaasa
vaasan	PROPN	Vaasa
vaasassa	PROPN	Vaasa
vaasasta	PROPN	Vaasa
vaatekerrosten	NOUN	vaate#kerros
vaatelisää	NOUN	vaate#lisä
vaatettamalla	VERB	vaatettaa
vaati	VERB	vaatia
vaatii	VERB	vaatia
vaatima	VERB	vaatia
vaatimaan	VERB	vaatia
vaatimalla	VERB	vaatia
vaatimasta	VERB	vaatia
vaatimat	VERB	vaatia
vaatimatonta	ADJ	vaatimaton
vaatimattomampiin	ADJ	vaatimaton
vaatimattomia	ADJ	vaatimaton
vaatimista	VERB	vaatia
vaatimukseen	NOUN	vaatimus
vaatimuksen	NOUN	vaatimus
vaatimuksena	NOUN	vaatimus
vaatimuksesta	NOUN	vaatimus
vaatimukset	NOUN	vaatimus
vaatimuksia	NOUN	vaatimus
vaatimusta	NOUN	vaatimus
vaatimustasoa	NOUN	vaatimus#taso
vaatimustensa	NOUN	vaatimus
vaatineet	VERB	vaatia
vaatinut	VERB	vaatia
vaatisi	VERB	vaatia
vaativaa	ADJ	vaativa
vaativaan	VERB	vaatia
vaativammin	ADV	vaativasti
vaativampaa	ADJ	vaativa
vaativan	VERB	vaatia
vaativat	VERB	vaatia
vaativien	ADJ	vaativa
vaativien	VERB	vaatia
vaatteeni	NOUN	vaate
vaatteet	NOUN	vaate
vaatteiden	NOUN	vaate
vaatteisiin	NOUN	vaate
vaatteita	NOUN	vaate
vaatturille	NOUN	vaatturi
vadelmalimonaditehtaan	NOUN	vadelma#limonadi#tehdas
vadelmia	NOUN	vadelma
vaellukselle	NOUN	vaellus
vaellusta	NOUN	vaellus
vaelsi	VERB	vaeltaa
vaelsivat	VERB	vaeltaa
vaeltajat	NOUN	vaeltaja
vaeltavat	VERB	vaeltaa
vahditaan	VERB	vahtia
vahingoissa	NOUN	vahinko
vahingoittaisi	VERB	vahingoittaa
vahingoittui	VERB	vahingoittua
vahingoittuivat	VERB	vahingoittua
vahingoittumiseen	NOUN	vahingoittuminen
vahingoittumisen	NOUN	vahingoittuminen
vahingollista	ADJ	vahingollinen
vahingon	NOUN	vahinko
vahingonkorvauksiin	NOUN	vahingon#korvaus
vahingossa	NOUN	vahinko
vahingossakin	NOUN	vahinko
vahingot	NOUN	vahinko
vahinkoa	NOUN	vahinko
vahinkoihin	NOUN	vahinko
vahinkojen	NOUN	vahinko
vahinkokuvista	NOUN	vahinko#kuva
vahinkotarkastajat	NOUN	vahinko#tarkastaja
vahinkotarkastajia	NOUN	vahinko#tarkastaja
vahinkovakuutuksessa	NOUN	vahinko#vakuutus
vahinkovakuutustoiminnan	NOUN	vahinko#vakuutus#toiminta
vahtii	VERB	vahtia
vahtimatta	VERB	vahtia
vahvaa	ADJ	vahva
vahvaan	ADJ	vahva
vahvalta	ADJ	vahva
vahvan	ADJ	vahva
vahvana	ADJ	vahva
vahvempaan	ADJ	vahva
vahvin	ADJ	vahva
vahvista	VERB	vahvistaa
vahvistaisi	VERB	vahvistaa
vahvistamaan	VERB	vahvistaa
vahvistamien	VERB	vahvistaa
vahvistamiseen	NOUN	vahvistaminen
vahvistamiseksi	NOUN	vahvistaminen
vahvistamiselle	NOUN	vahvistaminen
vahvistamisessa	NOUN	vahvistaminen
vahvistamisesta	NOUN	vahvistaminen
vahvistamista	NOUN	vahvistaminen
vahvistanut	VERB	vahvistaa
vahvistavat	VERB	vahvistaa
vahvistetaan	VERB	vahvistaa
vahvistettaessa	VERB	vahvistaa
vahvistettava	VERB	vahvistaa
vahvistettavana	VERB	vahvistaa
vahvistettavasta	VERB	vahvistaa
vahvistettavia	VERB	vahvistaa
vahvistettiin	VERB	vahvistaa
vahvistettua	VERB	vahvistaa
vahvistettujen	VERB	vahvistaa
vahvistetun	VERB	vahvistaa
vahvistetussa	VERB	vahvistaa
vahvistetut	VERB	vahvistaa
vahvisti	VERB	vahvistaa
vahvistu	VERB	vahvistua
vahvistui	VERB	vahvistua
vahvistuneesta	VERB	vahvistua
vahvistunut	VERB	vahvistua
vahvistuu	VERB	vahvistua
vahvoja	ADJ	vahva
vahvuisen	ADJ	vahvuinen
vahvuusalaan	NOUN	vahvuus#ala
vahvuutta	NOUN	vahvuus
vaietkoon	VERB	vaieta
vaihdan	VERB	vaihtaa
vaihdelleet	VERB	vaihdella
vaihdemiehenä	NOUN	vaihde#mies
vaihdetaan	VERB	vaihtaa
vaihdettava	VERB	vaihtaa
vaihdettiin	VERB	vaihtaa
vaihdettu	VERB	vaihtaa
vaihdetuimmat	ADJ	vaihdettu
vaihdoimme	VERB	vaihtaa
vaihdoinkin	VERB	vaihtaa
vaihdoksen	NOUN	vaihdos
vaihdon	NOUN	vaihto
vaihdosta	NOUN	vaihto
vaiheen	NOUN	vaihe
vaiheessa	NOUN	vaihe
vaiheilla	NOUN	vaihe
vaiheissa	NOUN	vaihe
vaiheista	NOUN	vaihe
vaihtaisin	VERB	vaihtaa
vaihtamaan	VERB	vaihtaa
vaihtamalla	VERB	vaihtaa
vaihtamassa	VERB	vaihtaa
vaihtamat	VERB	vaihtaa
vaihtamiseksi	NOUN	vaihtaminen
vaihtaneen	VERB	vaihtaa
vaihtarien	NOUN	vaihtari
vaihtavani	VERB	vaihtaa
vaihtavat	VERB	vaihtaa
vaihteeksi	NOUN	vaihde
vaihteessa	NOUN	vaihde
vaihtelee	VERB	vaihdella
vaihtelevat	VERB	vaihdella
vaihtelevista	ADJ	vaihteleva
vaihteli	VERB	vaihdella
vaihtelivat	VERB	vaihdella
vaihtelua	NOUN	vaihtelu
vaihteluväliä	NOUN	vaihtelu#väli
vaihto-opiskelijoita	NOUN	vaihto#opiskelija
vaihtoa	NOUN	vaihto
vaihtoehdoille	NOUN	vaihto#ehto
vaihtoehdoista	NOUN	vaihto#ehto
vaihtoehdoksi	NOUN	vaihto#ehto
vaihtoehdot	NOUN	vaihto#ehto
vaihtoehtoa	NOUN	vaihto#ehto
vaihtoehtoina	NOUN	vaihto#ehto
vaihtoehtoisia	ADJ	vaihto#ehtoinen
vaihtoehtoista	ADJ	vaihto#ehtoinen
vaihtoehtoja	NOUN	vaihto#ehto
vaihtoehtojakaan	NOUN	vaihto#ehto
vaihtoehtona	NOUN	vaihto#ehto
vaihtoi	VERB	vaihtaa
vaihtoivat	VERB	vaihtaa
vaihtokärjessä	NOUN	vaihto#kärki
vaihtomiehet	NOUN	vaihto#mies
vaihtopelaajien	NOUN	vaihto#pelaaja
vaihtopenkille	NOUN	vaihto#penkki
vaihtuessa	VERB	vaihtua
vaihtuivat	VERB	vaihtua
vaihtunut	VERB	vaihtua
vaihtuu	VERB	vaihtua
vaihtuvat	VERB	vaihtua
vaik	ADV	vaikka
vaik	SCONJ	vaikka
vaikeaa	ADJ	vaikea
vaikeammin	ADV	vaikeasti
vaikeampaa	ADJ	vaikea
vaikean	ADJ	vaikea
vaikeassa	ADJ	vaikea
vaikeat	ADJ	vaikea
vaikeata	ADJ	vaikea
vaikeatulkintaisia	ADJ	vaikea#tulkintainen
vaikeimmin	ADV	vaikeasti
vaikeista	ADJ	vaikea
vaikeita	ADJ	vaikea
vaikenee	VERB	vaieta
vaikenen	VERB	vaieta
vaikeni	VERB	vaieta
vaikeroi	VERB	vaikeroida
vaikeudesta	NOUN	vaikeus
vaikeudet	NOUN	vaikeus
vaikeuksia	NOUN	vaikeus
vaikeuksiin	NOUN	vaikeus
vaikeuksissa	NOUN	vaikeus
vaikeuttavat	VERB	vaikeuttaa
vaikeuttivat	VERB	vaikeuttaa
vaikeutuu	VERB	vaikeutua
vaikeutuvat	VERB	vaikeutua
vaikk	SCONJ	vaikka
vaikkakin	ADV	vaikka
vaikkakin	SCONJ	vaikka
vaiko	CCONJ	vai
vaikuta	VERB	vaikuttaa
vaikutelman	NOUN	vaikutelma
vaikuttaa-	VERB	vaikuttaa
vaikuttaisi	VERB	vaikuttaa
vaikuttaisivat	VERB	vaikuttaa
vaikuttamaan	VERB	vaikuttaa
vaikuttamatta	VERB	vaikuttaa
vaikuttamisesta	NOUN	vaikuttaminen
vaikuttaneet	VERB	vaikuttaa
vaikuttanut	VERB	vaikuttaa
vaikuttava	VERB	vaikuttaa
vaikuttavalta	VERB	vaikuttaa
vaikuttavat	VERB	vaikuttaa
vaikuttavia	VERB	vaikuttaa
vaikuttavien	VERB	vaikuttaa
vaikuttaville	VERB	vaikuttaa
vaikuttavin	ADJ	vaikuttava
vaikutteita	NOUN	vaikute
vaikutti	VERB	vaikuttaa
vaikuttivat	VERB	vaikuttaa
vaikutukseltaan	NOUN	vaikutus
vaikutuksen	NOUN	vaikutus
vaikutuksena	NOUN	vaikutus
vaikutuksesta	NOUN	vaikutus
vaikutukset	NOUN	vaikutus
vaikutuksia	NOUN	vaikutus
vaikutuksiin	NOUN	vaikutus
vaikutuksista	NOUN	vaikutus
vaikutusalueella	NOUN	vaikutus#alue
vaikutuspiiriin	NOUN	vaikutus#piiri
vaikutuspiiriinsä	NOUN	vaikutus#piiri
vaikutusta	NOUN	vaikutus
vaikutusten	NOUN	vaikutus
vaikutusvallan	NOUN	vaikutus#valta
vaikutusvallasta	NOUN	vaikutus#valta
vaikutusvaltaa	NOUN	vaikutus#valta
vaikutusvaltaansa	NOUN	vaikutus#valta
vaikutusvaltaisimmaksi	ADJ	vaikutus#valtainen
vaimeaa	ADJ	vaimea
vaimeana	ADJ	vaimea
vaimoaan	NOUN	vaimo
vaimojaan	NOUN	vaimo
vaimoksi	NOUN	vaimo
vaimon	NOUN	vaimo
vaimoni	NOUN	vaimo
vaimonsa	NOUN	vaimo
vaimoon	NOUN	vaimo
vaimossaan	NOUN	vaimo
vainoharhaisuutta	NOUN	vainoharhaisuus
vainon	NOUN	vaino
vaipuneet	VERB	vaipua
vaistojen	NOUN	vaisto
vaistot	NOUN	vaisto
vaiteliaita	ADJ	vaitelias
vaivaa	NOUN	vaiva
vaivaa	VERB	vaivata
vaivaannuttavaa	VERB	vaivaannuttaa
vaivaisen	ADJ	vaivainen
vaivan	NOUN	vaiva
vaivatonta	ADJ	vaivaton
vaivauduttu	VERB	vaivautua
vaivautuakin	VERB	vaivautua
vaivautuko	VERB	vaivautua
vaivoin	NOUN	vaiva
vajaakuntoisille	ADJ	vajaa#kuntoinen
vajaat	ADJ	vajaa
vajeen	NOUN	vaje
vajeiden	NOUN	vaje
vajoan	VERB	vajota
vajonneelle	VERB	vajota
vajonneen	VERB	vajota
vajonnut	VERB	vajota
vakaalla	ADJ	vakaa
vakaammat	ADJ	vakaa
vakaampi	ADJ	vakaa
vakaaseen	ADJ	vakaa
vakaat	ADJ	vakaa
vakain	ADJ	vakaa
vakaina	ADJ	vakaa
vakauden	NOUN	vakaus
vakausmekanismin	NOUN	vakaus#mekanismi
vakausrahastolle	NOUN	vakaus#rahasto
vakausvälineen	NOUN	vakaus#väline
vakausvälineet	NOUN	vakaus#väline
vakausvälineille	NOUN	vakaus#väline
vakausvälineistä	NOUN	vakaus#väline
vakautettava	VERB	vakauttaa
vakautta	NOUN	vakaus
vakavaa	ADJ	vakava
vakavan	ADJ	vakava
vakavana	ADJ	vakava
vakavastiotettavia	ADJ	vakavasti#otettava
vakavia	ADJ	vakava
vakaviin	ADJ	vakava
vakavilta	ADJ	vakava
vakavissamme	ADJ	vakava
vakiinnuttamaan	VERB	vakiinnuttaa
vakiintuessa	VERB	vakiintua
vakiintuneen	ADJ	vakiintunut
vakinaisen	ADJ	vakinainen
vakiona	ADJ	vakio
vakitettavasti	ADV	valitettavasti
vakituisen	ADJ	vakituinen
vakituista	ADJ	vakituinen
vakoojat	NOUN	vakooja
vakoojia	NOUN	vakooja
vakoon	NOUN	vako
vakuuksia	NOUN	vakuus
vakuuskirjauksella	NOUN	vakuus#kirjaus
vakuusongelmia	NOUN	vakuus#ongelma
vakuutetaan	VERB	vakuuttaa
vakuutettava	VERB	vakuuttaa
vakuutettu	VERB	vakuuttaa
vakuutettuja	ADJ	vakuutettu
vakuuttaakseen	VERB	vakuuttaa
vakuuttamaan	VERB	vakuuttaa
vakuuttamisesta	NOUN	vakuuttaminen
vakuuttelee	VERB	vakuutella
vakuutti	VERB	vakuuttaa
vakuuttuneeksi	VERB	vakuuttua
vakuuttuneiksi	ADJ	vakuuttunut
vakuuttuneita	VERB	vakuuttua
vakuuttunut	VERB	vakuuttua
vakuutus-	NOUN	vakuutus
vakuutus-tapiolalle	PROPN	Vakuutus#Tapiola
vakuutusalan	NOUN	vakuutus#ala
vakuutusjärjestelmien	NOUN	vakuutus#järjestelmä
vakuutuskorvauksenkaan	NOUN	vakuutus#korvaus
vakuutuskustannukset	NOUN	vakuutus#kustannus
vakuutuspetoksesta	NOUN	vakuutus#petos
vakuutusteknisen	ADJ	vakuutus#tekninen
vakuutusvelvollisuuden	NOUN	vakuutus#velvollisuus
vakuutusyhtiöitä	NOUN	vakuutus#yhtiö
vakuutusyhtiön	NOUN	vakuutus#yhtiö
valaisee	VERB	valaista
valaisemia	VERB	valaista
valaisevana	ADJ	valaiseva
valaisivat	VERB	valaista
valaistukseen	NOUN	valaistus
valaistuksen	NOUN	valaistus
valaistumiset	NOUN	valaistuminen
valdaksen	PROPN	Valdas
vale-ikea	PROPN	vale#Ikea
valelin	VERB	valella
valheellisen	ADJ	valheellinen
valikoiman	NOUN	valikoima
valikoitui	VERB	valikoitua
valikoituisi	VERB	valikoitua
valikoivaa	ADJ	valikoiva
valikot	NOUN	valikko
valinnaisten	ADJ	valinnainen
valinnaltamme	NOUN	valinta
valinnan	NOUN	valinta
valinnut	VERB	valita
valintaa	NOUN	valinta
valintaan	NOUN	valinta
valintaansa	NOUN	valinta
valintahetkellä	NOUN	valinta#hetki
valintakokeiden	NOUN	valinta#koe
valintakokeita	NOUN	valinta#koe
valintamenettelystä	NOUN	valinta#menettely
valintamme	NOUN	valinta
valintansa	NOUN	valinta
valintaperusteet	NOUN	valinta#peruste
valiokunnalle	NOUN	valio#kunta
valiokunnan	NOUN	valio#kunta
valiokunnassa	NOUN	valio#kunta
valiokuntani	NOUN	valio#kunta
valioliigassa	NOUN	valio#liiga
valiolla	PROPN	Valio
valion	PROPN	Valio
valitaan	VERB	valita
valitamme	VERB	valittaa
valitetaan	VERB	valittaa
valitettavaa	ADJ	valitettava
valitettavan	ADJ	valitettava
valitsee	VERB	valita
valitseeko	VERB	valita
valitsema	VERB	valita
valitsemaan	VERB	valita
valitsemasta	VERB	valita
valitsen	VERB	valita
valitsi	VERB	valita
valitsin	VERB	valita
valitsit	VERB	valita
valitsivat	VERB	valita
valittaessa	VERB	valita
valittavan	VERB	valita
valittavana	VERB	valita
valittavansa	VERB	valittaa
valittiin	VERB	valita
valittiinkin	VERB	valita
valittu	VERB	valita
valittujen	VERB	valita
valituilla	VERB	valita
valitukseen	NOUN	valitus
valituksen	NOUN	valitus
valitukset	NOUN	valitus
valituksi	VERB	valita
valituksia	NOUN	valitus
valituksiin	NOUN	valitus
valitun	VERB	valita
valitusta	NOUN	valitus
valitusten	NOUN	valitus
valitut	VERB	valita
valjastettu	VERB	valjastaa
valkaisussa	NOUN	valkaisu
valkaisuvaiheessa	NOUN	valkaisu#vaihe
valkeaa	NOUN	valkea
valkealla	NOUN	valkea
valkealle	NOUN	valkea
valkean	ADJ	valkea
valkean	NOUN	valkea
valkeat	ADJ	valkea
valko-venäjään	PROPN	Valko-Venäjä
valkoiseen	ADJ	valkoinen
valkoiselle	ADJ	valkoinen
valkoisen	ADJ	valkoinen
valkoisen	NOUN	valkoinen
valkoisen	PROPN	Valkoinen
valkoiset	ADJ	valkoinen
valkoisille	ADJ	valkoinen
valkoista	ADJ	valkoinen
valkokangaselokuvassa	NOUN	valko#kangas#elo#kuva
valkopippurilla	NOUN	valko#pippuri
valkosipulia	NOUN	valko#sipuli
valkosipulille	NOUN	valko#sipuli
valkosipulinkynnet	NOUN	valko#sipulin#kynsi
valkosipulinkynttä	NOUN	valko#sipulin#kynsi
valkosipuliset	ADJ	valko#sipulinen
valkosipulituorejuustoa	NOUN	valko#sipuli#tuore#juusto
valkosuklaata	NOUN	valko#suklaa
valkosípulia	NOUN	valko#sipuli
vallalla	NOUN	valta
vallalle	NOUN	valta
vallan	NOUN	valta
vallanhalusta	NOUN	vallan#halu
vallanjakoa	NOUN	vallan#jako
vallankumoukseen	NOUN	vallan#kumous
vallankumouksesta	NOUN	vallan#kumous
vallankäyttöä	NOUN	vallan#käyttö
vallannut	VERB	vallata
vallantavoittelijan	NOUN	vallan#tavoittelija
vallassa	NOUN	valta
vallasta	NOUN	valta
vallattiin	VERB	vallata
vallattu	VERB	vallata
valleyssa	PROPN	Valley
vallilasta	PROPN	Vallila
vallitessa	VERB	vallita
vallitsee	VERB	vallita
vallitsevan	VERB	vallita
vallitsevassa	ADJ	vallitseva
vallitsevasta	VERB	vallita
vallitsevat	ADJ	vallitseva
vallitsevia	VERB	vallita
vallitsevista	VERB	vallita
valloitettavana	VERB	valloittaa
valloitetuista	VERB	valloittaa
valloittajiin	NOUN	valloittaja
valloittamansa	VERB	valloittaa
valloittamassa	VERB	valloittaa
valloitti	VERB	valloittaa
valloituksiin	NOUN	valloitus
valloituksista	NOUN	valloitus
valloituksistaan	NOUN	valloitus
vallonit	NOUN	valloni
valmennettu	VERB	valmentaa
valmennuksessa	NOUN	valmennus
valmennuskursseja	NOUN	valmennus#kurssi
valmennustehtäviin	NOUN	valmennus#tehtävä
valmensi	VERB	valmentaa
valmentajana	NOUN	valmentaja
valmentajanvaihdoksesta	NOUN	valmentaja#vaihdos
valmentamiseen	NOUN	valmentaminen
valmiiksi	ADJ	valmis
valmiiksi	NOUN	valmis
valmiina	ADJ	valmis
valmiit	ADJ	valmis
valmiita	ADJ	valmis
valmiskaan	ADJ	valmis
valmista	ADJ	valmis
valmista	VERB	valmistaa
valmistajaksi	NOUN	valmistaja
valmistajan	NOUN	valmistaja
valmistajasta	NOUN	valmistaja
valmistama	VERB	valmistaa
valmistamaan	VERB	valmistaa
valmistamalla	VERB	valmistaa
valmistamassa	VERB	valmistaa
valmistamina	VERB	valmistaa
valmistamiseen	NOUN	valmistaminen
valmistamiseksi	NOUN	valmistaminen
valmistamista	NOUN	valmistaminen
valmistan	VERB	valmistaa
valmistanut	VERB	valmistaa
valmistaudutaan	VERB	valmistautua
valmistauduttiin	VERB	valmistautua
valmistautuessaan	VERB	valmistautua
valmistautumaan	VERB	valmistautua
valmistautumassa	VERB	valmistautua
valmistautumista	NOUN	valmistautuminen
valmistautuneita	VERB	valmistautua
valmistava	VERB	valmistaa
valmistavansa	VERB	valmistaa
valmistavia	VERB	valmistaa
valmistelemassa	VERB	valmistella
valmistelemiseksi	NOUN	valmisteleminen
valmistelemme	VERB	valmistella
valmisteleva	VERB	valmistella
valmistelevaa	VERB	valmistella
valmistelevaan	VERB	valmistella
valmistelevan	VERB	valmistella
valmistelevien	VERB	valmistella
valmistellaan	VERB	valmistella
valmistellaksemme	VERB	valmistella
valmisteltu	VERB	valmistella
valmistelujen	NOUN	valmistelu
valmistelukunnassa	NOUN	valmistelu#kunta
valmistelunsa	NOUN	valmistelu
valmistelutoimen	NOUN	valmistelu#toimi
valmistelutoimena	NOUN	valmistelu#toimi
valmistelutoimet	NOUN	valmistelu#toimi
valmisteta	VERB	valmistaa
valmistetaan	VERB	valmistaa
valmistettiin	VERB	valmistaa
valmistettu	VERB	valmistaa
valmistettujen	VERB	valmistaa
valmistetut	VERB	valmistaa
valmistin	VERB	valmistaa
valmistivat	VERB	valmistaa
valmistui	VERB	valmistua
valmistukseen	NOUN	valmistus
valmistuksen	NOUN	valmistus
valmistuksessa	NOUN	valmistus
valmistuksesta	NOUN	valmistus
valmistumassa	VERB	valmistua
valmistumisen	NOUN	valmistuminen
valmistunee	VERB	valmistua
valmistuneen	VERB	valmistua
valmistunut	VERB	valmistua
valmistusmenetelmiin	NOUN	valmistus#menetelmä
valmistusmenetelmästä	NOUN	valmistus#menetelmä
valmistusmäärien	NOUN	valmistus#määrä
valmistusta	NOUN	valmistus
valmistusvaiheessa	NOUN	valmistus#vaihe
valmistuttuaan	VERB	valmistua
valmistuvaa	VERB	valmistua
valmistuville	NOUN	valmistuva
valmiuden	NOUN	valmius
valmiudesta	NOUN	valmius
valmiuksien	NOUN	valmius
valmiutta	NOUN	valmius
valoa	NOUN	valo
valoihin	NOUN	valo
valoisaa	ADJ	valoisa
valoisana	ADJ	valoisa
valoisat	ADJ	valoisa
valoisista	ADJ	valoisa
valoissa	NOUN	valo
valoja	NOUN	valo
valojen	NOUN	valo
valokaapelin	NOUN	valo#kaapeli
valokuvaan	NOUN	valo#kuva
valokuvasivua	NOUN	valo#kuva#sivu
valokuvaukseen	NOUN	valo#kuvaus
valolle	NOUN	valo
valon	NOUN	valo
valonnopeudella	NOUN	valon#nopeus
valoo	NOUN	valo
valopisteitä	NOUN	valo#piste
valossa	NOUN	valo
valot	NOUN	valo
valottamisessa	NOUN	valottaminen
valotti	VERB	valottaa
valotuksilla	NOUN	valotus
valovoimasta	NOUN	valo#voima
valovuotta	NOUN	valo#vuosi
valtaa	NOUN	valta
valtaa	VERB	vallata
valtaamiseen	NOUN	valtaaminen
valtaan	NOUN	valta
valtaansa	NOUN	valta
valtaavat	VERB	vallata
valtaistuimeen	NOUN	valta#istuin
valtaistuimelle	NOUN	valta#istuin
valtaistuimen	NOUN	valta#istuin
valtaistuimille	NOUN	valta#istuin
valtaistuinpuheessaan	NOUN	valta#istuin#puhe
valtakauden	NOUN	valta#kausi
valtakausien	NOUN	valta#kausi
valtakautta	NOUN	valta#kausi
valtakeskusta	NOUN	valta#keskus
valtakunnalle	NOUN	valta#kunta
valtakunnallisen	ADJ	valta#kunnallinen
valtakunnan	NOUN	valta#kunta
valtakunnasta	NOUN	valta#kunta
valtakuntaa	NOUN	valta#kunta
valtakuntaan	NOUN	valta#kunta
valtakuntaansa	NOUN	valta#kunta
valtakuntansa	NOUN	valta#kunta
valtaosalla	NOUN	valta#osa
valtaosan	NOUN	valta#osa
valtasi	VERB	vallata
valtataisteluun	NOUN	valta#taistelu
valtauksen	NOUN	valtaus
valtaukset	NOUN	valtaus
valtavaa	ADJ	valtava
valtavalla	ADJ	valtava
valtavan	ADJ	valtava
valtavasta	ADJ	valtava
valtavat	ADJ	valtava
valtavia	ADJ	valtava
valtavissa	ADJ	valtava
valtaväestölle	NOUN	valta#väestö
valtaväestön	NOUN	valta#väestö
valtikalla	NOUN	valtikka
valtio-opin	NOUN	valtio#oppi
valtioiden	NOUN	valtio
valtioihin	NOUN	valtio
valtioilla	NOUN	valtio
valtioille	NOUN	valtio
valtioissa	NOUN	valtio
valtioista	NOUN	valtio
valtioita	NOUN	valtio
valtiolla	NOUN	valtio
valtiolle	NOUN	valtio
valtion	NOUN	valtio
valtioneuvoston	NOUN	valtio#neuvosto
valtionhallinnon	NOUN	valtion#hallinto
valtionlainan	NOUN	valtion#laina
valtionlainojen	NOUN	valtion#laina
valtionpäämiehenä	NOUN	valtion#pää#mies
valtionpäämiesten	NOUN	valtion#pää#mies
valtionrautateiden	PROPN	valtion#rauta#tie
valtionsa	NOUN	valtio
valtiontuilla	NOUN	valtion#tuki
valtionvelan	NOUN	valtion#velka
valtionvelkojen	NOUN	valtion#velka
valtionyhtiöiden	NOUN	valtion#yhtiö
valtionyhtiöitä	NOUN	valtion#yhtiö
valtiopäivistä	NOUN	valtio#päivät
valtiopäiväasiat	NOUN	valtio#päivä#asia
valtiopäiväjärjestyksessä	NOUN	valtio#päivä#järjestys
valtiopäiväsäätyyn	NOUN	valtio#päivä#sääty
valtiosalaisuudet	NOUN	valtio#salaisuus
valtiosta	NOUN	valtio
valtiot	NOUN	valtio
valtiota	NOUN	valtio
valtiotieteen	NOUN	valtio#tiede
valtiovallan	NOUN	valtio#valta
valtiovarainministereiden	NOUN	valtio#varain#ministeri
valtiovierailulle	NOUN	valtio#vierailu
valtuuden	NOUN	valtuus
valtuudet	NOUN	valtuus
valtuuksiani	NOUN	valtuus
valtuuksien	NOUN	valtuus
valtuuksista	NOUN	valtuus
valtuuskunnalle	NOUN	valtuus#kunta
valtuuskunnan	NOUN	valtuus#kunta
valtuuskuntien	NOUN	valtuus#kunta
valtuuston	NOUN	valtuusto
valtuustopaikkaan	NOUN	valtuusto#paikka
valtuustopaikkoja	NOUN	valtuusto#paikka
valtuustossa	NOUN	valtuusto
valtuutensa	NOUN	valtuus
valtuutetaan	VERB	valtuuttaa
valtuutettua	NOUN	valtuutettu
valtuutetun	NOUN	valtuutettu
valtuutti	VERB	valtuuttaa
valtuutusta	NOUN	valtuutus
valuessa	VERB	valua
valui	VERB	valua
valuivat	VERB	valua
valuma-alue	NOUN	valuma#alue
valuma-alueen	NOUN	valuma#alue
valumaan	VERB	valua
valuneet	VERB	valua
valurautapadassa	NOUN	valu#rauta#pata
valurautapannuille	NOUN	valu#rauta#pannu
valutan	VERB	valuttaa
valutettuna	VERB	valuttaa
valutteli	VERB	valutella
valuu	VERB	valua
valuutan	NOUN	valuutta
valuutta-	NOUN	valuutta
valuuttaa	NOUN	valuutta
valuuttajärjestelmän	NOUN	valuutta#järjestelmä
valuuttakurssimuutoksiin	NOUN	valuutta#kurssi#muutos
valuuttana	NOUN	valuutta
valuuttarahastoa	NOUN	valuutta#rahasto
valuuttarahaston	NOUN	valuutta#rahasto
valuuttarahastoon	NOUN	valuutta#rahasto
valuuttarahastosta	NOUN	valuutta#rahasto
valuuttavarannosta	NOUN	valuutta#varanto
valuvirheistä	NOUN	valu#virhe
valuvirheitä	NOUN	valu#virhe
valvoen	VERB	valvoa
valvojien	NOUN	valvoja
valvomalla	VERB	valvoa
valvomiseen	NOUN	valvominen
valvomiseksi	NOUN	valvominen
valvonnan	NOUN	valvonta
valvonnassa	NOUN	valvonta
valvonnasta	NOUN	valvonta
valvontaa	NOUN	valvonta
valvontaan	NOUN	valvonta
valvontamuotoja	NOUN	valvonta#muoto
valvontatoimista	NOUN	valvonta#toimi
valvoo	VERB	valvoa
valvota	VERB	valvoa
valvotaan	VERB	valvoa
valvottava	VERB	valvoa
valvovalle	VERB	valvoa
valvovat	VERB	valvoa
vammaa	NOUN	vamma
vammalan	PROPN	Vammala
vammaskosken	PROPN	Vammaskoski
vammoihin	NOUN	vamma
vammoilta	NOUN	vamma
vammoja	NOUN	vamma
vammojensa	NOUN	vamma
van	CCONJ	vaan
vanavedessä	NOUN	vana#vesi
vangeista	NOUN	vanki
vangitsi	VERB	vangita
vangittiin	VERB	vangita
vangittuina	VERB	vangita
vanhaa	ADJ	vanha
vanhaan	ADJ	vanha
vanhaksi	ADJ	vanha
vanhalla	ADJ	vanha
vanhalle	ADJ	vanha
vanhan	ADJ	vanha
vanhana	ADJ	vanha
vanhanaikaisia	ADJ	vanhan#aikainen
vanhanaikaisten	ADJ	vanhan#aikainen
vanhapiikuuksissaan	NOUN	vanha#piikuus
vanhaselle	PROPN	Vanhanen
vanhasen	PROPN	Vanhanen
vanhassa	ADJ	vanha
vanhasta	ADJ	vanha
vanhat	ADJ	vanha
vanhemmalla	ADJ	vanha
vanhemman	ADJ	vanha
vanhemmanpuoleinen	ADJ	vanhan#puoleinen
vanhemmat	ADJ	vanha
vanhemmat	NOUN	vanhempi
vanhemmatkin	NOUN	vanhempi
vanhemmille	ADJ	vanhempi
vanhemmilleni	NOUN	vanhempi
vanhemmilta	NOUN	vanhempi
vanhemmiltaan	NOUN	vanhempi
vanhempaa	ADJ	vanha
vanhempaan	ADJ	vanha
vanhempamme	NOUN	vanhempi
vanhempana	ADJ	vanha
vanhempana	NOUN	vanhempi
vanhempansa	NOUN	vanhempi
vanhempi	ADJ	vanha
vanhempiaan	NOUN	vanhempi
vanhempiamme	NOUN	vanhempi
vanhempien	ADJ	vanha
vanhempien	NOUN	vanhempi
vanhempiin	NOUN	vanhempi
vanhenen	VERB	vanheta
vanhenevat	VERB	vanheta
vanhentuneeksi	VERB	vanhentua
vanhimmista	ADJ	vanha
vanhimpana	ADJ	vanha
vanhin	ADJ	vanha
vanhoilla	ADJ	vanha
vanhoille	ADJ	vanha
vanhoissa	ADJ	vanha
vanhoista	ADJ	vanha
vanhoja	ADJ	vanha
vanhojen	ADJ	vanha
vanhojentanssipukua	NOUN	vanhojen#tanssi#puku
vanhuksen	NOUN	vanhus
vanhuksesta	NOUN	vanhus
vanhukset	NOUN	vanhus
vanhuksia	NOUN	vanhus
vanhuksille	NOUN	vanhus
vanhuksina	NOUN	vanhus
vanhusta	NOUN	vanhus
vanhuudenturvana	NOUN	vanhuuden#turva
vanhuutta	NOUN	vanhuus
vaniljajogurttia	NOUN	vanilja#jogurtti
vaniljakastiketta	NOUN	vanilja#kastike
vankeja	NOUN	vanki
vankeuden	NOUN	vankeus
vankeusajastaan	NOUN	vankeus#aika
vankeusrangaistukseen	NOUN	vankeus#rangaistus
vankeusrangaistuksia	NOUN	vankeus#rangaistus
vankeuteen	NOUN	vankeus
vankeutta	NOUN	vankeus
vankien	NOUN	vanki
vankilaan	NOUN	vankila
vankilakartellin	NOUN	vankila#kartelli
vankilana	NOUN	vankila
vankilassa	NOUN	vankila
vankileirissä	NOUN	vanki#leiri
vankimman	ADJ	vankka
vankina	NOUN	vanki
vannoi	VERB	vannoa
vannoin	VERB	vannoa
vantaalaisseurassa	NOUN	vantaalais#seura
vantaalaisten	ADJ	vantaalainen
vantaan	PROPN	Vantaa
vapaa-aikaankin	NOUN	vapaa#aika
vapaa-ajallaan	NOUN	vapaa#aika
vapaa-ajan	NOUN	vapaa#aika
vapaa-ajanharrastuksiin	NOUN	vapaa#ajan#harrastus
vapaa-ajanmatkaa	NOUN	vapaa#ajan#matka
vapaa-ajanviettoon	NOUN	vapaa#ajan#vietto
vapaaalueilla	NOUN	vapaa#alue
vapaaehtoisesta	ADJ	vapaa#ehtoinen
vapaaehtoiset	ADJ	vapaa#ehtoinen
vapaaehtoisiin	ADJ	vapaa#ehtoinen
vapaaehtoispalvelun	NOUN	vapaa#ehtois#palvelu
vapaaehtoispalveluun	NOUN	vapaa#ehtois#palvelu
vapaaehtoista	ADJ	vapaa#ehtoinen
vapaakauppa-alueista	NOUN	vapaa#kauppa#alue
vapaakauppasopimuksen	NOUN	vapaa#kauppa#sopimus
vapaakauppasopimuksiinsa	NOUN	vapaa#kauppa#sopimus
vapaaksi	ADJ	vapaa
vapaalle	ADJ	vapaa
vapaan	ADJ	vapaa
vapaana	ADJ	vapaa
vapaarahoitteisten	ADJ	vapaa#rahoitteinen
vapaaseen	ADJ	vapaa
vapaassa	ADJ	vapaa
vapaat	ADJ	vapaa
vapaat	NOUN	vapaa
vapaata	ADJ	vapaa
vapaauinnissa	NOUN	vapaa#uinti
vapaavalintaisesta	ADJ	vapaa#valintainen
vapaavarastoissa	NOUN	vapaa#varasto
vapahtajaksi	NOUN	vapahtaja
vapaiden	ADJ	vapaa
vapaiksi	ADJ	vapaa
vapaille	ADJ	vapaa
vapaita	ADJ	vapaa
vapaudelta	NOUN	vapaus
vapauden	NOUN	vapaus
vapaudenristin	NOUN	vapauden#risti
vapaudesta	NOUN	vapaus
vapauduttuaan	VERB	vapautua
vapauksia	NOUN	vapaus
vapautettiin	VERB	vapauttaa
vapautetut	VERB	vapauttaa
vapautta	NOUN	vapaus
vapauttaan	NOUN	vapaus
vapauttamaan	VERB	vapauttaa
vapauttamisesta	NOUN	vapauttaminen
vapauttamista	NOUN	vapauttaminen
vapautti	VERB	vapauttaa
vapautuessa	VERB	vapautua
vapautui	VERB	vapautua
vapautuneempi	ADJ	vapautunut
vapautusliikkeen	NOUN	vapautus#liike
vapautusta	NOUN	vapautus
vapautuu	VERB	vapautua
vapautuvat	VERB	vapautua
vapisevin	ADJ	vapiseva
vappua	NOUN	vappu
vappua	PROPN	Vappu
vappuna	NOUN	vappu
vapuksi	NOUN	vappu
vapun	NOUN	vappu
varaa	NOUN	vara
varainhankinnalla	NOUN	varain#hankinta
varainhankinnassa	NOUN	varain#hankinta
varainhankintaan	NOUN	varain#hankinta
varainhankintakampanjaan	NOUN	varain#hankinta#kampanja
varainhankintakampanjan	NOUN	varain#hankinta#kampanja
varainhoitoa	NOUN	varain#hoito
varallisuusasemaa	NOUN	varallisuus#asema
varamieheksi	NOUN	vara#mies
varanne	NOUN	vara
varannoista	NOUN	varanto
varannut	VERB	varata
varantoaan	NOUN	varanto
varantopohjaa	NOUN	varanto#pohja
varantopohjaan	NOUN	varanto#pohja
varantopohjan	NOUN	varanto#pohja
varantopohjansa	NOUN	varanto#pohja
varantopohjasta	NOUN	varanto#pohja
varantovelvoitetta	NOUN	varanto#velvoite
varantovelvoitteen	NOUN	varanto#velvoite
varantovelvoitteensa	NOUN	varanto#velvoite
varantovelvoitteeseen	NOUN	varanto#velvoite
varantovelvoitteet	NOUN	varanto#velvoite
varantovelvoitteiden	NOUN	varanto#velvoite
varapuheenjohtajana	NOUN	vara#puheen#johtaja
varasi	NOUN	vara
varasin	VERB	varata
varastavat	VERB	varastaa
varastellaan	VERB	varastella
varastetaan	VERB	varastaa
varastettu	VERB	varastaa
varastettujen	VERB	varastaa
varasti	VERB	varastaa
varastoitko	VERB	varastoida
varasuunnitelmaan	NOUN	vara#suunnitelma
varat	NOUN	vara
varataan	VERB	varata
varattiin	VERB	varata
varattu	VERB	varata
varattua	ADJ	varattu
varattuihin	VERB	varata
varattuja	VERB	varata
varattuna	VERB	varata
varauduttu	VERB	varautua
varauksella	NOUN	varaus
varauksen	NOUN	varaus
varauksetta	NOUN	varaus
varauksia	NOUN	varaus
varauksista	NOUN	varaus
varauskierroksen	NOUN	varaus#kierros
varaustilaisuudessa	NOUN	varaus#tilaisuus
varautumisen	NOUN	varautuminen
varautumista	NOUN	varautuminen
varautunut	VERB	varautua
varautuvat	VERB	varautua
varaz-bakurin	PROPN	Varaz-Bakur
varhaiseläkettä	NOUN	varhais#eläke
varhaisemmassa	ADJ	varhainen
varhaisessa	ADJ	varhainen
varhaiskeskiaikaisen	ADJ	varhais#keskiaikainen
variaatioita	NOUN	variaatio
variantteja	NOUN	variantti
variksenmarjaan	NOUN	variksen#marja
variksenpelättimet	NOUN	variksen#pelätin
varjelemiseksi	NOUN	varjeleminen
varjoaan	NOUN	varjo
varjoisessa	ADJ	varjoinen
varjoon	NOUN	varjo
varjossa	NOUN	varjo
varjosta	NOUN	varjo
varjostanut	VERB	varjostaa
varjosti	VERB	varjostaa
varkaat	NOUN	varas
varmaa	ADJ	varma
varmaa	ADV	varmaan
varmaankaan	ADV	varmaan
varmaksi	ADJ	varma
varmalta	ADJ	varma
varmastikaan	ADV	varmasti
varmastikin	ADV	varmasti
varmimpana	ADJ	varma
varmistaakseen	VERB	varmistaa
varmistaakseni	VERB	varmistaa
varmistamaan	VERB	varmistaa
varmistamalla	VERB	varmistaa
varmistamiseksi	NOUN	varmistaminen
varmistamisessa	NOUN	varmistaminen
varmistamme	VERB	varmistaa
varmistavan	VERB	varmistaa
varmistavat	VERB	varmistaa
varmistetaan	VERB	varmistaa
varmistettava	VERB	varmistaa
varmisti	VERB	varmistaa
varmistunut	VERB	varmistua
varmoja	ADJ	varma
varmuudella	NOUN	varmuus
varmuuden	NOUN	varmuus
varmuutta	NOUN	varmuus
varoaikaa	NOUN	varoaika
varoen	VERB	varoa
varoilla	NOUN	vara
varoin	NOUN	vara
varoista	NOUN	vara
varoitamme	VERB	varoittaa
varoittamalla	VERB	varoittaa
varoittanut	VERB	varoittaa
varoittavia	VERB	varoittaa
varoitti	VERB	varoittaa
varoitukset	NOUN	varoitus
varoitusta	NOUN	varoitus
varoja	NOUN	vara
varojani	NOUN	vara
varojen	NOUN	vara
varojensa	NOUN	vara
varokaa	VERB	varoa
varomattomuuksia	NOUN	varomattomuus
varotettii	VERB	varoittaa
varovaisemmaksi	ADJ	varovainen
varovaisemmin	ADV	varovasti
varovaisen	ADJ	varovainen
varovaisesta	ADJ	varovainen
varovaisissa	ADJ	varovainen
varpaan	NOUN	varvas
varpaanpäilläni	NOUN	varpaan#pää
varpailleen	NOUN	varvas
varpain	NOUN	varvas
varpaisiin	NOUN	varvas
varpukasvit	NOUN	varpu#kasvi
varpuspöllön	NOUN	varpus#pöllö
varrellaan	NOUN	varsi
varren	NOUN	varsi
varret	NOUN	varsi
varsille	NOUN	varsi
varsinais-suomeen	PROPN	Varsinais-Suomi
varsinais-suomen	PROPN	Varsinais-Suomi
varsinaiseen	ADJ	varsinainen
varsinaiselta	ADJ	varsinainen
varsinaisen	ADJ	varsinainen
varsinaisesta	ADJ	varsinainen
varsinaiset	ADJ	varsinainen
varsinaisia	ADJ	varsinainen
varsinaissuomalaista	ADJ	varsinais#suomalainen
varsinaista	ADJ	varsinainen
varsovan	PROPN	Varsova
varsovassa	PROPN	Varsova
vartaloa	NOUN	vartalo
vartalomme	NOUN	vartalo
vartalon	NOUN	vartalo
vartaloni	NOUN	vartalo
vartalossa	NOUN	vartalo
varteen	ADP	varten
varteenotettavaksi	ADJ	varteenotettava
varteenotettavana	ADJ	varteenotettava
varteni	NOUN	varsi
vartijan	NOUN	vartija
vartijana	NOUN	vartija
vartin	NOUN	vartti
vartiointi-	NOUN	vartiointi
vartiointifirman	NOUN	vartiointi#firma
vartiossa	NOUN	vartio
vartiotoimintaa	NOUN	vartio#toiminta
vartiovuoren	PROPN	Vartiovuori
vartiovuorenmäeltä	PROPN	Vartiovuorenmäki
vartiovuorenmäen	PROPN	Vartiovuorenmäki
vartiovuorenpuiston	PROPN	Vartiovuorenpuisto
varttia	NOUN	vartti
varttuneemmat	ADJ	varttunut
varuskunnassa	NOUN	varus#kunta
varusteensa	NOUN	varuste
varusteet	NOUN	varuste
varustettava	VERB	varustaa
varustettu	VERB	varustaa
varustettuja	VERB	varustaa
varustettujen	VERB	varustaa
varustettuna	VERB	varustaa
varustetulle	VERB	varustaa
varustuksena	NOUN	varustus
varvastaan	NOUN	varvas
vasalliksi	NOUN	vasalli
vasallina	NOUN	vasalli
vasallivaltioita	NOUN	vasalli#valtio
vasamassa	PROPN	Vasama
vasemmalla	ADJ	vasen
vasemmalle	ADJ	vasen
vasemmalta	ADJ	vasen
vasemman	ADJ	vasen
vasemmistojohtoisiksi	ADJ	vasemmisto#johtoinen
vasemmistolaisiksi	ADJ	vasemmistolainen
vasemmistoliitolla	PROPN	Vasemmistoliitto
vasemmistoliiton	PROPN	Vasemmistoliitto
vasemmistoliittoa	PROPN	Vasemmistoliitto
vasemmiston	NOUN	vasemmisto
vasemmistoon	NOUN	vasemmisto
vasemmistopuolueista	NOUN	vasemmisto#puolue
vasemmistosäätiön	NOUN	vasemmisto#säätiö
vasempana	ADJ	vasen
vasenta	ADJ	vasen
vasikoita	NOUN	vasikka
vaskivuoren	PROPN	Vaskivuori
vastaa	VERB	vastata
vastaajaani	NOUN	vastaaja
vastaajista	NOUN	vastaaja
vastaamaan	VERB	vastata
vastaan	VERB	vastata
vastaanhangoittelun	NOUN	vastaanhangoittelu
vastaani	ADV	vastaan
vastaanotettavaksi	VERB	vastaanottaa
vastaanotolla	NOUN	vastaanotto
vastaanotolle	NOUN	vastaan#otto
vastaanoton	NOUN	vastaanotto
vastaanottamaan	VERB	vastaanottaa
vastaanottamisesta	NOUN	vastaanottaminen
vastaanottamista	NOUN	vastaan#ottaminen
vastaanottavaisiksi	ADJ	vastaanottavainen
vastaanottavan	VERB	vastaanottaa
vastaanottavassa	VERB	vastaanottaa
vastaanottavasta	VERB	vastaanottaa
vastaanottivat	VERB	vastaan#ottaa
vastaanottoa	NOUN	vastaan#otto
vastaanottojärjestelyistä	NOUN	vastaanotto#järjestely
vastaanottokeskuksen	NOUN	vastaanotto#keskus
vastaanottoon	NOUN	vastaanotto
vastaantulevien	VERB	vastaan#tulla
vastaantulijat	NOUN	vastaantulija
vastaantulijoiden	NOUN	vastaantulija
vastaantulijoita	NOUN	vastaantulija
vastaava	VERB	vastata
vastaavaa	ADJ	vastaava
vastaavaa	VERB	vastata
vastaavaa-puolella	NOUN	vastaavaa#puoli
vastaavaan	ADJ	vastaava
vastaavaksi	VERB	vastata
vastaavalla	ADJ	vastaava
vastaavan	ADJ	vastaava
vastaavan	VERB	vastata
vastaavana	ADJ	vastaava
vastaavana	VERB	vastata
vastaavasta	ADJ	vastaava
vastaavat	ADJ	vastaava
vastaavat	VERB	vastata
vastaavien	VERB	vastata
vastaaviin	ADJ	vastaava
vastaavilla	VERB	vastata
vastaaville	ADJ	vastaava
vastaavissa	ADJ	vastaava
vastaavista	ADJ	vastaava
vastaavuutta	NOUN	vastaavuus
vastaerien	NOUN	vasta#erä
vastaerille	NOUN	vasta#erä
vastagambiitin	NOUN	vasta#gambiitti
vastagambiittia	NOUN	vasta#gambiitti
vastahakoisia	ADJ	vasta#hakoinen
vastahyökkäykseen	NOUN	vasta#hyökkäys
vastaisen	ADJ	vastainen
vastaiset	ADJ	vastainen
vastaisi	VERB	vastata
vastaisiin	ADJ	vastainen
vastaisin	VERB	vastata
vastaista	ADJ	vastainen
vastaisten	ADJ	vastainen
vastaisuudessa	NOUN	vastaisuus
vastajulkaistulla	VERB	vasta#julkaista
vastakappaleen	NOUN	vasta#kappale
vastakin	ADV	vasta
vastakkaisella	ADJ	vastakkainen
vastakkaiselle	ADJ	vastakkainen
vastakkaisen	ADJ	vastakkainen
vastakohdaksi	NOUN	vasta#kohta
vastakuoriutuneita	NOUN	vasta#kuoriutunut
vastalauseemme	NOUN	vasta#lause
vastalauseen	NOUN	vasta#lause
vastalauseena	NOUN	vasta#lause
vastalauseet	NOUN	vasta#lause
vastalauseita	NOUN	vasta#lause
vastamielenosoituksen	NOUN	vasta#mielen#osoitus
vastanneet	VERB	vastata
vastanneista	VERB	vastata
vastannut	VERB	vastata
vastapainoa	NOUN	vasta#paino
vastapainoksi	NOUN	vasta#paino
vastapuristettu	VERB	vasta#puristaa
vastarannankiiskejä	NOUN	vasta#rannan#kiiski
vastareaktion	NOUN	vasta#reaktio
vastarintaan	NOUN	vasta#rinta
vastasi	VERB	vastata
vastasin	VERB	vastata
vastassaan	ADV	vastassa
vastaten	VERB	vastata
vastatessaan	VERB	vastata
vastattava	VERB	vastata
vastattavaa-puolella	NOUN	vastattavaa#puoli
vastattiin	VERB	vastata
vastatulleille	VERB	vasta#tulla
vastatuulessa	NOUN	vasta#tuuli
vastaukseksi	NOUN	vastaus
vastauksella	NOUN	vastaus
vastauksen	NOUN	vastaus
vastauksena	NOUN	vastaus
vastauksesta	NOUN	vastaus
vastaukset	NOUN	vastaus
vastauksia	NOUN	vastaus
vastausta	NOUN	vastaus
vastausten	NOUN	vastaus
vastausvaihtoehtojen	NOUN	vastaus#vaihto#ehto
vastavirran	NOUN	vasta#virta
vastavirtaa	NOUN	vasta#virta
vastavoimaan	NOUN	vasta#voima
vastavoimaksi	NOUN	vasta#voima
vastavuoroiseen	ADJ	vasta#vuoroinen
vastineeksi	NOUN	vastine
vastineita	NOUN	vastine
vastoinkäymisten	NOUN	vastoinkäyminen
vastuksien	NOUN	vastus
vastuksista	NOUN	vastus
vastusta	VERB	vastustaa
vastustajalle	NOUN	vastustaja
vastustajamme	NOUN	vastustaja
vastustajan	NOUN	vastustaja
vastustajana	NOUN	vastustaja
vastustajat	NOUN	vastustaja
vastustamaan	VERB	vastustaa
vastustamiseksi	NOUN	vastustaminen
vastustaneet	VERB	vastustaa
vastustanut	VERB	vastustaa
vastustat	VERB	vastustaa
vastustava	VERB	vastustaa
vastustavan	VERB	vastustaa
vastustavassa	VERB	vastustaa
vastustavia	VERB	vastustaa
vastusteli	VERB	vastustella
vastustelisi	VERB	vastustella
vastusteta	VERB	vastustaa
vastustetaan	VERB	vastustaa
vastustetut	VERB	vastustaa
vastusti	VERB	vastustaa
vastustivat	VERB	vastustaa
vastustuksesta	NOUN	vastustus
vastustuskykyisiä	ADJ	vastustus#kykyinen
vastustuskyvyn	NOUN	vastustus#kyky
vastustusta	NOUN	vastustus
vastuualueiden	NOUN	vastuu#alue
vastuualueita	NOUN	vastuu#alue
vastuullaan	NOUN	vastuu
vastuulle	NOUN	vastuu
vastuulleen	NOUN	vastuu
vastuullisella	ADJ	vastuullinen
vastuulliselta	ADJ	vastuullinen
vastuullisempaan	ADJ	vastuullinen
vastuumme	NOUN	vastuu
vastuun	NOUN	vastuu
vastuuntuntoisesta	ADJ	vastuun#tuntoinen
vastuussa	NOUN	vastuu
vastuusta	NOUN	vastuu
vastuuta	NOUN	vastuu
vastuutamme	NOUN	vastuu
vastuutonta	ADJ	vastuuton
vastuuvelan	NOUN	vastuu#velka
vatajan	PROPN	Vataja
vatjalaiset	ADJ	vatjalainen
vatjalaiset	NOUN	vatjalainen
vatjalaisia	ADJ	vatjalainen
vatjalaisia	NOUN	vatjalainen
vatjan	NOUN	vatja
vatkaa	VERB	vatkata
vatkaimella	NOUN	vatkain
vatkaten	VERB	vatkata
vatsahuuhtelussa	NOUN	vatsa#huuhtelu
vatsalihaksia	NOUN	vatsa#lihas
vatsalleen	NOUN	vatsa
vatsanpohjassani	NOUN	vatsan#pohja
vatsantäytettä	NOUN	vatsan#täyte
vatsapuolella	NOUN	vatsa#puoli
vatsassa	NOUN	vatsa
vatsasta	NOUN	vatsa
vatsavaivoja	NOUN	vatsa#vaiva
vauhdilla	NOUN	vauhti
vauhdin	NOUN	vauhti
vauhditti	VERB	vauhdittaa
vauhkoontuu	VERB	vauhkoontua
vauhkosin	VERB	vauhkota
vauhtia	NOUN	vauhti
vauhtiin	NOUN	vauhti
vaunua	NOUN	vaunu
vaunuissa	NOUN	vaunu
vaunuja	NOUN	vaunu
vaunuletkaa	NOUN	vaunu#letka
vaunun	NOUN	vaunu
vaunussa	NOUN	vaunu
vaunusta	NOUN	vaunu
vaunut	NOUN	vaunu
vaunuun	NOUN	vaunu
vauraampien	ADJ	vauras
vauraat	NOUN	vauras
vauraiden	NOUN	vauras
vaurastumisen	NOUN	vaurastuminen
vaurioituneita	VERB	vaurioitua
vauriottaa	VERB	vaurioittaa
vauvan	NOUN	vauva
vauvasta	NOUN	vauva
vauvoineen	NOUN	vauva
vauxhallina	PROPN	Vauxhall
vav-kirjaimesta	NOUN	vav#kirjain
vavahdan	VERB	vavahtaa
vavilla	NOUN	vav
vedellä	NOUN	vesi
veden	NOUN	vesi
vedenpinnan	NOUN	veden#pinta
vedenpintaan	NOUN	veden#pinta
vedessä	NOUN	vesi
vedestä	NOUN	vesi
vedet	NOUN	vesi
vedettyä	VERB	vetää
vedettyään	VERB	vetää
vedettävä	VERB	vetää
vedettäväksi	VERB	vetää
vedin	VERB	vetää
vedoten	VERB	vedota
vedyn	NOUN	vety
vedä	VERB	vetää
veellä	NOUN	vee
veeran	PROPN	Veera
vegaanit	NOUN	vegaani
vegasissa	PROPN	Vegas
vehnäjauhoja	NOUN	vehnä#jauho
vehreydessään	NOUN	vehreys
vei	VERB	viedä
veijoja	PROPN	Veijo
veikattiin	VERB	veikata
veikkaavat	VERB	veikata
veikkausliiga-historian	NOUN	Veikkausliiga#historia
veikkausliiga-kausi	NOUN	Veikkausliiga#kausi
veikkausliigan	PROPN	Veikkausliiga
veikkausliigassa	PROPN	Veikkausliiga
veikkausliigasta	PROPN	Veikkausliiga
veikö	VERB	viedä
veisi	VERB	viedä
veisivät	VERB	viedä
veistin	VERB	veistää
vekkulia	NOUN	vekkuli
velaksi	NOUN	velka
velan	NOUN	velka
velat	NOUN	velka
velattomien	ADJ	velaton
veljekseen	NOUN	veli
veljen	NOUN	veli
veljeni	NOUN	veli
veljensä	NOUN	veli
veljeskunnalle	NOUN	veljes#kunta
veljeskunnan	NOUN	veljes#kunta
veljestään	NOUN	veli
veljeä	NOUN	veli
veljeäni	NOUN	veli
veljeään	NOUN	veli
velkaa	NOUN	velka
velkaantumiseen	NOUN	velkaantuminen
velkaantumisen	NOUN	velkaantuminen
velkaantumisvaransa	NOUN	velkaantumis#vara
velkaantuneen	VERB	velkaantua
velkaantuneiden	VERB	velkaantua
velkaantunut	VERB	velkaantua
velkajärjestelyhakemuksia	NOUN	velka#järjestely#hakemus
velkajärjestelyhakemusten	NOUN	velka#järjestely#hakemus
velkajärjestelyistä	NOUN	velka#järjestely
velkakaton	NOUN	velka#katto
velkakatosta	NOUN	velka#katto
velkakattoa	NOUN	velka#katto
velkakattoesityksen	NOUN	velka#katto#esitys
velkakattokiistassa	NOUN	velka#katto#kiista
velkakattosopimuksen	NOUN	velka#katto#sopimus
velkakattosopua	NOUN	velka#katto#sopu
velkakestävyydestä	NOUN	velka#kestävyys
velkakirjoja	NOUN	velka#kirja
velkakirjojen	NOUN	velka#kirja
velkakriisin	NOUN	velka#kriisi
velkakuormasta	NOUN	velka#kuorma
velkakustannukset	NOUN	velka#kustannus
velkamaiden	NOUN	velka#maa
velkamäärän	NOUN	velka#määrä
velkamäärät	NOUN	velka#määrä
velkaneuvojien	NOUN	velka#neuvoja
velkaneuvojille	NOUN	velka#neuvoja
velkaneuvonnan	NOUN	velka#neuvonta
velkaneuvontaan	NOUN	velka#neuvonta
velkaongelmalta	NOUN	velka#ongelma
velkaongelman	NOUN	velka#ongelma
velkaongelmasta	NOUN	velka#ongelma
velkaongelmat	NOUN	velka#ongelma
velkaongelmien	NOUN	velka#ongelma
velkaongelmiin	NOUN	velka#ongelma
velkapapereihin	NOUN	velka#paperi
velkapaperit	NOUN	velka#paperi
velkapommin	NOUN	velka#pommi
velkaryhmille	NOUN	velka#ryhmä
velkasuhteiden	NOUN	velka#suhde
velkasuohon	NOUN	velka#suo
velkataakan	NOUN	velka#taakka
velkoja	NOUN	velka
velkojen	NOUN	velka
velkojiin	NOUN	velkoja
velloo	VERB	velloa
veloista	NOUN	velka
veloistaan	NOUN	velka
velttoilulle	NOUN	velttoilu
velvoiteprosentit	NOUN	velvoite#prosentti
velvoiteta	VERB	velvoittaa
velvoitetaan	VERB	velvoittaa
velvoitettava	VERB	velvoittaa
velvoittava	VERB	velvoittaa
velvoittavat	VERB	velvoittaa
velvoitteensa	NOUN	velvoite
velvoitteet	NOUN	velvoite
velvoitteiden	NOUN	velvoite
velvoitteisiin	NOUN	velvoite
velvollisuudekseni	NOUN	velvollisuus
velvollisuuden	NOUN	velvollisuus
velvollisuudentuntoisuutta	NOUN	velvollisuuden#tuntoisuus
velvollisuudet	NOUN	velvollisuus
velvollisuuksia	NOUN	velvollisuus
velvollisuuksien	NOUN	velvollisuus
velvollisuuksiin	NOUN	velvollisuus
velvollisuutta	NOUN	velvollisuus
velvollisuuttaan	NOUN	velvollisuus
veneellä	NOUN	vene
veneen	NOUN	vene
veneenkeikuttajia	NOUN	veneen#keikuttaja
veneenkeikuttamista	NOUN	veneen#keikuttaminen
veneissä	NOUN	vene
venezuelan	PROPN	Venezuela
venezuelasta	PROPN	Venezuela
venukseen	PROPN	Venus
venuksen	PROPN	Venus
venyi	VERB	venyä
venyviä	VERB	venyä
venyy	VERB	venyä
venähdettyä	VERB	venähtää
venäjä-tutkija	NOUN	Venäjä#tutkija
venäjälle	PROPN	Venäjä
venäjällä	PROPN	Venäjä
venäjän	ADJ	venäjä
venäjän	NOUN	venäjä
venäjän	PROPN	Venäjä
venäjästä	PROPN	Venäjä
venäjää	NOUN	venäjä
venäjää	PROPN	Venäjä
venäjään	PROPN	Venäjä
venäläisen	ADJ	venäläinen
venäläisen	NOUN	venäläinen
venäläisessä	ADJ	venäläinen
venäläiset	NOUN	venäläinen
venäläisiä	ADJ	venäläinen
venäläisiä	NOUN	venäläinen
venäläisten	NOUN	venäläinen
venäläistä	ADJ	venäläinen
veran	PROPN	vera
verannan	NOUN	veranta
verbien	NOUN	verbi
verbin	NOUN	verbi
veren	NOUN	veri
verenkiertohäiriöistä	NOUN	veren#kierto#häiriö
verenkiertohäiriöitä	NOUN	veren#kierto#häiriö
verenpainelääkkeeksi	NOUN	veren#paine#lääke
verenpisaroita	NOUN	veren#pisara
verenvuodon	NOUN	veren#vuoto
verenvuotoseptikemian	NOUN	veren#vuoto#septikemia
verestä	NOUN	veri
veret	NOUN	veri
verhoissa	NOUN	verho
verhojen	NOUN	verho
verhona	NOUN	verho
verhot	NOUN	verho
verhottiin	VERB	verhota
verilöylyyn	NOUN	veri#löyly
verinäytteestä	NOUN	veri#näyte
verkkaisesta	ADJ	verkkainen
verkko-opiskelulla	NOUN	verkko#opiskelu
verkkoa	NOUN	verkko
verkkoaidan	NOUN	verkko#aita
verkkohyökkäykset	NOUN	verkko#hyökkäys
verkkohyökkäyksiä	NOUN	verkko#hyökkäys
verkkoja	NOUN	verkko
verkkokaupasta	NOUN	verkko#kauppa
verkkoliikennettä	NOUN	verkko#liikenne
verkkoliikenteen	NOUN	verkko#liikenne
verkkolomakkeita	NOUN	verkko#lomake
verkkomelonia	NOUN	verkko#meloni
verkkoon	NOUN	verkko
verkkopalveluihin	NOUN	verkko#palvelu
verkkopalvelujen	NOUN	verkko#palvelu
verkkopäivitysten	NOUN	verkko#päivitys
verkkopäiväkirjassaan	NOUN	verkko#päivä#kirja
verkkouutisille	NOUN	verkko#uutinen
verkon	NOUN	verkko
verkosta	NOUN	verkko
verkostoa	NOUN	verkosto
verkostoihin	NOUN	verkosto
verkostoissa	NOUN	verkosto
verkostoista	NOUN	verkosto
verkostoitumiseen	NOUN	verkostoituminen
verkostoitunut	VERB	verkostoitua
verkostoja	NOUN	verkosto
verkostojensa	NOUN	verkosto
verkostolla	NOUN	verkosto
verkoston	NOUN	verkosto
verkostorakennetta	NOUN	verkosto#rakenne
verkostosta	NOUN	verkosto
verkostot	NOUN	verkosto
vermossa	PROPN	Vermo
vernalassa	PROPN	Vernala
vernan	PROPN	Verna
vero-osaaminen	NOUN	vero#osaaminen
veroa	NOUN	vero
veroilmoituksen	NOUN	vero#ilmoitus
veroina	NOUN	vero
veroiset	ADJ	veroinen
veroisia	ADJ	veroinen
veroja	NOUN	vero
verojen	NOUN	vero
verojärjestelmän	NOUN	vero#järjestelmä
verokeskustelussa	NOUN	vero#keskustelu
verolla	NOUN	vero
verolle	NOUN	vero
veronalaiseksi	ADJ	veron#alainen
veronkorotuksia	NOUN	veron#korotus
veronmaksajien	NOUN	veron#maksaja
veronmaksajiin	NOUN	veron#maksaja
verosta	NOUN	vero
verot	NOUN	vero
verotasoa	NOUN	vero#taso
verotiedot	NOUN	vero#tieto
verottajalta	NOUN	verottaja
verottamaan	VERB	verottaa
verotukseen	NOUN	verotus
verotuksen	NOUN	verotus
verotusjärjestelmiinkin	NOUN	verotus#järjestelmä
verotusta	NOUN	verotus
verotustapaa	NOUN	verotus#tapa
verrattiin	VERB	verrata
verrattuna	VERB	verrata
verryttelyhousujen	NOUN	verryttely#housut
versioita	NOUN	versio
version	NOUN	versio
versiona	NOUN	versio
versioon	NOUN	versio
versiossa	NOUN	versio
versiota	NOUN	versio
verstaassani	NOUN	verstas
vert	NOUN	veri
verta	NOUN	veri
vertaavat	VERB	verrata
vertailee	VERB	vertailla
vertailevan	VERB	vertailla
vertailtavuuteen	NOUN	vertailtavuus
vertailua	NOUN	vertailu
vertailuanalyysiä	NOUN	vertailu#analyysi
vertailukaudesta	NOUN	vertailu#kausi
vertailukautta	NOUN	vertailu#kausi
vertailukelpoisia	ADJ	vertailu#kelpoinen
vertailukelpoista	ADJ	vertailu#kelpoinen
vertailukohtia	NOUN	vertailu#kohta
vertailun	NOUN	vertailu
vertailussa	NOUN	vertailu
vertailutietoa	NOUN	vertailu#tieto
vertaisverkkojen	NOUN	vertais#verkko
vertaisverkkoliikenteen	NOUN	vertais#verkko#liikenne
vertaisverkkotekniikan	NOUN	vertais#verkko#tekniikka
vertaisverkot	NOUN	vertais#verkko
vertaudu	VERB	vertautua
vertauksen	NOUN	vertaus
vertikaaliset	ADJ	vertikaalinen
vertikaalisia	ADJ	vertikaalinen
vertikaalisiin	ADJ	vertikaalinen
vertikaalisista	ADJ	vertikaalinen
vertikaalisten	ADJ	vertikaalinen
vertoja	NOUN	verto
vesi-ilmapalloja	NOUN	vesi#ilma#pallo
vesialueilla	NOUN	vesi#alue
vesilammikoistakin	NOUN	vesi#lammikko
vesiliukoisuuden	NOUN	vesi#liukoisuus
vesille	NOUN	vesi
vesillä	NOUN	vesi
vesimelonia	NOUN	vesi#meloni
vesipetoja	NOUN	vesi#peto
vesipuitedirektiivin	NOUN	vesi#puite#direktiivi
vesirajassa	NOUN	vesi#raja
vesireitit	NOUN	vesi#reitti
vesireittejä	NOUN	vesi#reitti
vesistöön	NOUN	vesistö
vesiviljeltyjä	VERB	vesi#viljellä
vesiväreillä	NOUN	vesi#väri
vessaa	NOUN	vessa
vessan	NOUN	vessa
vessanpöntön	NOUN	vessan#pönttö
vessapaperia	NOUN	vessa#paperi
vessapaperin	NOUN	vessa#paperi
vessassa	NOUN	vessa
vessat	NOUN	vessa
vesuvius-kakkuja	NOUN	Vesuvius#kakku
veteen	NOUN	vesi
veti	VERB	vetää
vetisessä	ADJ	vetinen
vetisiä	ADJ	vetinen
vetoa	NOUN	veto
vetoamalla	VERB	vedota
vetoautoa	NOUN	veto#auto
vetoautolla	NOUN	veto#auto
vetoautoon	NOUN	veto#auto
vetoisen	ADJ	vetoinen
vetoketjuilla	NOUN	veto#ketju
vetomme	NOUN	veto
vetoomuksiin	NOUN	vetoomus
vetoomusvaliokunnalle	NOUN	vetoomus#valio#kunta
vettä	NOUN	vesi
vetureita	NOUN	veturi
veturia	NOUN	veturi
veturiin	NOUN	veturi
veturikirjat	NOUN	veturi#kirja
veturin	NOUN	veturi
veturina	NOUN	veturi
veturinkuljettaja	NOUN	veturi#kuljettaja
veturinkuljettajakurssille	NOUN	veturin#kuljettaja#kurssi
veturitallissa	NOUN	veturi#talli
vetyä	NOUN	vety
vetäen	VERB	vetää
vetäistynä	VERB	vetäistä
vetäkääpä	VERB	vetää
vetämiseen	NOUN	vetäminen
vetämällä	VERB	vetää
vetämänä	VERB	vetää
vetämättä	VERB	vetää
vetämään	VERB	vetää
vetäneet	VERB	vetää
vetänyt	VERB	vetää
vetäytyi	VERB	vetäytyä
vetäytyivät	VERB	vetäytyä
vetäytymisaikataulua	NOUN	vetäytymis#aika#taulu
vetäytyvät	VERB	vetäytyä
vetäytyy	VERB	vetäytyä
vetään	VERB	vetää
veyracin	PROPN	Veyrac
vhs-tautitapausten	NOUN	VHS#tauti#tapaus
vi-editoriin	NOUN	Vi#editori
vi-kloonin	NOUN	Vi#klooni
vi:n	ADJ	VI
viagran	PROPN	Viagra
viatonta	ADJ	viaton
viattomampi	ADJ	viaton
viattoman	ADJ	viaton
viattomiin	ADJ	viaton
viattomimpiin	ADJ	viaton
vibrioiden	NOUN	vibria
vicenzan	PROPN	Vicenza
victorian	PROPN	Victoria
videoita	NOUN	video
videokin	NOUN	video
videokurssilaisten	NOUN	video#kurssilainen
videolle	NOUN	video
videomateriaalin	NOUN	video#materiaali
videon	NOUN	video
videopätkää	NOUN	video#pätkä
videossa	NOUN	video
videosta	NOUN	video
videota	NOUN	video
videovalvonnan	NOUN	video#valvonta
vie	VERB	viedä
viedyt	VERB	viedä
viejien	NOUN	viejä
viejiin	NOUN	viejä
viejälle	NOUN	viejä
viejämaan	NOUN	viejä#maa
viejämaassa	NOUN	viejä#maa
viejämaasta	NOUN	viejä#maa
viejän	NOUN	viejä
viejät	NOUN	viejä
viekkaudella	NOUN	viekkaus
viekööt	VERB	viedä
vieläkään	ADV	vielä
vieläkö	ADV	vielä
viemiseksi	NOUN	vieminen
viemistä	NOUN	vieminen
viemättä	VERB	viedä
viemään	VERB	viedä
vien	VERB	viedä
vienan	PROPN	Viena
vieneet	VERB	viedä
vienniltä	NOUN	vienti
viennin	NOUN	vienti
viennistä	NOUN	vienti
vientihinnan	NOUN	vienti#hinta
vientihinnat	NOUN	vienti#hinta
vientihintaa	NOUN	vienti#hinta
vientihintoja	NOUN	vienti#hinta
vientihintojen	NOUN	vienti#hinta
vientiin	NOUN	vienti
vientikiellon	NOUN	vienti#kielto
vientimaana	NOUN	vienti#maa
vientituella	NOUN	vienti#tuki
vientituelta	NOUN	vienti#tuki
vientituen	NOUN	vienti#tuki
vientitukeen	NOUN	vienti#tuki
vientituki-	NOUN	vienti#tuki
vientiä	NOUN	vienti
vientiämme	NOUN	vienti
vieny	VERB	viedä
vienyt	VERB	viedä
vieraan	ADJ	vieras
vieraan	NOUN	vieras
vieraana	NOUN	vieras
vieraansa	ADJ	vieras
vieraantumisestaan	NOUN	vieraantuminen
vieraiden	ADJ	vieras
vierailee	VERB	vierailla
vierailevilla	VERB	vierailla
vieraili	VERB	vierailla
vierailijalle	NOUN	vierailija
vierailijapassilla	NOUN	vierailija#passi
vieraille	ADJ	vieras
vieraille	NOUN	vieras
vieraillut	VERB	vierailla
vierailulta	NOUN	vierailu
vierailuluennolla	NOUN	vierailu#luento
vierailuluennollaan	NOUN	vierailu#luento
vierailuluennon	NOUN	vierailu#luento
vierailumatkoja	NOUN	vierailu#matka
vierailun	NOUN	vierailu
vierailusta	NOUN	vierailu
vieraita	ADJ	vieras
vieraita	NOUN	vieras
vieraskaan	ADJ	vieras
vieraskamariin	NOUN	vieras#kamari
vierasmaalaisiin	ADJ	vierasmaalainen
vierasta	ADJ	vieras
vierasta	NOUN	vieras
viereemme	ADV	viereen
viereeni	ADV	viereen
viereensä	ADP	viereen
viereiseen	ADJ	viereinen
viereisen	ADJ	viereinen
viereisessä	ADJ	viereinen
viereisestä	ADJ	viereinen
viereistä	ADJ	viereinen
vierekkäisinä	ADJ	vierekkäinen
vierelleni	ADV	vierelle
vierellänne	ADP	vierellä
vieressäsi	ADV	vieressä
vierestäsi	ADV	vierestä
vieruskaveriaan	NOUN	vierus#kaveri
vierustoverille	NOUN	vierus#toveri
viestejä	NOUN	viesti
viestimien	NOUN	viestin
viestimään	VERB	viestiä
viestin	NOUN	viesti
viestinnän	NOUN	viestintä
viestintuojat	NOUN	viestin#tuoja
viestintäalan	NOUN	viestintä#ala
viestintäkamarin	NOUN	viestintä#kamari
viestintätekniikan	NOUN	viestintä#tekniikka
viestintätoimistoa	NOUN	viestintä#toimisto
viestintävalmiuksia	NOUN	viestintä#valmius
viestinviejistä	NOUN	viestin#viejä
viestissä	NOUN	viesti
viestit	NOUN	viesti
viestitämme	VERB	viestittää
viestivät	VERB	viestiä
viestivätkö	VERB	viestiä
viestiä	NOUN	viesti
vietetettiin	VERB	viettää
vietettiin	VERB	viettää
vietettyä	VERB	viettää
vietetään	VERB	viettää
vietiin	VERB	viedä
vietin	VERB	viettää
vietnamissa	PROPN	Vietnam
viettelimme	VERB	vietellä
viettelyksen	NOUN	viettelys
vietti	VERB	viettää
viettoon	NOUN	vietto
viettäessäni	VERB	viettää
viettämämme	VERB	viettää
viettämään	VERB	viettää
viettämääni	VERB	viettää
viettäneensä	VERB	viettää
viettänyt	VERB	viettää
viettävä	VERB	viettää
viety	VERB	viedä
vietämmekin	VERB	viettää
vietät	VERB	viettää
vietävien	VERB	viedä
vietävä	VERB	viedä
vievien	VERB	viedä
vievät	VERB	viedä
vihaa	VERB	vihata
vihaaville	VERB	vihata
vihaisemmalta	ADJ	vihainen
vihannekset	NOUN	vihannes
vihasi	VERB	vihata
vihassa	NOUN	viha
vihdissä	PROPN	Vihti
vihdoinkin	ADV	vihdoin
viherkasvien	NOUN	viher#kasvi
vihersalaattia	NOUN	viher#salaatti
vihittiin	VERB	vihkiä
vihiä	NOUN	vihi
vihjailinkin	VERB	vihjailla
vihjaissut	VERB	vihjaista
vihjeestä	NOUN	vihje
vihkisormuksen	NOUN	vihki#sormus
vihkoa	NOUN	vihko
vihkojen	NOUN	vihko
vihkonsa	NOUN	vihko
vihloo	VERB	vihloa
vihollisen	NOUN	vihollinen
viholliset	NOUN	vihollinen
vihollisia	NOUN	vihollinen
vihon	NOUN	vihko
vihostaan	NOUN	vihko
vihr	NOUN	vihreä
vihreiden	ADJ	vihreä
vihreiden	PROPN	Vihreät
vihreisiin	ADJ	vihreä
vihreistä	PROPN	Vihreät
vihreitä	ADJ	vihreä
vihreyttään	NOUN	vihreys
vihreä-asuiset	ADJ	vihreä#asuinen
vihreähaalaristen	NOUN	vihreä#haalarinen
vihreäksi	ADJ	vihreä
vihreällä	ADJ	vihreä
vihreämmältä	ADJ	vihreä
vihreän	ADJ	vihreä
vihreässä	ADJ	vihreä
vihreästä	ADJ	vihreä
vihreät	NOUN	vihreä
vihreää	ADJ	vihreä
viideksitoista	NUM	viisi#toista
viidelle	NUM	viisi
viidellä	NUM	viisi
viidellätoista	NUM	viisi#toista
viiden	NUM	viisi
viidenkymmenen	NUM	viisi#kymmenen
viidenneksen	NOUN	viidennes
viidenneksi	ADJ	viides
viidennelle	ADJ	viides
viidennellä	ADJ	viides
viidennen	ADJ	viides
viidenteen	ADJ	viides
viidentoista	NUM	viisi#toista
viides-	ADJ	viides
viidettä	ADJ	viides
viihde-eloktroniikkahelvetti	NOUN	viihde#eloktroniikka#helvetti
viihdeohjelmissa	NOUN	viihde#ohjelma
viihdettä	NOUN	viihde
viihdettäkin	NOUN	viihde
viihdymme	VERB	viihtyä
viihdyttämistä	NOUN	viihdyttäminen
viihteen	NOUN	viihde
viihtyi	VERB	viihtyä
viihtyivät	VERB	viihtyä
viihtyvyyttä	NOUN	viihtyvyys
viihtyy	VERB	viihtyä
viikatevaunua	NOUN	viikate#vaunu
viikingit	PROPN	Viikinki
viikinkien	NOUN	viikinki
viikkiin	PROPN	Viikki
viikkoa	NOUN	viikko
viikkoja	NOUN	viikko
viikkoo	NOUN	viikko
viikoksi	NOUN	viikko
viikolla	NOUN	viikko
viikolle	NOUN	viikko
viikon	NOUN	viikko
viikonkaan	NOUN	viikko
viikonloppua	NOUN	viikon#loppu
viikonloppuaamuina	NOUN	viikon#loppu#aamu
viikonloppuna	NOUN	viikon#loppu
viikonloppunsa	NOUN	viikon#loppu
viikonloppuun	NOUN	viikon#loppu
viikonlopuksi	NOUN	viikon#loppu
viikonlopun	NOUN	viikon#loppu
viikonlopusta	NOUN	viikon#loppu
viikossa	NOUN	viikko
viikostasi	NOUN	viikko
viikset	NOUN	viiksi
viilenemään	VERB	viiletä
viileässä	ADJ	viileä
viileää	ADJ	viileä
viima-luokan	NOUN	Viima#luokka
viimeaikaiset	ADJ	viimeaikainen
viimeaikaisia	ADJ	viimeaikainen
viimeaikaisten	ADJ	viime#aikainen
viimeiseen	ADJ	viimeinen
viimeiseenkin	ADJ	viimeinen
viimeiseksi	ADJ	viimeinen
viimeisellä	ADJ	viimeinen
viimeiseltä	ADJ	viimeinen
viimeisen	ADJ	viimeinen
viimeisenä	ADJ	viimeinen
viimeisessä	ADJ	viimeinen
viimeisestä	ADJ	viimeinen
viimeiset	ADJ	viimeinen
viimeisetkin	ADJ	viimeinen
viimeisimmän	ADJ	viimeinen
viimeisimmästä	ADJ	viimeinen
viimeisimmät	ADJ	viimeinen
viimeisimpänä	ADJ	viimeinen
viimeisin	ADJ	viimeinen
viimeisistä	ADJ	viimeinen
viimeisiä	ADJ	viimeinen
viimeistele	VERB	viimeistellä
viimeistelleet	VERB	viimeistellä
viimeisten	ADJ	viimeinen
viimekesäiseen	ADJ	viime#kesäinen
viimekesäistä	ADJ	viime#kesäinen
viimeksimainittu	VERB	viimeksi#mainita
viimevuotisen	ADJ	viime#vuotinen
viimevuotista	ADJ	viime#vuotinen
viinan	NOUN	viina
viinasta	NOUN	viina
viinerin	NOUN	viineri
viiniharrastajat	NOUN	viini#harrastaja
viinirypäleitä	NOUN	viini#rypäle
viinit	NOUN	viini
viiniä	NOUN	viini
viinoja	NOUN	viina
viipaleina	NOUN	viipale
viipaleita	NOUN	viipale
viipaloi	VERB	viipaloida
viipurilaiselle	ADJ	viipurilainen
viipurin	PROPN	Viipuri
viipurissa	PROPN	Viipuri
viipymättä	VERB	viipyä
viipyvän	VERB	viipyä
viipyvästä	ADJ	viipyvä
viiruilla	NOUN	viiru
viiruja	NOUN	viiru
viirupallokalaa	NOUN	viiru#pallo#kala
viis	NUM	viisi
viisaaksi	ADJ	viisas
viisaammalta	ADJ	viisas
viisaan	ADJ	viisas
viisaana	ADJ	viisas
viisaimmat	ADJ	viisas
viisainta	ADJ	viisas
viisareita	NOUN	viisari
viisarit	NOUN	viisari
viisastuneina	VERB	viisastua
viisikymmentä	NUM	viisi#kymmenen
viisikymmentäyksi	NUM	viisi#kymmenen#yksi
viisikymppisenä	ADJ	viisikymppinen
viisisylinterisiä	ADJ	viisi#sylinterinen
viisivuotiskaudeksi	NOUN	viisi#vuotis#kausi
viisumia	NOUN	viisumi
viisumiasioiden	NOUN	viisumi#asia
viisumihakemuksista	NOUN	viisumi#hakemus
viisumimenettelyjä	NOUN	viisumi#menettely
viisumimenettelyn	NOUN	viisumi#menettely
viisumipolitiikkaa	NOUN	viisumi#politiikka
viisumipolitiikkaan	NOUN	viisumi#politiikka
viisumipolitiikkaansa	NOUN	viisumi#politiikka
viisumisopimusten	NOUN	viisumi#sopimus
viisumivaatimuksen	NOUN	viisumi#vaatimus
viisumivaatimuksesta	NOUN	viisumi#vaatimus
viisumivaatimuksilla	NOUN	viisumi#vaatimus
viitanneet	VERB	viitata
viitataan	VERB	viitata
viitaten	VERB	viitata
viitattava	VERB	viitata
viiteen	NUM	viisi
viitekehyksen	NOUN	viite#kehys
viitekehyksessä	NOUN	viite#kehys
viitekoroissa	NOUN	viite#korko
viitemaaksi	NOUN	viite#maa
viitenä	NUM	viisi
viitoittavat	VERB	viitoittaa
viitsi	VERB	viitsiä
viitsii	VERB	viitsiä
viitsinyt	VERB	viitsiä
viitsisi	VERB	viitsiä
viitsitä	VERB	viitsiä
viittaa	NOUN	viitta
viittaa	VERB	viitata
viittaama	VERB	viitata
viittaava	VERB	viitata
viittaavaksi	VERB	viitata
viittaavana	VERB	viitata
viittaavat	VERB	viitata
viittasi	VERB	viitata
viittaukset	NOUN	viittaus
viittausten	NOUN	viittaus
viitteitä	NOUN	viite
viittoi	VERB	viittoa
viittoihin	NOUN	viitta
viittoilevan	VERB	viittoilla
viittä	NUM	viisi
viittätoista	NUM	viisi#toista
viivat	NOUN	viiva
viivoille	NOUN	viiva
viivoina	NOUN	viiva
viivoja	NOUN	viiva
viivy	VERB	viipyä
viivyin	VERB	viipyä
viivytellen	VERB	viivytellä
viivyttele	VERB	viivytellä
viivyttelemättä	VERB	viivytellä
viivyttämällä	VERB	viivyttää
viivyttävän	VERB	viivyttää
viivytykset	NOUN	viivytys
viivästyessä	VERB	viivästyä
viivästyi	VERB	viivästyä
viivästyksestä	NOUN	viivästys
viivästykset	NOUN	viivästys
viivästymisen	NOUN	viivästyminen
viivästymisestä	NOUN	viivästyminen
viivästyneenä	VERB	viivästyä
viivästyneistä	VERB	viivästyä
viivästytti	VERB	viivästyttää
viivästyy	VERB	viivästyä
vikaa	NOUN	vika
vikkelämmin	ADV	vikkelästi
viksu-palkinto	NOUN	Viksu#palkinto
viksu-tiedekilpailu	NOUN	Viksu#tiede#kilpailu
viksu-tiedekilpailun	NOUN	Viksu#tiede#kilpailu
viktorian	PROPN	Viktoria
vilahtavat	VERB	vilahtaa
vilipitön	ADJ	vilpitön
vilisee	VERB	vilistä
vilisevät	VERB	vilistä
vilistävät	VERB	vilistää
vilja-alan	NOUN	vilja#ala
viljaa	NOUN	vilja
viljan	NOUN	vilja
viljelijäksi	NOUN	viljelijä
viljelivät	VERB	viljellä
viljelykäytäntöä	NOUN	viljely#käytäntö
viljoja	NOUN	vilja
viljojen	NOUN	vilja
vilkaisee	VERB	vilkaista
vilkaisemassa	VERB	vilkaista
vilkaisi	VERB	vilkaista
vilkaisin	VERB	vilkaista
vilkasta	ADJ	vilkas
vilkkaille	ADJ	vilkas
vilkkumatta	VERB	vilkkua
vilkkuvia	VERB	vilkkua
vilkuillen	VERB	vilkuilla
vilkuttelusta	NOUN	vilkuttelu
villapaitavuoren	NOUN	villa#paita#vuori
villapaitoja	NOUN	villa#paita
villasukat	NOUN	villa#sukka
villasukkia	NOUN	villa#sukka
villeä	PROPN	Ville
villiin	ADJ	villi
villiksi	ADJ	villi
villit	ADJ	villi
villä	PROPN	Vi
villähteellä	PROPN	Villähde
villähteen	PROPN	Villähde
vilpillisiä	ADJ	vilpillinen
vilskeen	PROPN	Vilske
viltille	NOUN	viltti
viltin	NOUN	viltti
viltistäni	NOUN	viltti
vilttejä	NOUN	viltti
vilukissat	NOUN	vilu#kissa
vilunkipeliä	NOUN	vilunki#peli
vimiin	PROPN	Vim
vimin	PROPN	Vim
vimissä	PROPN	Vim
vimistä	PROPN	Vim
vimiä	PROPN	Vim
vimmattua	ADJ	vimmattu
vinguttamaan	VERB	vinguttaa
vinhaa	ADJ	vinha
vinkin	NOUN	vinkki
vinkkasi	VERB	vinkata
vinkkiä	NOUN	vinkki
vinkunaan	NOUN	vinkuna
vinkuu	VERB	vinkua
vinohampaisen	ADJ	vino#hampainen
vinot	ADJ	vino
vintillä	NOUN	vintti
vipatusta	NOUN	vipatus
vipeistä	NOUN	vippi
vipstaakeja	NOUN	vipstaaki
viralliseksi	ADJ	virallinen
viralliselta	ADJ	virallinen
virallisempaa	ADJ	virallinen
virallisen	ADJ	virallinen
virallisena	ADJ	virallinen
virallisessa	ADJ	virallinen
virallisestikin	ADV	virallisesti
virallisia	ADJ	virallinen
virallisiin	ADJ	virallinen
virallista	ADJ	virallinen
virallisten	ADJ	virallinen
viran	NOUN	virka
viranomaisen	NOUN	viran#omainen
viranomaiset	NOUN	viran#omainen
viranomaisilta	NOUN	viran#omainen
viranomaisten	NOUN	viran#omainen
viranomaistoimet	NOUN	viran#omais#toimi
virastojen	NOUN	virasto
vireillepanoa	NOUN	vireillepano
vireillepanosta	NOUN	vireillepano
vireyttämiseksi	NOUN	vireyttäminen
virginietä	PROPN	Virginie
virhearviota	NOUN	virhe#arvio
virheellisen	ADJ	virheellinen
virheellisestä	ADJ	virheellinen
virheelliset	ADJ	virheellinen
virheellisiä	ADJ	virheellinen
virheen	NOUN	virhe
virheet	NOUN	virhe
virheitä	NOUN	virhe
viritetty	VERB	virittää
viritti	VERB	virittää
virka-aikana	NOUN	virka#aika
virka-aseensa	NOUN	virka#ase
virka-asunnossa	NOUN	virka#asunto
virkakautta	NOUN	virka#kausi
virkamatkoista	NOUN	virka#matka
virkamiehet	NOUN	virka#mies
virkamiehille	NOUN	virka#mies
virkamiehiä	NOUN	virka#mies
virkamiesjohdolle	NOUN	virka#mies#johto
virkansa	NOUN	virka
virkatehtävissä	NOUN	virka#tehtävä
virkavalansa	NOUN	virka#vala
virkavallalla	NOUN	virka#valta
virkaveljensä	NOUN	virka#veli
virkeänä	ADJ	virkeä
virkkalaan	PROPN	Virkkala
virkoavan	VERB	virota
virkoihin	NOUN	virka
virkosi	VERB	virota
virnistykseksi	NOUN	virnistys
viroa	PROPN	Viro
virolaiselle	ADJ	virolainen
virolaisia	NOUN	virolainen
virolaismiehet	NOUN	virolais#mies
virolaismiestä	NOUN	virolais#mies
virolaisten	NOUN	virolainen
viron	PROPN	Viro
vironmäen	PROPN	Vironmäki
vironvenäläisten	NOUN	viro#venäläinen
viroon	PROPN	Viro
virossa	PROPN	Viro
virran	PROPN	Virta
virrestä	NOUN	virsi
virstanpylvään	NOUN	virstan#pylväs
virtaa	NOUN	virta
virtaa	VERB	virrata
virtaamistaan	NOUN	virtaaminen
virtaava	VERB	virrata
virtaavaan	VERB	virrata
virtaavan	VERB	virrata
virtahevosen	NOUN	virta#hevonen
virtapiirin	NOUN	virta#piiri
virtasella	PROPN	Virtanen
virtasen	PROPN	Virtanen
virtasi	VERB	virrata
virtatiedot	NOUN	virta#tieto
virtatietoina	NOUN	virta#tieto
virtatietoja	NOUN	virta#tieto
virtatietojen	NOUN	virta#tieto
virtojen	PROPN	Virrat
virtuaalihankkeina	NOUN	virtuaali#hanke
virtuoosit	NOUN	virtuoosi
virumaan	VERB	virua
virusperäisen	ADJ	virus#peräinen
visaisempaa	ADJ	visainen
visioi	VERB	visioida
viskaamista	NOUN	viskaaminen
viskasi	VERB	viskata
viskomaan	VERB	viskoa
visuaaline	ADJ	visuaalinen
visualisoinnit	NOUN	visualisointi
visualisointeja	NOUN	visualisointi
visualisointia	NOUN	visualisointi
visualisointiin	NOUN	visualisointi
visvaista	ADJ	visvainen
vitosesta	NOUN	vitonen
vitsejä	NOUN	vitsi
vitsit	NOUN	vitsi
vitsiä	NOUN	vitsi
vituta	VERB	vituttaa
vitä	PROPN	Vi
viuhdotte	VERB	viuhtoa
viuhuvat	VERB	viuhua
viulua	NOUN	viulu
viululle	NOUN	viulu
vlaanderen	PROPN	Vlaander
vladimirin	PROPN	Vladimir
vltava-joen	NOUN	Vltava#joki
vohvelikankaaseen	NOUN	vohveli#kangas
voi	AUX	voida
voi	VERB	voida
voidaan	AUX	voida
voidaanhan	AUX	voida
voidakaan	AUX	voida
voidakseen	AUX	voida
voidaksemme	AUX	voida
voikaan	AUX	voida
voiko	AUX	voida
voileipiä	NOUN	voi#leipä
voileipäkakun	NOUN	voi#leipä#kakku
voileipänsä	NOUN	voi#leipä
voileipää	NOUN	voi#leipä
voima-lehden	NOUN	voima#lehti
voimaa	NOUN	voima
voimaan	NOUN	voima
voimaantuloa	NOUN	voimaan#tulo
voimaantulon	NOUN	voimaan#tulo
voimaantulosta	NOUN	voimaan#tulo
voimahenkensä	NOUN	voima#henki
voimakeinoin	NOUN	voima#keino
voimakkaammin	ADV	voimakkaasti
voimakkaampana	ADJ	voimakas
voimakkaampi	ADJ	voimakas
voimakkaan	ADJ	voimakas
voimakkaassa	ADJ	voimakas
voimakkaat	ADJ	voimakas
voimakkaimman	ADJ	voimakas
voimakkuudesta	NOUN	voimakkuus
voimalassa	PROPN	Voimala
voimalla	NOUN	voima
voiman	NOUN	voima
voimansa	NOUN	voima
voimantunteeseen	NOUN	voiman#tunne
voimasanoja	NOUN	voima#sana
voimassaoloa	NOUN	voimassaolo
voimassaolon	NOUN	voimassaolo
voimasuhteet	NOUN	voima#suhde
voimat	NOUN	voima
voimattomia	ADJ	voimaton
voimavaraistumista	NOUN	voimavaraistuminen
voimavaraistuvista	NOUN	voimavaraistuminen
voimavaransa	NOUN	voima#vara
voimavaroja	NOUN	voima#vara
voimavarojen	NOUN	voima#vara
voimia	NOUN	voima
voimin	NOUN	voima
voiminemme	NOUN	voima
voimistumisesta	NOUN	voimistuminen
voimme	AUX	voida
voimme	VERB	voida
voimmehan	AUX	voida
voimmeko	AUX	voida
voin	AUX	voida
voin	NOUN	voi
voin	VERB	voida
voinee	AUX	voida
voineet	AUX	voida
voinen	AUX	voida
voinu	AUX	voida
voinut	AUX	voida
vois	AUX	voida
voisi	AUX	voida
voisikaan	AUX	voida
voisikin	AUX	voida
voisiko	AUX	voida
voisimme	AUX	voida
voisin	AUX	voida
voisinpa	AUX	voida
voisitko	AUX	voida
voisitteko	AUX	voida
voisivat	AUX	voida
voisivatkin	AUX	voida
voissa	NOUN	voi
voit	AUX	voida
voita	VERB	voittaa
voitaisiin	AUX	voida
voitaisiinkin	AUX	voida
voitamme	VERB	voittaa
voitas	AUX	voida
voitava	AUX	voida
voitelin	VERB	voidella
voitelua	NOUN	voitelu
voitetaan	VERB	voittaa
voitettu	VERB	voittaa
voitiin	AUX	voida
voitko	AUX	voida
voitoista	NOUN	voitto
voiton	NOUN	voitto
voittaen	VERB	voittaa
voittajaan	NOUN	voittaja
voittajaksi	NOUN	voittaja
voittajalle	NOUN	voittaja
voittajat	NOUN	voittaja
voittamaan	VERB	voittaa
voittamalla	VERB	voittaa
voittamansa	VERB	voittaa
voittamassa	VERB	voittaa
voittamiseksi	NOUN	voittaminen
voittaneen	VERB	voittaa
voittaneet	VERB	voittaa
voittanut	VERB	voittaa
voittanutkaan	VERB	voittaa
voitte	AUX	voida
voitti	VERB	voittaa
voittivat	VERB	voittaa
voitto-ottelussa	NOUN	voitto#ottelu
voittoa	NOUN	voitto
voittoisaa	ADJ	voittoisa
voittoisan	ADJ	voittoisa
voittoja	NOUN	voitto
voittokulkuun	NOUN	voitto#kulku
voittomaalin	NOUN	voitto#maali
voittomarginaalilla	NOUN	voitto#marginaali
voittomarginaalin	NOUN	voitto#marginaali
voittoon	NOUN	voitto
voitu	AUX	voida
voivan	AUX	voida
voivani	AUX	voida
voivansa	AUX	voida
voivasi	AUX	voida
voivat	AUX	voida
voivottele	VERB	voivotella
vokaalit	NOUN	vokaali
volgaan	PROPN	Volga
volgan	PROPN	Volga
voltista	NOUN	voltti
volvo-merkkinen	ADJ	Volvo#merkkinen
volvoa	PROPN	Volvo
volvon	PROPN	Volvo
volyymia	NOUN	volyymi
vongh-invaasion	PROPN	Vongh#invaasio
vosun	NOUN	vosu
vr:llä	NOUN	VR
vrk	NOUN	vuoro#kausi
vtt:n	NOUN	VTT
vuatta	NOUN	vuosi
vuodeksi	NOUN	vuosi
vuodelle	NOUN	vuosi
vuodelta	NOUN	vuosi
vuoden	NOUN	vuosi
vuodenaikaan	NOUN	vuoden#aika
vuodenaikoja	NOUN	vuoden#aika
vuodenkiertoa	NOUN	vuosi#kierto
vuodentakaiseen	ADJ	vuosi#takainen
vuodentakaisesta	ADJ	vuosi#takainen
vuodeosaston	NOUN	vuode#osasto
vuodessa	NOUN	vuosi
vuodesta	NOUN	vuosi
vuodet	NOUN	vuosi
vuodettua	VERB	vuotaa
vuodevaatteet	NOUN	vuode#vaate
vuodon	NOUN	vuoto
vuokaan	NOUN	vuoka
vuokkiniemellä	PROPN	Vuokkiniemi
vuokkiniemen	PROPN	Vuokkiniemi
vuokra-asumiseen	NOUN	vuokra#asuminen
vuokra-asumisen	NOUN	vuokra#asuminen
vuokra-asunnolle	NOUN	vuokra#asunto
vuokra-asunnon	NOUN	vuokra#asunto
vuokra-asunnosta	NOUN	vuokra#asunto
vuokra-asuntoja	NOUN	vuokra#asunto
vuokraa	VERB	vuokrata
vuokraamassa	VERB	vuokrata
vuokraamista	NOUN	vuokraaminen
vuokralla	NOUN	vuokra
vuokralle	NOUN	vuokra
vuokranantajalla	NOUN	vuokran#antaja
vuokrat	NOUN	vuokra
vuokria	NOUN	vuokra
vuokselan	PROPN	Vuoksela
vuoksen	PROPN	Vuoksi
vuolan	PROPN	Vuola
vuonna	NOUN	vuosi
vuonnakin	NOUN	vuosi
vuorattu	VERB	vuorata
vuorenrinteillä	NOUN	vuoren#rinne
vuoria	NOUN	vuori
vuorilla	NOUN	vuori
vuoriolla	PROPN	Vuorio
vuoriolle	PROPN	Vuorio
vuorisalon	PROPN	Vuorisalo
vuoristoisia	ADJ	vuoristoinen
vuoristolinnoituksiinsa	NOUN	vuoristo#linnoitus
vuoriston	NOUN	vuoristo
vuoristoon	NOUN	vuoristo
vuoroa	NOUN	vuoro
vuoroista	NOUN	vuoro
vuorokauden	NOUN	vuoro#kausi
vuorokaudessa	NOUN	vuoro#kausi
vuorokaudestamme	NOUN	vuoro#kausi
vuorollaan	NOUN	vuoro
vuorollani	NOUN	vuoro
vuoron	NOUN	vuoro
vuoropuhelua	NOUN	vuoro#puhelu
vuoropuhelun	NOUN	vuoro#puhelu
vuoropuheluun	NOUN	vuoro#puhelu
vuorosanan	NOUN	vuoro#sana
vuorossa	NOUN	vuoro
vuorottelevat	VERB	vuorotella
vuorottelivat	VERB	vuorotella
vuorovaikutukseen	NOUN	vuoro#vaikutus
vuorovaikutuksen	NOUN	vuoro#vaikutus
vuorovaikutuksessa	NOUN	vuoro#vaikutus
vuorovaikutuksesta	NOUN	vuoro#vaikutus
vuorovaikutuksia	NOUN	vuoro#vaikutus
vuorovaikutusta	NOUN	vuoro#vaikutus
vuorovaikutusten	NOUN	vuoro#vaikutus
vuorten	NOUN	vuori
vuosia	NOUN	vuosi
vuosien	NOUN	vuosi
vuosienkin	NOUN	vuosi
vuosiin	NOUN	vuosi
vuosijaksolla	NOUN	vuosi#jakso
vuosijuhlan	NOUN	vuosi#juhla
vuosijuhlassaan	NOUN	vuosi#juhla
vuosikertomusten	NOUN	vuosi#kertomus
vuosikymmenen	NOUN	vuosi#kymmen
vuosikymmenessä	NOUN	vuosikymmen
vuosikymmenet	NOUN	vuosikymmen
vuosikymmeniä	NOUN	vuosikymmen
vuosikymmenten	NOUN	vuosi#kymmen
vuosikymmentä	NOUN	vuosi#kymmen
vuosimaksatuksista	NOUN	vuosi#maksatus
vuosimalleja	NOUN	vuosi#malli
vuosin	VERB	vuotaa
vuosina	NOUN	vuosi
vuosineljänneksellä	NOUN	vuosi#neljännes
vuosineljänneksen	NOUN	vuosi#neljännes
vuosineljänneksestä	NOUN	vuosi#neljännes
vuosinäyttelyyn	NOUN	vuosi#näyttely
vuosipuoliskolla	NOUN	vuosi#puolisko
vuosisadalla	NOUN	vuosi#sata
vuosisadan	NOUN	vuosi#sata
vuosisatoja	NOUN	vuosi#sata
vuosisatojen	NOUN	vuosi#sata
vuositasolla	NOUN	vuosi#taso
vuosittaisen	ADJ	vuosittainen
vuosittaisessa	ADJ	vuosittainen
vuosittaiset	ADJ	vuosittainen
vuosittaista	ADJ	vuosittainen
vuosituhannella	NOUN	vuosi#tuhat
vuosituhansien	NOUN	vuosi#tuhat
vuosituhanteen	NOUN	vuosi#tuhat
vuosityöajasta	NOUN	vuosi#työ#aika
vuosivauhtia	NOUN	vuosi#vauhti
vuotamaan	VERB	vuotaa
vuotanut	VERB	vuotaa
vuoteen	NOUN	vuosi
vuoteena	NOUN	vuosi
vuoteeseen	NOUN	vuode
vuoteessa	NOUN	vuode
vuotena	NOUN	vuosi
vuotenaan	NOUN	vuosi
vuotensa	NOUN	vuosi
vuotisen	ADJ	vuotinen
vuotta	NOUN	vuosi
vuotuiset	ADJ	vuotuinen
vuotuisiin	ADJ	vuotuinen
vyyhdin	NOUN	vyyhti
vyöhykkeellä	NOUN	vyöhyke
vyöhykkeen	NOUN	vyöhyke
vyöhykkeillä	NOUN	vyöhyke
vyöllään	NOUN	vyö
vyöryi	VERB	vyöryä
vyöryy	VERB	vyöryä
vyöryä	NOUN	vyöry
vyöt	NOUN	vyö
vyšehradiin	PROPN	Vyšehrad
väelle	NOUN	väki
väenpaljoudessa	NOUN	väen#paljous
väestä	NOUN	väki
väestön	NOUN	väestö
väestöstä	NOUN	väestö
väestöä	NOUN	väestö
väestöön	NOUN	väestö
vähemmistöille	NOUN	vähemmistö
vähemmistöja	NOUN	vähemmistö
vähemmistöjen	NOUN	vähemmistö
vähemmistökeskustelua	NOUN	vähemmistö#keskustelu
vähemmistöllä	NOUN	vähemmistö
vähemmistön	NOUN	vähemmistö
vähemmistöt	NOUN	vähemmistö
vähemmistöä	NOUN	vähemmistö
vähemmälle	ADJ	vähä
vähempiarvoinen	ADJ	vähä#arvoinen
vähempiosaisten	NOUN	vähempi#osainen
vähenee	VERB	vähetä
vähenemisestä	NOUN	väheneminen
vähenemistä	NOUN	väheneminen
väheni	VERB	vähetä
vähenivät	VERB	vähetä
vähennettiin	VERB	vähentää
vähennetty	VERB	vähentää
vähennetään	VERB	vähentää
vähennykseen	NOUN	vähennys
vähennystä	NOUN	vähennys
vähennä	VERB	vähentää
vähentyneen	VERB	vähentyä
vähentynyt	VERB	vähentyä
vähentäisi	VERB	vähentää
vähentämiseksi	NOUN	vähentäminen
vähentämistä	NOUN	vähentäminen
vähentämään	VERB	vähentää
vähimmäis-	NOUN	vähimmäis
vähimmäistasoa	NOUN	vähimmäis#taso
vähimmäistehtävät	NOUN	vähimmäis#tehtävä
vähimmäistietomääränä	NOUN	vähimmäis#tieto#määrä
vähimmäisvaatimukseksi	NOUN	vähimmäis#vaatimus
vähimmäisvaatimukset	NOUN	vähimmäis#vaatimus
vähimmäisvaatimusten	NOUN	vähimmäis#vaatimus
vähimmäisvarannoista	NOUN	vähimmäis#varanto
vähimmäisvarantoja	NOUN	vähimmäis#varanto
vähimmäisvarantojen	NOUN	vähimmäis#varanto
vähimmäisvarantojärjestelmän	NOUN	vähimmäis#varanto#järjestelmä
vähimmäisvarantovelvoitteen	NOUN	vähimmäis#varanto#velvoite
vähimmäisvarantovelvoitteista	NOUN	vähimmäis#varanto#velvoite
vähin	ADJ	vähä
vähintäänkin	ADV	vähintään
vähittäiskaupasta	NOUN	vähittäis#kauppa
vähittäiskauppiaitten	NOUN	vähittäis#kauppias
vähiä	ADJ	vähä
vähä	ADV	vähän
vähäarvoisempaa	ADJ	vähä#arvoinen
vähäiseenkään	ADJ	vähäinen
vähäisen	ADJ	vähäinen
vähäisenä	ADJ	vähäinen
vähäisintä	ADJ	vähäinen
vähäisiä	ADJ	vähäinen
vähäistä	ADJ	vähäinen
vähäjärkisempi	ADJ	vähä#järkinen
vähälle	ADJ	vähä
vähäm	ADV	vähän
vähän-aasian	PROPN	Vähä-Aasia
vähänkään	ADV	vähän
vähäosaiset	NOUN	vähä#osainen
vähässä	ADJ	vähä
vähäsuolaista	ADJ	vähä#suolainen
vähävaraisten	ADJ	vähä#varainen
vähää-aasiaa	PROPN	Vähä-Aasia
vähään	ADJ	vähä
väijyy	VERB	väijyä
väistyi	VERB	väistyä
väistäen	VERB	väistää
väistämään	VERB	väistää
väitelleelle	VERB	väitellä
väitelleitä	VERB	väitellä
väitetyiksi	VERB	väittää
väitetyn	ADJ	väitetty
väitetyn	VERB	väittää
väitetään	VERB	väittää
väitteensä	NOUN	väite
väitteet	NOUN	väite
väitteiden	NOUN	väite
väitteitä	NOUN	väite
väitteli	VERB	väitellä
väittelivät	VERB	väitellä
väittelyn	NOUN	väittely
väittelyssä	NOUN	väittely
väitti	VERB	väittää
väittävät	VERB	väittää
väitä	VERB	väittää
väitän	VERB	väittää
väitöskirjaansa	NOUN	väitös#kirja
väitöskirjansa	NOUN	väitös#kirja
väitöskirjapalkinnon	NOUN	väitös#kirja#palkinto
väitöskirjasta	NOUN	väitös#kirja
väitöskirjatiedotteen	NOUN	väitös#kirja#tiedote
väitöskirjatyönsä	NOUN	väitös#kirja#työ
väitöstutkimuksensa	NOUN	väitös#tutkimus
väkevistä	ADJ	väkevä
väkevässä	ADJ	väkevä
väkeä	NOUN	väki
väkijoukossa	NOUN	väki#joukko
väkiluvun	NOUN	väki#luku
väkivallan	NOUN	väki#valta
väkivaltaa	NOUN	väki#valta
väkivaltaiseksi	ADJ	väki#valtainen
väkivaltaisia	ADJ	väki#valtainen
väkivaltaista	ADJ	väki#valtainen
väkivaltaisten	ADJ	väki#valtainen
välein	NOUN	väli
välejä	NOUN	väli
väliaikaisella	ADJ	väli#aikainen
väliaikaisen	ADJ	väli#aikainen
väliaikaiset	ADJ	väli#aikainen
väliaikaisia	ADJ	väli#aikainen
väliaikaisten	ADJ	väli#aikainen
välien	NOUN	väli
välieristä	NOUN	väli#erä
välieräpelissä	NOUN	väli#erä#peli
väliintulomahdollisuudet	NOUN	väliintulo#mahdollisuus
väliittänyt	VERB	välittää
välikappaleiksi	NOUN	väli#kappale
välikohtauksen	NOUN	väli#kohtaus
välilaatua	NOUN	väli#laatu
väliluvun	NOUN	väli#luku
välimalleja	NOUN	väli#malli
välimatkalla	NOUN	väli#matka
välimerelle	PROPN	Välimeri
välimeren	PROPN	Välimeri
välineen	NOUN	väline
välineenä	NOUN	väline
välineet	NOUN	väline
välineitä	NOUN	väline
välinevarastoon	NOUN	väline#varasto
välinpitämättömyyden	NOUN	välinpitämättömyys
välinpitämättömämmin	ADV	välin#pitämättömästi
välipalaksi	NOUN	väli#pala
välipitämättömyys	NOUN	välinpitämättömyys
välipäivien	NOUN	väli#päivä
välipäiviä	NOUN	väli#päivä
väliseen	ADJ	välinen
väliseksi	ADJ	välinen
välisellä	ADJ	välinen
välisen	ADJ	välinen
välisenä	ADJ	välinen
välisessä	ADJ	välinen
välisestä	ADJ	välinen
väliset	ADJ	välinen
välisinä	ADJ	välinen
välisissä	ADJ	välinen
välisistä	ADJ	välinen
välisiä	ADJ	välinen
välissä	NOUN	väli
välisten	ADJ	välinen
välistä	ADJ	välinen
välitavoitteet	NOUN	väli#tavoite
välitavoitteiden	NOUN	väli#tavoite
välitavoitteista	NOUN	väli#tavoite
välitentistä	NOUN	väli#tentti
välitettiin	VERB	välittää
välittyy	VERB	välittyä
välittäjäelimenä	NOUN	välittäjä#elin
välittäjän	NOUN	välittäjä
välittäjänä	NOUN	välittäjä
välittämisen	NOUN	välittäminen
välittämällä	VERB	välittää
välittämättä	VERB	välittää
välittämään	VERB	välittää
välittäneen	VERB	välittää
välittäneet	VERB	välittää
välittänyt	VERB	välittää
välittänytkään	VERB	välittää
välittävien	ADJ	välittävä
välittävän	VERB	välittää
välittömistä	ADJ	välitön
välittömiä	ADJ	välitön
välittömässä	ADJ	välitön
välittömät	ADJ	välitön
välittömään	ADJ	välitön
välitunneilla	NOUN	väli#tunti
välitunnilla	NOUN	väli#tunti
välituntia	NOUN	väli#tunti
välituntivalvojan	NOUN	väli#tunti#valvoja
välityksellä	NOUN	välitys
välitä	VERB	välittää
välitöntä	ADJ	välitön
välivaiheen	NOUN	väli#vaihe
väliä	NOUN	väli
väljempi	ADJ	väljä
väljissä	ADJ	väljä
väljyyden	NOUN	väljyys
välkkymisen	NOUN	välkkyminen
välskärinä	NOUN	välskäri
vältettävä	VERB	välttää
välttelinkin	VERB	vältellä
vältti	VERB	välttää
välttyisi	VERB	välttyä
välttäen	VERB	välttää
välttämiseksi	NOUN	välttäminen
välttämättömiä	ADJ	välttämätön
välttämättömyytenä	NOUN	välttämättömyys
välttämättömät	ADJ	välttämätön
välttämätöntä	ADJ	välttämätön
välttämään	VERB	välttää
välttänyt	VERB	välttää
välttäviä	ADJ	välttävä
välttääkseni	VERB	välttää
vältyin	VERB	välttyä
vältyttiin	VERB	välttyä
vältyttäisiin	VERB	välttyä
vältytään	VERB	välttyä
vältämättä	ADV	välttämättä
välähtivät	VERB	välähtää
väläytän	VERB	väläyttää
vänkäämiseni	NOUN	vänkääminen
väreilee	VERB	väreillä
väreilevää	VERB	väreillä
väreillä	NOUN	väri
värejä	NOUN	väri
värikkäitä	ADJ	värikäs
värille	NOUN	väri
värillisyyttä	NOUN	värillisyys
värillä	NOUN	väri
väriltään	NOUN	väri
värinä	NOUN	väri
värisemään	VERB	väristä
väriset	ADJ	värinen
väristä	ADJ	värinen
väristä	NOUN	väri
värit	NOUN	väri
väritti	VERB	värittää
värittivät	VERB	värittää
värittömänä	ADJ	väritön
värityksenä	NOUN	väritys
väriä	NOUN	väri
väriäkin	NOUN	väri
värjäytyvät	VERB	värjäytyä
värjäytyy	VERB	värjäytyä
värvätty	VERB	värvätä
värväystä	NOUN	värväys
väsyimme	VERB	väsyä
väsyneen	ADJ	väsynyt
väsyneenä	ADJ	väsynyt
väsytä	VERB	väsyttää
väyrysen	PROPN	Väyrynen
vääntelehtinyt	VERB	vääntelehtiä
vääntelyn	NOUN	vääntely
vääntynyt	VERB	vääntyä
vääntyy	VERB	vääntyä
vääntä	VERB	vääntää
vääntäydyin	VERB	vääntäytyä
vääpeliksi	NOUN	vääpeli
väärennetyillä	VERB	väärentää
väärennetyt	VERB	väärentää
väärennösten	NOUN	väärennös
väärentämisen	NOUN	väärentäminen
väärentämistä	NOUN	väärentäminen
väärentämälllä	VERB	väärentää
väärentänyt	VERB	väärentää
väärien	ADJ	väärä
vääriin	ADJ	väärä
väärille	ADJ	väärä
väärillä	ADJ	väärä
väärinkäsityksiä	NOUN	väärin#käsitys
väärinkäsitystä	NOUN	väärin#käsitys
väärinkäyttöä	NOUN	väärin#käyttö
väärinkäytöksistä	NOUN	väärin#käytös
väärinkäytöksiä	NOUN	väärin#käytös
väärinkäytöstä	NOUN	väärin#käytös
vääristävät	VERB	vääristää
vääristävää	VERB	vääristää
vääryydellä	NOUN	vääryys
väärällä	ADJ	väärä
väärän	ADJ	väärä
vääräs	ADJ	väärä
väärässä	ADJ	väärä
väärästä	ADJ	väärä
väärät	ADJ	väärä
väärää	ADJ	väärä
väätsän	PROPN	Väätsä
völitunnilla	NOUN	väli#tunti
vöyri-maksamaan	PROPN	Vöyri-Maksamaa
w-kirjaimella	NOUN	w#kirjain
waden	PROPN	Wade
wahlbeckin	PROPN	Wahlbeck
wahlbeckista	PROPN	Wahlbeck
wahlbergin	PROPN	Wahlberg
wairaun	PROPN	Wairau
waitangin	PROPN	Waitang
walesia	PROPN	Wales
walesin	PROPN	Wales
walesissa	PROPN	Wales
walfordin	PROPN	Walford
washingtonista	PROPN	Washington
watsonin	PROPN	Watson
wc-asioinnista	NOUN	wc#asiointi
wc-pöntön	NOUN	WC#pönttö
web-käyttöliittymä	NOUN	web#käyttö#liittymä
weekdayssa	PROPN	Weekday
wehrmachtin	PROPN	Wehrmacht
wei-dynastian	NOUN	Wei#dynastia
wei-kuningaskunta	NOUN	Wei#kuningas#kunta
wein	PROPN	Wei
weissin	PROPN	Weiss
wellingtonissa	PROPN	Wellington
wellpointin	PROPN	WellPoint
welterwerk-albuminsa	NOUN	Welterwerk#albumi
wendersin	PROPN	Wenders
wetherbyn	PROPN	Wetherby
whiteheadin	PROPN	Whitehead
wieniin	PROPN	Wien
wienin	PROPN	Wien
wienin-vuosinaan	NOUN	Wienin#vuosi
wienissä	PROPN	Wien
wikimedia-säätiön	NOUN	Wikimedia#säätiö
wikimedian	PROPN	Wikimedia
wikipediassa	PROPN	Wikipedia
wikiuutisten	PROPN	Wiki#uutinen
will.i.amin	PROPN	will.i.am
wilsonin	PROPN	Wilson
windows-kiekko	NOUN	Windows#kiekko
windows-puhelimensa	NOUN	Windows#puhelin
windows-puhelimille	NOUN	Windows#puhelin
windowsia	PROPN	Windows
windowsin	PROPN	Windows
windowsissa	PROPN	Windows
wingdom-yhtyeestä	NOUN	Wingdom#yhtye
wittenbergistä	PROPN	Wittenberg
woltersille	PROPN	Wolters
woltersin	PROPN	Wolters
woodsin	PROPN	Woods
woodyattin	PROPN	Woodyatt
wordia	PROPN	Word
wordpressin	PROPN	wordpress
workshoppeja	NOUN	workshop
worldin	PROPN	World
wou-elämys	NOUN	wou#elämys
wsop-voittaja	NOUN	WSOP#voittaja
wsop:n	PROPN	WSOP
wsoy:n	PROPN	WSOY
wto:	NOUN	WTO
wto:iin	NOUN	WTO
wto:n	NOUN	WTO
wu-kuningaskunta	NOUN	Wu#kuningas#kunta
wu-valtion	NOUN	Wu#valtio
www-sivuston	NOUN	www#sivusto
x-ryhmä	NOUN	X#ryhmä
x-ryhmä-ohjelman	NOUN	X#Ryhmä#ohjelma
x:n	NOUN	X
x:n	PROPN	X
xbox-pelikonsolin	NOUN	Xbox#peli#konsoli
y	NOUN	yhtiö
yahoolle	PROPN	Yahoo
yahoon	PROPN	Yahoo
yahoota	PROPN	Yahoo
yandex-hakukonetta	NOUN	Yandex#haku#kone
yandexin	PROPN	Yandex
yavin	PROPN	Yav
yavinin	PROPN	Yavin
ydinaseiden	NOUN	ydin#ase
ydinenergiaan	NOUN	ydin#energia
ydinfissiopolitiikan	NOUN	ydin#fissio#politiikka
ydinfuusioon	NOUN	ydin#fuusio
ydinjätteiden	NOUN	ydin#jäte
ydinohjelmaan	NOUN	ydin#ohjelma
ydinohjelman	NOUN	ydin#ohjelma
ydinohjelmansa	NOUN	ydin#ohjelma
ydinohjelmasta	NOUN	ydin#ohjelma
ydinosaamisohjelmaan	NOUN	ydin#osaamis#ohjelma
ydinräjähdystä	NOUN	ydin#räjähdys
ydinsotaa	NOUN	ydin#sota
ydinturvallisuuden	NOUN	ydin#turvallisuus
ydintä	NOUN	ydin
ydinvoima-	NOUN	ydin#voima
ydinvoimaa	NOUN	ydin#voima
ydinvoimala-alueella	NOUN	ydin#voimala#alue
ydinvoimalan	NOUN	ydin#voimala
ydinvoimaloille	NOUN	ydin#voimala
ydinvoiman	NOUN	ydin#voima
ydinvoimapolitiikan	NOUN	ydin#voima#politiikka
yhdeksi	NUM	yksi
yhdeksi	PRON	yksi
yhdeksäksi	NUM	yhdeksän
yhdeksälle	NUM	yhdeksän
yhdeksältä	NUM	yhdeksän
yhdeksännelle	ADJ	yhdeksäs
yhdeksännet	ADJ	yhdeksäs
yhdeksäsluokkalaista	NOUN	yhdeksäs#luokkalainen
yhdeksää	NUM	yhdeksän
yhdeksään	NUM	yhdeksän
yhdelle	NUM	yksi
yhdellä	NUM	yksi
yhdellä	PRON	yksi
yhdeltäkään	NUM	yksi
yhden	NUM	yksi
yhden	PRON	yksi
yhdenkään	PRON	yksikään
yhdenmukaistamiseen	NOUN	yhdenmukaistaminen
yhdenmukaisten	ADJ	yhdenmukainen
yhdenmukaistettuihin	VERB	yhdenmukaistaa
yhdenmukaistettuja	VERB	yhdenmukaistaa
yhdenmukaistettujen	VERB	yhdenmukaistaa
yhdenmukaistetuilla	VERB	yhdenmukaistaa
yhdennetyissä	VERB	yhdentää
yhdensuuntaisten	ADJ	yhden#suuntainen
yhdenvertaiseen	ADJ	yhdenvertainen
yhdenvertaiset	ADJ	yhdenvertainen
yhdenvertaisten	ADJ	yhdenvertainen
yhdenvertaisuuden	NOUN	yhden#vertaisuus
yhdessä	NUM	yksi
yhdessäkään	NUM	yksi
yhdestä	NUM	yksi
yhdisteitä	NOUN	yhdiste
yhdistelmäajoneuvoa	NOUN	yhdistelmä#ajo#neuvo
yhdistelmäajoneuvolla	NOUN	yhdistelmä#ajo#neuvo
yhdistelmällä	NOUN	yhdistelmä
yhdistelmän	NOUN	yhdistelmä
yhdistelmästä	NOUN	yhdistelmä
yhdistelmät	NOUN	yhdistelmä
yhdistelmää	NOUN	yhdistelmä
yhdistettiin	VERB	yhdistää
yhdistetty	VERB	yhdistää
yhdistettynä	VERB	yhdistää
yhdistettyään	VERB	yhdistää
yhdisti	VERB	yhdistää
yhdisty	VERB	yhdistyä
yhdistyi	VERB	yhdistyä
yhdistyivät	VERB	yhdistyä
yhdistyksen	NOUN	yhdistys
yhdistyksiltä	NOUN	yhdistys
yhdistyksistä	NOUN	yhdistys
yhdistymisprosessin	NOUN	yhdistyä#prosessi
yhdistymään	VERB	yhdistyä
yhdistyneen	ADJ	yhdistynyt
yhdistyneessä	ADJ	yhdistynyt
yhdistyneiden	ADJ	yhdistynyt
yhdistyneisiin	ADJ	yhdistynyt
yhdistynyt	VERB	yhdistyä
yhdistystä	NOUN	yhdistys
yhdistyvät	VERB	yhdistyä
yhdistä	VERB	yhdistää
yhdistämisestä	NOUN	yhdistäminen
yhdistämisrahan	NOUN	yhdistää#raha
yhdistämistä	NOUN	yhdistäminen
yhdistämällä	VERB	yhdistää
yhdistämään	VERB	yhdistää
yhdistävän	VERB	yhdistää
yhdistävää	VERB	yhdistää
yhdyn	VERB	yhtyä
yhdyskuntapalvelua	NOUN	yhdyskunta#palvelu
yhdyskuntapalvelun	NOUN	yhdyskunta#palvelu
yhdyssiteenä	NOUN	yhdys#side
yhdysvalloilla	PROPN	Yhdysvallat
yhdysvalloissa	PROPN	Yhdysvallat
yhdysvalloista	PROPN	Yhdysvallat
yhdysvaltain	PROPN	Yhdysvallat
yhdysvaltalaisella	ADJ	yhdysvaltalainen
yhdysvaltalaisen	ADJ	yhdysvaltalainen
yhdysvaltalaiset	NOUN	yhdys#valtalainen
yhdysvaltalaisia	ADJ	yhdysvaltalainen
yhdysvaltalaisissa	ADJ	yhdysvaltalainen
yhdysvaltalaisjoukot	NOUN	yhdysvaltalais#joukko
yhdysvaltalaislääkärit	NOUN	yhdysvaltalais#lääkäri
yhdysvaltalaisrahalla	NOUN	yhdysvaltalais#raha
yhdysvaltalaisyrityksen	NOUN	yhdysvaltalais#yritys
yhdysvaltoihin	PROPN	Yhdysvallat
yhdysvaltoja	PROPN	Yhdysvallat
yhdysvaltojen	PROPN	Yhdysvallat
yht.	ADV	yhteensä
yhteen	NUM	yksi
yhteenkiedottuihin	VERB	yhteen#kietoa
yhteenkuuluvuuden	NOUN	yhteen#kuuluvuus
yhteenlaskettu	VERB	yhteen#laskea
yhteenlasketusta	VERB	yhteen#laskea
yhteenlasketut	VERB	yhteen#laskea
yhteenliittymän	NOUN	yhteen#liittymä
yhteenottoja	NOUN	yhteen#otto
yhteenvedon	NOUN	yhteen#veto
yhteenvetoa	NOUN	yhteen#veto
yhteisartikkelia	NOUN	yhteis#artikkeli
yhteiseen	ADJ	yhteinen
yhteiseksi	ADJ	yhteinen
yhteisellä	ADJ	yhteinen
yhteisen	ADJ	yhteinen
yhteisessä	ADJ	yhteinen
yhteisestä	ADJ	yhteinen
yhteiset	ADJ	yhteinen
yhteiseurooppalaisesta	ADJ	yhteis#eurooppalainen
yhteishakijamääräänkin	NOUN	yhteis#hakija#määrä
yhteisiin	ADJ	yhteinen
yhteisillä	ADJ	yhteinen
yhteisistunnossaan	NOUN	yhteis#istunto
yhteisiä	ADJ	yhteinen
yhteiskoulun	NOUN	yhteis#koulu
yhteiskunnalle	NOUN	yhteis#kunta
yhteiskunnalliseen	ADJ	yhteis#kunnallinen
yhteiskunnallisen	ADJ	yhteis#kunnallinen
yhteiskunnallisesta	ADJ	yhteis#kunnallinen
yhteiskunnallista	ADJ	yhteis#kunnallinen
yhteiskunnan	NOUN	yhteis#kunta
yhteiskunnassa	NOUN	yhteis#kunta
yhteiskunnasta	NOUN	yhteis#kunta
yhteiskunnissa	NOUN	yhteis#kunta
yhteiskunta-alan	NOUN	yhteis#kunta#ala
yhteiskuntaa	NOUN	yhteis#kunta
yhteiskuntaluokista	NOUN	yhteis#kunta#luokka
yhteiskuntapoliittisia	ADJ	yhteis#kunta#poliittinen
yhteiskuntaryhmien	NOUN	yhteis#kunta#ryhmä
yhteiskuntatieteelliseen	ADJ	yhteis#kunta#tieteellinen
yhteiskuntatieteelliseen	NOUN	yhteis#kunta#tieteellinen
yhteiskuntatieteellisen	ADJ	yhteis#kunta#tieteellinen
yhteiskuntatieteiden	NOUN	yhteis#kunta#tiede
yhteiskuntiin	NOUN	yhteis#kunta
yhteiskäsitteen	NOUN	yhteis#käsite
yhteismaalein	NOUN	yhteis#maali
yhteismakua	NOUN	yhteis#maku
yhteismarkkinoiden	NOUN	yhteis#markkinat
yhteismassaa	NOUN	yhteis#massa
yhteispelin	NOUN	yhteis#peli
yhteispinta-ala	NOUN	yhteis#pinta#ala
yhteissijoitusyrityksistä	NOUN	yhteis#sijoitus#yritys
yhteisten	ADJ	yhteinen
yhteistyöaloitteita	NOUN	yhteis#työ#aloite
yhteistyöhön	NOUN	yhteis#työ
yhteistyökumppaneita	NOUN	yhteis#työ#kumppani
yhteistyölle	NOUN	yhteis#työ
yhteistyömahdollisuuksia	NOUN	yhteis#työ#mahdollisuus
yhteistyön	NOUN	yhteis#työ
yhteistyönä	NOUN	yhteis#työ
yhteistyöpöytäkirjaksi	NOUN	yhteis#työ#pöytä#kirja
yhteistyösopimuksen	NOUN	yhteis#työ#sopimus
yhteistyössä	NOUN	yhteis#työ
yhteistyöstä	NOUN	yhteis#työ
yhteistyötoimien	NOUN	yhteis#työ#toimi
yhteistyötä	NOUN	yhteis#työ
yhteistyövaliokunnassa	NOUN	yhteis#työ#valio#kunta
yhteistyövaliokunnissa	NOUN	yhteis#työ#valio#kunta
yhteistä	ADJ	yhteinen
yhteisvastuullisen	ADJ	yhteis#vastuullinen
yhteisymmärrykseen	NOUN	yhteis#ymmärrys
yhteisöille	NOUN	yhteisö
yhteisöillä	NOUN	yhteisö
yhteisöistä	NOUN	yhteisö
yhteisöistäkin	NOUN	yhteisö
yhteisöjen	NOUN	yhteisö
yhteisölainsäädäntöön	NOUN	yhteisö#lain#säädäntö
yhteisölle	NOUN	yhteisö
yhteisölliset	ADJ	yhteisöllinen
yhteisöllisyyden	NOUN	yhteisöllisyys
yhteisöllisyyttä	NOUN	yhteisöllisyys
yhteisön	NOUN	yhteisö
yhteisössä	NOUN	yhteisö
yhteisöstä	NOUN	yhteisö
yhteisöt	NOUN	yhteisö
yhteisötasolla	NOUN	yhteisö#taso
yhteisöä	NOUN	yhteisö
yhteisöön	NOUN	yhteisö
yhteneväisiä	ADJ	yhteneväinen
yhtenä	NUM	yksi
yhtenä	PRON	yksi
yhtenäisillä	ADJ	yhtenäinen
yhtenäisten	ADJ	yhtenäinen
yhtenäistämisestä	NOUN	yhtenäistäminen
yhtenäisyyttä	NOUN	yhtenäisyys
yhtenäkin	NUM	yksi
yhteyden	NOUN	yhteys
yhteydenotot	NOUN	yhteyden#otto
yhteydenottoja	NOUN	yhteyden#otto
yhteydenottojen	NOUN	yhteyden#otto
yhteydenpitoon	NOUN	yhteyden#pito
yhteydessä	NOUN	yhteys
yhteydet	NOUN	yhteys
yhteyksien	NOUN	yhteys
yhteyksissä	NOUN	yhteys
yhteyksiä	NOUN	yhteys
yhteyspisteelle	NOUN	yhteys#piste
yhteyspisteen	NOUN	yhteys#piste
yhteyspisteet	NOUN	yhteys#piste
yhteyspisteiden	NOUN	yhteys#piste
yhteyspisteitä	NOUN	yhteys#piste
yhteyspisteitään	NOUN	yhteys#piste
yhteystietojen	NOUN	yhteys#tiedot
yhteyteen	NOUN	yhteys
yhteyttä	NOUN	yhteys
yhtiöiden	NOUN	yhtiö
yhtiöille	NOUN	yhtiö
yhtiöistä	NOUN	yhtiö
yhtiöitä	NOUN	yhtiö
yhtiöjärjestyksen	NOUN	yhtiö#järjestys
yhtiökokouksessa	NOUN	yhtiö#kokous
yhtiöllä	NOUN	yhtiö
yhtiöltä	NOUN	yhtiö
yhtiön	NOUN	yhtiö
yhtiöstä	NOUN	yhtiö
yhtiöt	NOUN	yhtiö
yhtiötä	NOUN	yhtiö
yhtiöön	NOUN	yhtiö
yhttään	ADV	yhtään
yhtyeen	NOUN	yhtye
yhtyeeseen	NOUN	yhtye
yhtyeessä	NOUN	yhtye
yhtyetoverinsa	NOUN	yhtye#toveri
yhtymäpaikassa	NOUN	yhtymä#paikka
yhtä	NUM	yksi
yhtä	PRON	yksi
yhtäkkii	ADV	yhtäkkiä
yhtäkkisen	ADJ	yhtäkkinen
yhtäkään	NUM	yksi
yhtäläisiin	ADJ	yhtäläinen
yhtäläisiä	ADJ	yhtäläinen
yhtäläisten	ADJ	yhtäläinen
yhtäläistyttämisestä	NOUN	yhtäläistyttäminen
yhtälöä	NOUN	yhtälö
yhtää	ADV	yhtään
yk-lähteet	NOUN	YK#lähde
yk-rauhanturvaajia-	NOUN	YK#rauhan#turvaaja
yk:n	PROPN	YK
ykkös-	NOUN	ykkönen
ykköseen	NOUN	ykkönen
ykköseksi	NOUN	ykkönen
ykkösen	NOUN	ykkönen
ykkösessä	NOUN	ykkönen
ykkösestä	NOUN	ykkönen
ykkösestä	PROPN	Ykkönen
ykkösjoukkueeseen	NOUN	ykkös#joukkue
ykkösolutta	NOUN	ykkös#olut
ykköspalkinnon	NOUN	ykkös#palkinto
ykkössijaa	NOUN	ykkös#sija
ykkössijalle	NOUN	ykkös#sija
ykkössijalta	NOUN	ykkös#sija
ykköstä	NOUN	ykkönen
yks	NUM	yksi
yksikin	NUM	yksi
yksikköjä	NOUN	yksikkö
yksikkökustannukset	NOUN	yksikkö#kustannus
yksikkökustannuksia	NOUN	yksikkö#kustannus
yksikkökustannusta	NOUN	yksikkö#kustannus
yksikkötason	NOUN	yksikkö#taso
yksikköä	NOUN	yksikkö
yksikköön	NOUN	yksikkö
yksikseni	ADV	yksikseen
yksiköltä	NOUN	yksikkö
yksikön	NOUN	yksikkö
yksikönpäällikkö	NOUN	yksikkö#päällikkö
yksikössä	NOUN	yksikkö
yksiköt	NOUN	yksikkö
yksillaulajaa	NOUN	yksin#laulaja
yksilöiden	NOUN	yksilö
yksilöidyn	VERB	yksilöidä
yksilöidään	VERB	yksilöidä
yksilöihin	NOUN	yksilö
yksilöity	VERB	yksilöidä
yksilöitä	NOUN	yksilö
yksilöksi	NOUN	yksilö
yksilön	NOUN	yksilö
yksilöstä	NOUN	yksilö
yksilöt	NOUN	yksilö
yksilöä	NOUN	yksilö
yksimielisyyteen	NOUN	yksimielisyys
yksinhuoltajan	NOUN	yksin#huoltaja
yksinkertaisella	ADJ	yksinkertainen
yksinkertaiselta	ADJ	yksin#kertainen
yksinkertaisemmin	ADV	yksinkertaisesti
yksinkertaisesta	ADJ	yksinkertainen
yksinkertaiset	ADJ	yksinkertainen
yksinkertaisimmalla	ADJ	yksinkertainen
yksinkertaisimmillaan	ADJ	yksinkertainen
yksinkertaista	ADJ	yksinkertainen
yksinkertaistaisi	VERB	yksinkertaistaa
yksinkertaistamalla	VERB	yksinkertaistaa
yksinkertaistamiseksi	NOUN	yksinkertaistaminen
yksinkertaisten	ADJ	yksinkertainen
yksinkertaisteta	VERB	yksinkertaistaa
yksinkertaistetaan	VERB	yksinkertaistaa
yksinkertaistettu	VERB	yksinkertaistaa
yksinkertaistettua	VERB	yksinkertaistaa
yksinkertaistettuja	VERB	yksinkertaistaa
yksinkertaistettuun	ADJ	yksin#kertaistettu
yksinkertaistetun	VERB	yksinkertaistaa
yksinkertaistetusta	VERB	yksinkertaistaa
yksinkertaisti	VERB	yksinkertaistaa
yksinkertaisuudessaan	NOUN	yksinkertaisuus
yksinmyynnistä	NOUN	yksinmyynti
yksinmyynti-	NOUN	yksinmyynti
yksinmyyntisopimusten	NOUN	yksin#myynti#sopimus
yksinosto-	NOUN	yksin#osto
yksinostosopimusten	NOUN	yksin#osto#sopimus
yksinostosta	NOUN	yksinosto
yksinumeroisilla	ADJ	yksi#numeroinen
yksinäiseksi	ADJ	yksinäinen
yksinäistä	ADJ	yksinäinen
yksinäisyyden	NOUN	yksinäisyys
yksinäisyydestä	NOUN	yksinäisyys
yksinäisyyttä	NOUN	yksinäisyys
yksinäni	ADV	yksinään
yksipuoliset	ADJ	yksipuolinen
yksipuolista	ADJ	yksipuolinen
yksipuoluemaassa	NOUN	yksi#puolue#maa
yksipäiväisenä	ADJ	yksipäiväinen
yksittäisen	ADJ	yksittäinen
yksittäisessä	ADJ	yksittäinen
yksittäisestä	ADJ	yksittäinen
yksittäiset	ADJ	yksittäinen
yksittäisille	ADJ	yksittäinen
yksittäisiä	ADJ	yksittäinen
yksittäisten	ADJ	yksittäinen
yksittäistä	ADJ	yksittäinen
yksityisasunnossa	NOUN	yksityis#asunto
yksityisautoja	NOUN	yksityis#auto
yksityiseen	ADJ	yksityinen
yksityisellä	ADJ	yksityinen
yksityisen	ADJ	yksityinen
yksityiset	ADJ	yksityinen
yksityishenkilöiden	NOUN	yksityis#henkilö
yksityishenkilöltä	NOUN	yksityis#henkilö
yksityishenkilönä	NOUN	yksityis#henkilö
yksityisille	ADJ	yksityinen
yksityisiltä	ADJ	yksityinen
yksityisiä	ADJ	yksityinen
yksityiskohdat	NOUN	yksityis#kohta
yksityiskohdilla	NOUN	yksityis#kohta
yksityiskohtaiset	ADJ	yksityis#kohtainen
yksityiskohtaisista	ADJ	yksityis#kohtainen
yksityiskohtia	NOUN	yksityis#kohta
yksityiskohtien	NOUN	yksityis#kohta
yksityiskohtiin	NOUN	yksityis#kohta
yksityiskoneilla	NOUN	yksityis#kone
yksityislääkärin	NOUN	yksityis#lääkäri
yksityistalouden	NOUN	yksityis#talous
yksityisten	ADJ	yksityinen
yksityistämiseen	NOUN	yksityistäminen
yksityisyyden	NOUN	yksityisyys
yksityisyyteen	NOUN	yksityisyys
yksiöiden	NOUN	yksiö
yksiön	NOUN	yksiö
yksiönsä	NOUN	yksiö
yle-maksuksi	NOUN	YLE#maksu
yle:n	PROPN	YLE
yleensäkin	ADV	yleensä
yleiseen	ADJ	yleinen
yleisen	ADJ	yleinen
yleisenä	ADJ	yleinen
yleisessä	ADJ	yleinen
yleisestä	ADJ	yleinen
yleiseurooppalaiset	ADJ	yleis#eurooppalainen
yleisimmin	ADV	yleisesti
yleisimmästä	ADJ	yleinen
yleisimpänä	ADJ	yleinen
yleisin	ADJ	yleinen
yleisintä	ADJ	yleinen
yleisiä	ADJ	yleinen
yleiskatsauksen	NOUN	yleis#katsaus
yleiskokoukseen	NOUN	yleis#kokous
yleiskokouksessa	NOUN	yleis#kokous
yleiskorotuksella	NOUN	yleis#korotus
yleiskustannusten	NOUN	yleis#kustannus
yleiskuvan	NOUN	yleis#kuva
yleispätevää	ADJ	yleis#pätevä
yleisradiolle	NOUN	yleis#radio
yleisradion	NOUN	yleis#radio
yleisradion	PROPN	Yleis#radio
yleisradioyhtiön	NOUN	yleis#radio#yhtiö
yleissopimukseen	NOUN	yleis#sopimus
yleissopimuksella	NOUN	yleis#sopimus
yleissopimuksen	NOUN	yleis#sopimus
yleissopimuksessa	NOUN	yleis#sopimus
yleissopimuksesta	NOUN	yleis#sopimus
yleissopimuksiin	NOUN	yleis#sopimus
yleissopimusta	NOUN	yleis#sopimus
yleissopimusten	NOUN	yleis#sopimus
yleistavoitteemme	NOUN	yleis#tavoite
yleisten	ADJ	yleinen
yleistymisestä	NOUN	yleistyminen
yleistynyt	VERB	yleistyä
yleistyttyä	VERB	yleistyä
yleistyvät	VERB	yleistyä
yleistä	ADJ	yleinen
yleisyydestä	NOUN	yleisyys
yleisölle	NOUN	yleisö
yleisöllekin	NOUN	yleisö
yleisöltä	NOUN	yleisö
yleisön	NOUN	yleisö
yleisössä	NOUN	yleisö
yleisöstä	NOUN	yleisö
yleisöä	NOUN	yleisö
yleisöäänestyksellä	NOUN	yleisö#äänestys
ylelle	PROPN	Yle
ylemmistä	ADJ	ylempi
ylemmyydentuntoisena	ADJ	ylemmyyden#tuntoinen
ylemmän	ADJ	ylempi
ylemmästä	ADJ	ylempi
ylempään	ADJ	ylempi
ylen	PROPN	YLE
ylenkatsomista	NOUN	ylenkatsominen
ylennettiin	VERB	ylentää
ylettäisi	VERB	ylettää
yletyn	VERB	ylettyä
ylex:n	PROPN	YleX
ylhäisestä	ADJ	ylhäinen
yli-iin	PROPN	Yli-Ii
yli-jokipii	PROPN	Yli#Jokipii
yliajon	NOUN	yli#ajo
ylibyrokratialla	NOUN	yli#byrokratia
ylikansoituksen	NOUN	yli#kansoitus
ylikiimingin	PROPN	Ylikiiminki
ylikin	ADV	yli
ylikorostamisella	NOUN	yli#korostaminen
ylikulkutunnelin	NOUN	yli#kulku#tunneli
ylikäyttöä	NOUN	yli#käyttö
yliluonnolliseen	ADJ	yli#luonnollinen
yliluonnolliselta	ADJ	yli#luonnollinen
yliluonnollisen	ADJ	yli#luonnollinen
yliluonnolliset	ADJ	yli#luonnollinen
yliluonnollisia	ADJ	yli#luonnollinen
yliluonnollisista	ADJ	yli#luonnollinen
yliluonnollisten	ADJ	yli#luonnollinen
ylilääkärin	NOUN	yli#lääkäri
ylimielistä	ADJ	yli#mielinen
ylimielisyydestä	NOUN	yli#mielisyys
ylimielisyyteen	NOUN	yli#mielisyys
ylimmällä	ADJ	ylin
ylimmänkin	ADJ	ylin
ylimmässä	ADJ	ylin
ylimpien	ADJ	ylin
ylimpiin	ADJ	ylin
ylimpään	ADJ	ylin
ylimyksenä	NOUN	ylimys
ylimääräiseksi	ADJ	yli#määräinen
ylimääräisen	ADJ	yli#määräinen
ylimääräisenä	ADJ	yli#määräinen
ylimääräiset	ADJ	yli#määräinen
ylimääräisiä	ADJ	yli#määräinen
ylimääräistä	ADJ	yli#määräinen
yliopettajana	NOUN	yli#opettaja
yliopisto-opiskelun	NOUN	yli#opisto#opiskelu
yliopistoa	NOUN	yli#opisto
yliopistoihin	NOUN	yli#opisto
yliopistoille	NOUN	yli#opisto
yliopistoissa	NOUN	yli#opisto
yliopistojen	NOUN	yli#opisto
yliopistolain	NOUN	yli#opisto#laki
yliopistolaista	NOUN	yli#opistolainen
yliopistolla	NOUN	yli#opisto
yliopistolle	NOUN	yli#opisto
yliopistolleen	NOUN	yli#opisto
yliopistolta	NOUN	yli#opisto
yliopiston	NOUN	yli#opisto
yliopistonmäellä	PROPN	Yliopistonmäki
yliopistonmäen	PROPN	Yliopistonmäki
yliopistoon	NOUN	yli#opisto
yliopistosarjaa	NOUN	yli#opisto#sarja
yliopistoseuran	NOUN	yli#opisto#seura
yliopistossa	NOUN	yli#opisto
yliopistosta	NOUN	yli#opisto
yliopistosäätiön	NOUN	yli#opisto#säätiö
yliopistot	NOUN	yli#opisto
yliopistouudistuksen	NOUN	yli#opisto#uudistus
ylioppilaaksi	NOUN	yli#oppilas
ylioppilaiden	NOUN	yli#oppilas
ylioppilaskirjoituksissa	NOUN	yli#oppilas#kirjoitukset
ylioppilaskokeisiin	NOUN	yli#oppilas#koe
ylioppilaskokeista	NOUN	yli#oppilas#koe
ylioppilaskokelaita	NOUN	yli#oppilas#kokelas
ylioppilaskunnat	NOUN	yli#oppilas#kunta
ylioppilastalot	PROPN	Ylioppilastalo
ylioppilastutkinnon	NOUN	yli#oppilas#tutkinto
ylipapit	NOUN	yli#pappi
yliperällä	PROPN	Yliperä
ylipitkiltä	ADJ	yli#pitkä
ylipäälliköksi	NOUN	yli#päällikkö
yliseen	NOUN	ylinen
ylisen	NOUN	ylinen
ylisti	VERB	ylistää
ylistä	NOUN	ylinen
ylistäjistä	NOUN	ylistäjä
ylitettiin	VERB	ylittää
ylitetty	VERB	ylittää
ylitettyään	VERB	ylittää
ylitettävänä	VERB	ylittää
ylitsepääsemättömiä	ADJ	ylitse#pääsemätön
ylitsepääsemättömän	ADJ	ylitsepääsemätön
ylitti	VERB	ylittää
ylittyisi	VERB	ylittyä
ylittämään	VERB	ylittää
ylittänyt	VERB	ylittää
ylittäviä	VERB	ylittää
ylittävät	VERB	ylittää
ylittääkö	VERB	ylittää
ylityöt	NOUN	yli#työ
ylityötä	NOUN	yli#työ
ylitä	VERB	ylittää
ylitöissä	NOUN	yli#työ
ylitöistä	NOUN	yli#työ
ylivelkaantumistapauksia	NOUN	yli#velkaantumis#tapaus
ylivoimaiseksi	ADJ	yli#voimainen
ylivoimaisen	ADJ	yli#voimainen
ylleen	ADV	ylle
ylleni	ADV	ylle
yllesi	ADV	ylle
ylläni	ADV	yllä
ylläpidettävä	VERB	ylläpitää
ylläpidossa	NOUN	ylläpito
ylläpitoa	NOUN	ylläpito
ylläpitoon	NOUN	ylläpito
ylläpitäjinään	NOUN	ylläpitäjä
ylläpitäjiä	NOUN	yllä#pitäjä
ylläpitäjän	NOUN	ylläpitäjä
ylläpitäjät	NOUN	yllä#pitäjä
ylläpitämisen	NOUN	yllä#pitäminen
ylläpitämisessä	NOUN	yllä#pitäminen
ylläpitämistä	VERB	ylläpitää
ylläpitämään	VERB	ylläpitää
yllätti	VERB	yllättää
yllättyi	VERB	yllättyä
yllättyivät	VERB	yllättyä
yllättyneenä	VERB	yllättyä
yllättäviä	ADJ	yllättävä
yllättävältä	ADJ	yllättävä
yllättävän	ADJ	yllättävä
yllättävää	ADJ	yllättävä
yllätyksekseni	NOUN	yllätys
yllätykselliset	ADJ	yllätyksellinen
yllätyksen	NOUN	yllätys
yllätyksestä	NOUN	yllätys
yllätykset	NOUN	yllätys
yllätysvierailun	NOUN	yllätys#vierailu
yllään	ADV	yllä
ylpeyttä	NOUN	ylpeys
ylpeän	ADJ	ylpeä
ylsi	VERB	yltää
ylsivät	VERB	yltää
yltäkylläistä	ADJ	yltäkylläinen
yltänyt	VERB	yltää
yltääkseen	VERB	yltää
yltään	ADV	yltä
ylä-lapissa	PROPN	Ylä-Lappi
yläasteella	NOUN	ylä#aste
yläastetta	NOUN	ylä#aste
ylähyllyllekin	NOUN	ylä#hylly
yläjuoksulle	NOUN	ylä#juoksu
yläkerran	NOUN	ylä#kerta
yläkertaan	NOUN	ylä#kerta
yläkulmaan	NOUN	ylä#kulma
ylämäkeä	NOUN	ylä#mäki
yläosassa	NOUN	ylä#osa
yläpuolellamme	ADV	yläpuolella
yläpuolelle	NOUN	ylä#puoli
yläpuoliselle	ADJ	ylä#puolinen
yläpäähän	NOUN	ylä#pää
yläpäässä	NOUN	ylä#pää
yläraajat	NOUN	ylä#raaja
yläriviltä	NOUN	ylä#rivi
ylöjärvelle	PROPN	Ylöjärvi
ylös-	ADV	ylös
ym	ADV	ym.
ym.	CCONJ	ym
ymmärrettäviä	ADJ	ymmärrettävä
ymmärrettävä	VERB	ymmärtää
ymmärrettävää	ADJ	ymmärrettävä
ymmärretään	VERB	ymmärtää
ymmärryksen	NOUN	ymmärrys
ymmärrystään	NOUN	ymmärrys
ymmärrä	VERB	ymmärtää
ymmärrän	VERB	ymmärtää
ymmärrätkö	VERB	ymmärtää
ymmärsi	VERB	ymmärtää
ymmärsin	VERB	ymmärtää
ymmärsivät	VERB	ymmärtää
ymmärtäisi	VERB	ymmärtää
ymmärtämisestä	NOUN	ymmärtäminen
ymmärtämistä	NOUN	ymmärtäminen
ymmärtämään	VERB	ymmärtää
ymmärtäneet	VERB	ymmärtää
ymmärtänevät	VERB	ymmärtää
ymmärtänyt	VERB	ymmärtää
ymmärtävän	VERB	ymmärtää
ymmärtävät	VERB	ymmärtää
ympyrän	NOUN	ympyrä
ympyrästä	NOUN	ympyrä
ympyrää	NOUN	ympyrä
ympäriajoissa	NOUN	ympäri#ajo
ympäriajossa	NOUN	ympäri#ajo
ympärilleen	ADP	ympärille
ympärilleen	ADV	ympärille
ympärillemme	ADV	ympärille
ympärilleni	ADV	ympärille
ympärillään	ADP	ympärillä
ympärillään	ADV	ympärillä
ympäristö-	NOUN	ympäristö
ympäristöistä	NOUN	ympäristö
ympäristöjärjestöt	NOUN	ympäristö#järjestö
ympäristökysymyksiin	NOUN	ympäristö#kysymys
ympäristölainsäädännön	NOUN	ympäristö#lain#säädäntö
ympäristölainsäädäntöä	NOUN	ympäristö#lain#säädäntö
ympäristöministeriössä	NOUN	ympäristö#ministeriö
ympäristömme	NOUN	ympäristö
ympäristön	NOUN	ympäristö
ympäristönsuojelun	NOUN	ympäristön#suojelu
ympäristönsuojeluvirastoon	NOUN	ympäristön#suojelu#virasto
ympäristönäkökohdan	NOUN	ympäristö#näkö#kohta
ympäristönäkökohtien	NOUN	ympäristö#näkö#kohta
ympäristöoloihin	NOUN	ympäristö#olo
ympäristöpoliittisia	ADJ	ympäristö#poliittinen
ympäristöpoliittisilla	ADJ	ympäristö#poliittinen
ympäristöpolitiikassa	NOUN	ympäristö#politiikka
ympäristörikoksiin	NOUN	ympäristö#rikos
ympäristörikollisuuden	NOUN	ympäristö#rikollisuus
ympäristössä	NOUN	ympäristö
ympäristötoimien	NOUN	ympäristö#toimi
ympäristövaatimuksiin	NOUN	ympäristö#vaatimus
ympäristöviranomaiset	NOUN	ympäristö#viran#omainen
ympäristöä	NOUN	ympäristö
ympäristöäni	NOUN	ympäristö
ympäristöönsä	NOUN	ympäristö
ympäryskunnat	NOUN	ympärys#kunta
ympäröityy	VERB	ympäröityä
ympäröivän	VERB	ympäröidä
ympäröivästä	ADJ	ympäröivä
yms	ADV	yms.
ynnäili	VERB	ynnäillä
yo-merkonomi	NOUN	yo#merkonomi
yo.	NOUN	yli#oppilas
yorken	PROPN	Yorke
yorkerissa	PROPN	Yorker
yorket	PROPN	York
yorkin	PROPN	York
yorkissa	PROPN	York
yorkshiressa	PROPN	Yorkshire
youngin	PROPN	young
youtube-sivustolla	NOUN	YouTube#sivusto
youtube-tunnus	NOUN	YouTube#tunnus
youtubessa	PROPN	Youtube
youtubesta	PROPN	Youtube
ypykkävaaran	PROPN	Ypykkävaara
yritetty	VERB	yrittää
yritettäisiin	VERB	yrittää
yritetään	VERB	yrittää
yritimme	VERB	yrittää
yritin	VERB	yrittää
yritti	VERB	yrittää
yrittivät	VERB	yrittää
yrittäen	VERB	yrittää
yrittäisi	VERB	yrittää
yrittäisikin	VERB	yrittää
yrittäjyydelle	NOUN	yrittäjyys
yrittäjyyden	NOUN	yrittäjyys
yrittäjyyteen	NOUN	yrittäjyys
yrittäjyyttä	NOUN	yrittäjyys
yrittäjä-	NOUN	yrittäjä
yrittäjät	NOUN	yrittäjä
yrittämättä	VERB	yrittää
yrittäneen	VERB	yrittää
yrittäneet	VERB	yrittää
yrittänyt	VERB	yrittää
yrittävän	VERB	yrittää
yrittävät	VERB	yrittää
yrittävätkö	VERB	yrittää
yritykselle	NOUN	yritys
yrityksen	NOUN	yritys
yrityksestä	NOUN	yritys
yritykset	NOUN	yritys
yrityksien	NOUN	yritys
yrityksiin	NOUN	yritys
yrityksille	NOUN	yritys
yrityksillä	NOUN	yritys
yrityksissä	NOUN	yritys
yrityksistä	NOUN	yritys
yrityksiä	NOUN	yritys
yrityksiämme	NOUN	yritys
yritysjuristia	NOUN	yritys#juristi
yrityskaupan	NOUN	yritys#kauppa
yrityskaupassa	NOUN	yritys#kauppa
yrityskaupoissa	NOUN	yritys#kauppa
yrityskauppaa	NOUN	yritys#kauppa
yritysmaailmaa	NOUN	yritys#maailma
yritysten	NOUN	yritys
yritystoiminnan	NOUN	yritys#toiminta
yritystä	NOUN	yritys
yritysvaltaajana	NOUN	yritys#valtaaja
yritä	VERB	yrittää
yritämme	VERB	yrittää
yritän	VERB	yrittää
yritänkin	VERB	yrittää
yrität	VERB	yrittää
yrttisuolalla	NOUN	yrtti#suola
yskäissyt	VERB	yskäistä
ystävien	NOUN	ystävä
ystäviensä	NOUN	ystävä
ystäville	NOUN	ystävä
ystävillä	NOUN	ystävä
ystäviltä	NOUN	ystävä
ystävineen	NOUN	ystävä
ystävistäni	NOUN	ystävä
ystäviä	NOUN	ystävä
ystäviään	NOUN	ystävä
ystävyyskaupunkiin	NOUN	ystävyys#kaupunki
ystäväkseni	NOUN	ystävä
ystäväksi	NOUN	ystävä
ystävällisessä	ADJ	ystävällinen
ystävällismielisiä	ADJ	ystävällis#mielinen
ystävämme	NOUN	ystävä
ystävän	NOUN	ystävä
ystäväni	NOUN	ystävä
ystävänsä	NOUN	ystävä
ystävänään	NOUN	ystävä
ystäväsikin	NOUN	ystävä
ystävästä	NOUN	ystävä
ystävät	NOUN	ystävä
ystävää	NOUN	ystävä
ystäväänsä	NOUN	ystävä
ytimen	NOUN	ydin
ytimenä	NOUN	ydin
ytimessä	NOUN	ydin
ytimestä	NOUN	ydin
ytimiin	NOUN	ydin
yuussa-vongien	PROPN	Yuussa-Vong
yvelinesin	PROPN	Yvelines
yöelämäkin	NOUN	yö#elämä
yöelämän	NOUN	yö#elämä
yöelämään	NOUN	yö#elämä
yökerhoissa	NOUN	yö#kerho
yökoristurnauksen	NOUN	yö#koris#turnaus
yöksi	NOUN	yö
yökyläreissulla	NOUN	yö#kylä#reissu
yökylään	NOUN	yö#kylä
yöllä	NOUN	yö
yömyöhään	NOUN	yö#myöhä
yön	NOUN	yö
yönä	NOUN	yö
yöpakkasesta	NOUN	yö#pakkanen
yöpuvussa	NOUN	yö#puku
yöpymissuojat	NOUN	yöpymis#suoja
yöpyneiden	VERB	yöpyä
yöpöydän	NOUN	yö#pöytä
yösijan	NOUN	yö#sija
yösijoille	NOUN	yö#sija
yössä	NOUN	yö
yöstä	NOUN	yö
yöt	NOUN	yö
yötauolle	NOUN	yö#tauko
yöttömän	ADJ	yötön
yötunneille	NOUN	yö#tunti
yötä	NOUN	yö
yöunien	NOUN	yö#uni
yövytään	VERB	yöpyä
zagatin	PROPN	Zagat
zagrebin	PROPN	Zagreb
zagrebissa	PROPN	Zagreb
zarasta	PROPN	Zara
zarathustralaisuuden	NOUN	zarahustralaisuus
zemgalen	PROPN	Zemgal
zenawille	PROPN	Zenawi
zydecoa	PROPN	zydeco
°c:ssa	NOUN	°C
°c:ta	SYM	°C
´	X	_
äetsa	PROPN	Äetsä
äetsän	PROPN	Äetsä
ähkäisi	VERB	ähkäistä
äideiltä	NOUN	äiti
äidilleni	NOUN	äiti
äidillä	NOUN	äiti
äidin	NOUN	äiti
äidinkielensä	NOUN	äidin#kieli
äidinkielenään	NOUN	äidin#kieli
äidinkielestä	NOUN	äidin#kieli
äidistä	NOUN	äiti
äidistäsi	NOUN	äiti
äidit	NOUN	äiti
äipälle	NOUN	äippä
äiti-	NOUN	äiti
äitien	NOUN	äiti
äitikin	NOUN	äiti
äitiliskoa	NOUN	äiti#lisko
äitini	NOUN	äiti
äitinsä	NOUN	äiti
äitinsäkään	NOUN	äiti
äitinä	NOUN	äiti
äitiä	NOUN	äiti
äitiäni	NOUN	äiti
äityi	VERB	äityä
äkillisestä	ADJ	äkillinen
äkillistä	ADJ	äkillinen
äkkimakeaa	ADJ	äkki#makea
äkkirikastumisesta	NOUN	äkki#rikastua
äksänä	NOUN	äksä
äkt:n	PROPN	ÄKT
älkää	AUX	ei
älkää	VERB	ei
älkäähän	VERB	ei
älkäämme	AUX	ei
älköön	AUX	ei
älyautojen	NOUN	äly#auto
älykkyyden	NOUN	älykkyys
älykkäämmäksi	ADJ	älykäs
älylliset	ADJ	älyllinen
älymystönaisia	NOUN	älymystö#nainen
älymystönaisten	NOUN	älymystö#nainen
älypuhelimia	NOUN	äly#puhelin
älypuhelimissa	NOUN	äly#puhelin
älypuhelinmarkkinoiden	NOUN	äly#puhelin#markkinat
älypuhelinmarkkinoilla	NOUN	äly#puhelin#markkinat
älypuhelinta	NOUN	äly#puhelin
älypuhelinten	NOUN	äly#puhelin
älypuhelintensa	NOUN	äly#puhelin
älypuhelinvalmistajaksi	NOUN	äly#puhelin#valmistaja
älytavaroideni	NOUN	äly#tavara
älytavaroita	NOUN	äly#tavara
älytöntä	ADJ	älytön
älyvapaavyöhykkeelle	NOUN	äly#vapaa#vyöhyke
älä	AUX	ei
älä	VERB	ei
ämmäkosken	PROPN	Ämmäkoski
ärsyttämään	VERB	ärsyttää
ärsyttävämpää	ADJ	ärsyttävä
ärsyttävän	ADJ	ärsyttävä
ärsyttääkin	VERB	ärsyttää
ärsytä	VERB	ärsyttää
ärsyyntyy	VERB	ärsyyntyä
ärtsymmästä	ADJ	ärtsy
ärähti	VERB	ärähtää
ääkkösiä	NOUN	ääkkönen
ääneen	NOUN	ääni
äänekoskella	PROPN	Äänekoski
äänen	NOUN	ääni
äänensä	NOUN	ääni
äänestettiin	VERB	äänestää
äänesti	VERB	äänestää
äänestin	VERB	äänestää
äänestivät	VERB	äänestää
äänestyksellä	NOUN	äänestys
äänestyksen	NOUN	äänestys
äänestyksiin	NOUN	äänestys
äänestyksissä	NOUN	äänestys
äänestyksiä	NOUN	äänestys
äänestysaktiivisuuden	NOUN	äänestys#aktiivisuus
äänestysintoa	NOUN	äänestys#into
äänestysjärjestelmän	NOUN	äänestys#järjestelmä
äänestyskoneella	NOUN	äänestys#kone
äänestyslipukkeella	NOUN	äänestys#lipuke
äänestystulokseen	NOUN	äänestys#tulos
äänestystä	NOUN	äänestys
äänestä	NOUN	ääni
äänestäjien	NOUN	äänestäjä
äänestäjillemme	NOUN	äänestäjä
äänestäjiä	NOUN	äänestäjä
äänestäjällemme	NOUN	äänestäjä
äänestäjät	NOUN	äänestäjä
äänestämistä	NOUN	äänestäminen
äänestämme	VERB	äänestää
äänestämässä	VERB	äänestää
äänestämästä	VERB	äänestää
äänestämättä	VERB	äänestää
äänestämään	VERB	äänestää
äänestän	VERB	äänestää
äänestäneet	VERB	äänestää
äänestävänsä	VERB	äänestää
äänestääkö	VERB	äänestää
äänet	NOUN	ääni
äänettömiä	ADJ	äänetön
ääniin	NOUN	ääni
äänikynnyksen	NOUN	ääni#kynnys
äänillä	NOUN	ääni
äänin	NOUN	ääni
äänioikeuden	NOUN	ääni#oikeus
äänioikeutettua	NOUN	ääni#oikeutettu
äänioikeutta	NOUN	ääni#oikeus
äänipotin	NOUN	ääni#potti
äänistä	NOUN	ääni
äänitettiin	VERB	äänittää
ääniä	NOUN	ääni
äänteiden	NOUN	äänne
ääntenlaskuvaiheessa	NOUN	äänten#lasku#vaihe
ääntyy	VERB	ääntyä
ääntä	NOUN	ääni
äärelle	NOUN	ääri
äärettömyydestä	NOUN	äärettömyys
äärettömän	ADJ	ääretön
äärimmäisen	ADJ	äärimmäinen
äärioikeistolaisen	ADJ	ääri#oikeistolainen
äärioikeistolaisia	ADJ	ääri#oikeistolainen
ääripään	NOUN	ääri#pää
äärivasemmistolaiset	NOUN	ääri#vasemmistolainen
ääriänkyrät	NOUN	ääri#änkyrä
åas:n	PROPN	ÅAS
åkebyn	PROPN	Åkeby
åkermanin	PROPN	Åkerman
ödeshögin	PROPN	Ödeshög
öihin	NOUN	yö
öiksi	NOUN	yö
öinä	NOUN	yö
öisille	ADJ	öinen
öisiä	ADJ	öinen
öistä	NOUN	yö
öitä	NOUN	yö
öljy-	NOUN	öljy
öljy-yhtiön	NOUN	öljy#yhtiö
öljykriisin	NOUN	öljy#kriisi
öljymäistä	ADJ	öljymäinen
öljyn	NOUN	öljy
öljynjalostaja	NOUN	öljy#jalostaja
öljynjalostamoja	NOUN	öljyn#jalostamo
öljyssä	NOUN	öljy
öljyteollisuuden	NOUN	öljy#teollisuus
öljyä	NOUN	öljy
örkkejä	NOUN	örkki
šiiavähemmistöön	NOUN	šiia#vähemmistö
šureq-vokaali	NOUN	Šureq#vokaali
ё-kirjain	NOUN	ё#kirjain
ḥōlem-vokaalin	NOUN	ḥōlem#vokaali
–arvot	NOUN	#arvo
–asemalla	NOUN	asema
–hankkeen	NOUN	hanke
–katse	NOUN	katse
–katseen	NOUN	katse
–katsetta	NOUN	katse
–mitalin	NOUN	#mitali
–periaatteella	NOUN	#periaate
–purkkia	NOUN	#purkki
–täppä	NOUN	täppä
–vastaanottajana	NOUN	vastaanottaja
